SL.No,Ass.No,Subject,Author,Material,Script,Size,No.Folios,Sub,No. of lines in Pages,No.of letter per line ,Extent,Condition,Additional In fo
1,1,"???????
r?m?ya?a?",Valmiki,PL,N.Na,51x5,271,Itihasa,14,121,Inc,G,"Begining From : Uttara, Ayodhya, "
2,1,"?????? ??????
?gv?da sa?hit?",,P,D,21.5x10,1 To 84,Samhita,8,32,Inc,G ,"Saka 1718, Year 1797 Anala Sam Gresma Rtu, Jesta suto15 induvara scribe: Kakan Kasa"
3,2,"?????? ??????
?gv?da sa?hit?",,P,D,20x11,1 To 219,Samhita,10,21,Inc,G ,"I, II, V Astaka"
4,2/3,"????? ??????
v?san? bh??ya?",Nrsimha,PL,N. Na,48x6,96 To 220,Jautisha,11,92,C,OD,
5,3,"???????
r?m?ya?a?",Nrsimha,PL,N.Na,53x5,1 To 255,Itihasa,14,112,Inc.,G ,Balakanda to Yuddha kanda 
6,3,"?????? ??????
?gv?da sa?hit?",,P,D,20x 9.5,1 To 105,Samhita,9,27,Inc.,Go,III Astaka
7,4,"???????
r?m?ya?a?",,PL,N.Na,49x6,11 To 218,Itihasa,9,96,Inc.,OD,Bala to Aranya kanda
8,4,"?????? ??????
?gv?da sa?hit?",,P,D,21x10,1 To 77,Samhita,11,33,Inc.,OD,IV Astaka
9,5,"???????
r?m?ya?a?",,PL,N.Na,50x6,1 To 323,Itihasa,11,84,Inc.,G,Bala to Yuddha kanda
10,5,"?????? ??????
?gv?da sa?hit?",,P,D,21 x 11,1 To 94,Samhita,10,30,Inc.,G,"VII Astaka, Saka to 1803, year 1882 varsa sam, Palguna sukla, Soumyavara, scribe : Sadasiva"
11,6,"?????? ??????
?gv?da sa?hit?",,P,D,21x10,14 To 315,Samhita,11,25,Inc.,ODW,"I, VI, VIII Astaka Saka to 1772 to year to 1851 Sadarana sam, Asada Krishna Astami, scribe : Krishna Kakatkar"
12,6/1,"?????? ??????
kapardi k?rik?",???????,PL,N.Na,43x3.5,1 To 175, G- Prayoga   ,6,63,C,G,
13,7,"???? ??????????
k??i m?h?tmya?",???????,PL,N.Na,53x6,53 To 297,Purana,10,110,Inc.,OD,Many Folios Missing 
14,7,"????? ?????????
k???a yajusa?hit?",,P,D,30x10.5,1 To 289,Samhita,13,52,C,ODW,"Saka 1674 to 1753 Angirasa sam Sravana Masa, Scribe : Krishna "
15,8,"??????? ??????????
h?l?sya m?h?tmya?",,PL,N.Na,46x6,1 To 151,Purana,9,70,C,G,From : Skanda Purana
16,8,"???????????????
n?mali?g?nu??sana?",Mahesvara,P,D,34x11,1 To 261,Nighantu,11,65,C,G,"Saka 1804, Year 1882, Citra Banusam, "
17,9,"????? ?????????
k???a yajusa?hit?",,P,D,23.5x 11,1 To 631,Samhita,8,32,C,OD,"Saka 1848toyear 1927 Ksyasam, Scribe: Viswanatha Diksita"
18,9,"?????????? ???????
da?ap?r?am?sa pray?ga?",,PL,N.Na,34x6,120Folios,shrouta- G- Prayoga   ,10,60,Inc.,OD,"Bodhayanasakha No. of. Folios, Subjects Missing"
19,10,"???????
r?m?ya?a?",,PL,N.Na,48x5,1 To 327,Itihasa,12,95,Inc.,G,""""
20,10,"????????????????
taittiriy?ra?yaka?",,P,D,20.5x10,1 To 99,aranyaka,9,25,C,G,"Sakato1705 to 1784 Sobansam Palguna Su to 3, Induvara "
21,11,"???????
r?m?ya?a?",,PL,N.Na,51x5,1 To 55,Itihasa,9,102,Inc.,G,
22,11,"????????????????
taittiriy?ra?yaka?",,P,D,21x11,1 To 143,aranyaka,10,27,C,G,"Sakato1834, 1913 Paridhavi sam, Scribe : Harihara"
23,12,"??? ????????
y?ga ratn?va?i",Srikanta Shiva ,PL,N.Na,49x5,1 To 59,Vaidya,8,96,Inc.,OD,
24,12,"????????????????
taittiriy?ra?yaka?",,P,D,21x11,95 To 105,aranyaka,11,35,Inc.,O,
25,13,"????????? ????????
taittir?ya br?hma?a",,P,D,21x10,1 To 355,Brahmana,10,30,C,OD,"Saka 1717 to 1796 Raksa sam Sravana Su, Purnima Guruvara "
26,13/1,"????????? ????
karmavip?ka ratna",Kamalakara Bhatta,PL,N.Na,49x5 ,105 To 114,Vaidya,9,95,Inc.,G,
27,13/2,"????????? ???????
?ivatattva ratn?kara",Keladi Basava ,PL,N. Na,49x5,14 To 280,Veerashaiva,9,95,Inc.,G,
28,14,"????? ?????????
k???a yajusa?hit?",,P,D,21x10,1 To 465,Samhita,11,33,C,G,"Saka 1722to1801 Raudrisam, Marga, "
29,14/1,"????????? ????
karmavip?ka ratna",,PL,N.Na,49x5,1 To 114,Vaidya,9,80,C,G ,"Begining From, Anukramanika"
30,14/2,"???????? ????? ????
h?m?dri vrata? k???a",,PL,N.Na,49x5,1 To 60, G- Prayoga   ,9,80,Inc.,O,
31,15,"???? ????? ????
m?dhava vijaya? ??k?",Visvapati Thrtha,""" ",N.Na,35x6, To ,Kavya,11,63,Inc.,G,
32,15,"????????? ????????
taittir?ya br?hma?a",,P,D,21x10,1 To 206,Brahmana,9,20,C,G,"Sakato1753, 1832 Khara sam Adika Vaisaka Sukla to 3 Bhargavara, Scribe : Ganesha"
33,16,"?????????
gurucarita?",-,P,D,21x10,1 To 477,Purana,9,30,C ,G,"Saka - 1788, Year : 1867, ksya sam, "
34,16/1,"?????? ?????
nir?aya si?dhu",?????? ????,PL,N.Na,49x5,1 To 222, G- Prayoga   ,7,94,C,G,
35,16/2,"????? ????? ??????
g?tra pravara nir?aya",,PL,N.Na,49x5,223 To 228, G- Prayoga   ,7,94,C,G,
36,17,"??????? ????????
mah?bh?rata vy?khy?",,PL,N.Na,65x6,104 To 217,Itihasa,10,112,Inc,ODW,Santiparva
37,17,"?????? ??????
?gv?da sa?hit?",,P,""" ", 22x10.5,3 To 62,Samhita,11,27,Inc,OD,
38,18,"?????? ??????
?gv?da sa?hit?",,P,""" ",21.5x 10,1 To 329,Samhita,1,32,Inc,G,
39,18/1,"?????????? ???
muku?d?na?da b??a",Kasipati,PL,N.Na,42x4,1 To 38,Nataka,7,63,C,O,
40,18/2,"??????????? ??????
j?vanmukti kaly??a",Malldhvari,PL,N.Na,42x4,1 To 25,Nataka,7,63,Inc.,OD,
41,19,"???????
r?m?ya?a?",Malldhvari,PL,N.Na,52x6,22,Itihasa,11,102,Inc.,OD,
42,19,"?????????? ??????
puru?as?kta bh??ya?",,P,D,20.5x11,1 To 9,Veda - Mantra,10,28,C,DW,"Saka 1799. Year to 1878, Esawara sam, Asvija suklatryodasi, Mandavara, Scribe : Sadasiva"
43,20,"????? (?)
padag??a (?)",,P,D,21x11,1 To 18,Veda - Mantra,13,30,C,G,
44,20/1,"??????
dh?tupatha",panini,PL,N.Na,47x5,1 To 7,Vyakarana,10,110,Inc.,O,
45,20/2,"??????????????? ????????
n?mali?g?nu??sana? vy?khy?",,PL,N.Na,49x5,1 To 19,Nighantu,9,80,Inc.,O,
46,20/3,"?????? ????????
raghuva??a vy?khy?",Mallinatha,PL,N.Na,49x5,35 To 42,Kavya,11,88,Inc.,O,
47,20/4,"????????? ????????
?i?up?lavadha vy?khy?",Mallinatha,PL,N.Na,49x5,128 To 165,Kavya,11,88,Inc.,O,
48,20/5,"????????? ??????????
ve?ka?agiri m?h?tmya?",Mallinatha,PL,N.Na,49x5,1 To 16,Purana,9,98,Inc.,OD,
49,21,"????? ??????? ??????
bh?gavata bh?v?rtha d?pik?",Sridhara,PL,N.Na,60x6,38,Purana,10,110,Inc.,O ,"XI, XII Skanda"
50,21,"????? ?????????
k???a yajusa?hit?",,P,“,23x10.5,1 To 407,Samhita,9,30,Inc.,G,"Saka 1834to1913 Paridhavisam, Chaitra sukla 7 chandravara"
51,22,"?????? ??????
?gv?da sa?hit?",,P,D,21x11,1 To 96,Samhita,10,22,Inc.,G,
52,22/1,"??????? ??????
?r?pati paddhati",,PL,N. Na,44x5,45 To 67,Jautisha,9,75,Inc. ,O,
53,22/2,"?????????????
bh?rhyaspatya",Brahaspati,PL,N. Na,44x5,68 To 91,Jautisha,9,75,Inc.,O,
54,22/3,"????? ????????
s?rya siddh??ta",Bhaskaracarya,PL,N. Na,44x5,94 To 107,Jautisha,15,122,Inc.,OD,
55,22/4,"?? ?????
nara cakra?",,PL,N. Na,44x5,108 To 113,Jautisha,9,70,Inc. ,OD,
56,22/5,"??????
t?r?bala",,PL,N. Na,44x5,114 To 117,Jautisha,12,106,C ,O,
57,22/6,"????????? ?????
sa?kr??ti lak?a?a",,PL,N. Na.,44x5,118 To 144,Jautisha,10,95,Inc.,O,
58,23,"?????? ????? ????????
?gv?da s?kta vy?khy?",,P,D,22x11,1 To 96,Samhita,10,35,C ,G,
59,23,"???????????? ?????
pr?yas?yitta vidhi?",,PL,N.Na.,34x5,48 To , G- Prayoga   ,7,60,Inc.,OD,
60,24,"??????? ???????
saubh?gya ratn?kara",Vidyanandanatha,PL,N.Na,26x5,8 To 89,Tantra Mantragama,10,56,Inc.,OD,
61,24,"????????? ???????
sth?l?p?ka pray?ga?",,P,D,19.5x10.5,1 To 6, G- Prayoga   ,12,26,C,G,"Saka 1759, Year 1838, Hemalambisam, Asada Bhahula to 7, Induvara, Scribe : Ananta"
62,25,"??????? ?????
rath?tsava vidhi?",,PL,N. Na,33x3.5,1 To 93,Shaivagama,8,53,Inc.,OD,
63,25/1,"???????? ?????? ????????
siddh??ta kaumudi vy?khy?",Bhattojidiksita,P,D ,26.5x11.5,1 To 138,Vyakarana,9,30,Inc.,GO,
64,25/2,"?????? ???? ?????
brahma yajña vidhi?",,P,D,26.5x11.5,1 To 2, G- Prayoga   ,9,30,C,G,
65,25/3,"???????????????
n?mali?g?nu??sana?",Bhattojidiksita Sisaya,P,D,26.5x11.5,1 To 50,Nighantu,9,30,Inc.,ODW,
66,25/4,"???????
?ivag?t?",Bhattojidiksita Sisaya,P,D,26.5x11.5,1 To 5,Gita,9,30,C ,G,From : Padma Purana 
67,25/5,"??????? ?????????? ?????
vaiy?kara?a paribh????du ??khara?",Nagesabhatta,P,D ,26.5x11.5,30 To 45,Vyakarana,9,30,Inc.,DW,
68,26,"????????? ??????
naimittika karma?i",Desikendra,PL,N. Na,33x4,60Folios,Tantra Mantragama,8,64,Inc.,ODW,
69,26,"????? ?????????
k???a yajusa?hit?",,P,D,25x10.5,1 To 480,Samhita,12,38,C,G,"Saka 1674 to1753, Angirasasam Jestasudha to 5 Titi, Scribe : Lallopa "
70,27,"???????????
a???dhy?yi",Panini,P,D,24x10,1 To 46,Vyakarana,9,38,C ,G,"Saka - 1679, Year - 1758, Isvara sam, "
71,27/1,"???????? ???????
sub?dhini sam?khy?",??????,PL,N.Na,25x5,1 To 83, G- Prayoga   ,9,42,Inc.,OD,
72,27/2,"??????? ???????
saubh?gya ratn?kara",??????,PL,N.Na,25x5,5 To 31,Tantra Mantragama,10,54,Inc.,OD,III to IX Stranza
73,28,"????????
?iv?tsava",,PL,N. Na,33x5,1 To 100,Shaivagama,10,63,Inc.,OD,
74,28/1,"??????
dh?tupatha",,P,D,25.5x10,1 To 16,Vyakarana,10,40,C,G,"Saka - 1681, Year - Pramatisam "
75,28/2,"????????
u??dip??ha",,P,D,25.5x10,1 To 6,Vyakarana,10,40,C ,G,"Saka - 1731, Year - 1810, Sukla Sam, "
76,29,"???????
r?m?ya?a?",,PL,N.Na,42x5,11 To 133,Itihasa,12,130,Inc.,OD,Kiskinda - Aranyakanda 
77,29,"????? ????????
ga?apati sahasran?ma",,P,D,21.5x10.5,1 To 11,Stotra,13,28,C,G,
78,30,"??? ????? ??????
k?la vidh?na paddhati",Trivikramacarya,PL,N.Na,21x5,1 To 19,Jautisha,9,34,C,G,
79,30,"?????? ??????
?gv?da sa?hit?",,P,D,20 x10.5,1 To 102,Samhita,8,25,C,W,I Astaka
80,31,"??????????? ???
sm?ty?rtha s?ra",,PL,N.Na,15x5,1 To 57,Smriti,9,38,Inc.,ODW,
81,31,"????????? ????????
b?hajj?taka vy?khy?",,P,D,21x10,1 To 201,Jautisha,11,27,C,G,"Saka-1752, Year-1831, Vikriti Sam, "
82,32,"????? ????????
bh?gavata vy?khy?",Yadupati,PL,N.Na,44x4,1 To 125,Purana,9,100,Inc.,OD,II Skanda
83,32,"????????
kapilag?t?",Vyasa,P,D,20.5x10,1 To 4,Gita,10,32,C,OW,
84,33,"?????? ????
c??akya n?ti",Canakya,P,D,22x11,1 To 32,Subhashita,10,28,C ,G,"Saka - 1785, Year - 1864, Rudirodgari "
85,33/1,"?????? ??????????
r?m?ya?a m?h?tmya?",,PL,N.Na,33x6,1 To 28,Purana,11,56,C,G,"From : Skanda Purana, Umasamhita "
86,33/2,"???????????????
adhy?tmar?m?ya?a?",,PL,N.Na,33x6,29 To 157,Itihasa,11,50,C ,G,"Saka - 1683, Year - 1762, Vikram sam,"
87,34,"???????? ????? ????? ????????
??val?yana g?hya s?tra pari?i??a",????????,P,D,20.5x11 ,1 To 50,Grahyasutra,10,22,Inc.,O,
88,34,"??? ???????
madana p?rij?ta",??? ???,PL,N.Na,46x5,112 To 231, G- Prayoga   ,9,88,Inc.,OD,
89,35/1,"????????????
s?dhan?nu??h?na",Kapila,P,D,22x11,1 To 3,Yoga,11,30,C,G,From : Skanda Purana 
90,35/1,"??????????? ?????? ????????
brahmas?tra bh??ya? vy?khy?",Kapila,PL,N. Na,34x5,1 To 72,Dvaita,8,62,C,G,
91,35/10,"?????????????????
prapa?cam?tyavanum?na",Ananda Tirtha,PL,N. Na,34x5,One,Dvaita,8,62,Inc.,G,
92,35/11,"??? ?????
kath? lak?a?a",Ananda Tirtha,PL,N. Na,34x5,One,Jautisha,8,62,Inc.,G,
93,35/12,"????????????
tattv?dy?ta",Ananda Tirtha,PL,N. Na,34x5,284 To 288,Dvaita,8,62,Inc.,G,
94,35/13,"???????????? ??????
vi??utattva nir?aya",Ananda Tirtha,PL,N. Na,34x5,288 To 306,Dvaita,8,62,Inc.,G,
95,35/2,"???? ??????
?iv? likhit?",,P,D,22x11,1 To 10,Stotra,11,28,C,G ,
96,35/2,"?? ???????
nakha stuti?",,PL,N. Na,34x5,73 To 154,Dvaita,8,62,Inc.,G,
97,35/3,"????????????
?r?madbh??ya",,PL,N. Na,34x5,240 To 269,Dvaita,8,62,Inc.,G,
98,35/4,"???? ??????
karma nir?aya",Ananda Tirtha,PL,N. Na,34x5,210 To 279,G- Prayoga   ,8,62,Inc.,G,
99,35/5,"?????? ?????
pram??a lak?a?a",Ananda Tirtha,PL,N. Na,34x5 ,279 To 281,Dvaita,8,62,Inc.,G,
100,35/6,"?????? ???????
tattva sa?khy?na",Ananda Tirtha,PL,N. Na,34x5,One,Dvaita,8,62,Inc.,G,
101,35/7,"?????? ?????
tattva viv?ka",Ananda Tirtha,PL,N. Na,34x5,One,Dvaita,8,62,Inc. ,G,
102,35/8,"????? ????
mayav?da kha??ana",Ananda Tirtha,PL,N. Na,34x5,One,Dvaita,8,62,C,G,
103,35/9,"?????????
up?dhikha??ana",Ananda Tirtha,PL,N. Na,34x5,One,Dvaita,8,62,Inc.,G,
104,36/1,"??? ???? ?????
d?va p?j? vidhi?",,PL,N.Na,24x5,1 To 16, pooja,8,42,C ,G,
105,36/1,"???? ???? ????
graha l?ghava ??k?",Visvanatha,P,D,21.5x10.5,2 To 36,Jautisha,13,28,Inc.,G,sake 1761 year 1840 Vikani sam 
106,36/10,"???? ???? ????
na??a j?taka ??k?",,P,D,21.5x10.5,1 To 8,Jautisha,11,32,Inc.,G,"Script- Devanagari, Kannada Language"
107,36/11,"????? ????
a??aka varga",,P,D,20.5x10,1 To 28,,11,32,C,G,
108,36/12,"???? ?????? ????????
j?taka paddhati vy?khy?",Visvanatha,P,D,21.5x10.5 ,1 To 69,Jautisha,11,32,C,G,"Sa-1754, Year-1833, Nandana Sam "
109,36/13,"??????????? ?????
vyatip?t?di lak?a?a",,P,D,21.5x10.5,1 To 6,Jautisha,13,32,Inc.,G,
110,36/14,"?????
mah?patha",,P,D,20.5x10,1 To 5,Jautisha,10,32,C ,G,
111,36/15,"?????? ?????
str? lak?a?a",,P,D, 21.5x10.5,1 To 4,Jautisha,10,27,C,G,
112,36/16,"??????? ????
pra?n? bhairava",,P,D,20.5x10,1 To 9,Jautisha,12,32,Inc.,G,
113,36/17,"???? ??????
graha nir?aya",,P,D,20.5x10,1 To 6,Jautisha,14,38,Inc ,G,
114,36/2,"????? ???? ?????
yamun? p?j? vidhi?",,PL,N.Na,24x5,17 To 21, pooja,8,42,C,G,From : Padmapurana
115,36/2,"???? ??????
j?taka paddhati",Kesava Daivajna,P,D,21.5x10.5,1 To 5,Jautisha,13,28,C,G,Saka: 1754 Year-1833 
116,36/3,"????????? ????
ana?tavrata? kalpa",,PL,N.Na,24x5,22 To 30,Vrata,8,42,C,G,
117,36/3,"??? ???????
s?ra sa?graha?",,P,D,21.5x10.5,1 To 18,Jautisha,13,28,Inc. ,G,
118,36/4,"???? ???????? ???? ???
ana?ta caturda?? vrata kath?",,PL,N.Na,24x5,31 To 36,Vrata-Katha,8,42,C ,G,From : Bhavisottara purana
119,36/4,"??? ???????
bh?va sa?graha?",,P,D,21.5x10.5,1 To 13,Jautisha,13,28,C,G,"Saka-1759, Year-1838, Hemalambi Sam, "
120,36/5,"???? ????????
tithi ci?t?ma?i",,P,D,21.5x10.5,1 To 20,Jautisha,13,28,C,G,
121,36/6,"?????? ????
brahma kalpa",,P,D,21.5x10.5,1 To 6,Jautisha,13,28,C,G,"Saka-1755, Year-1834, Vijaya Sam, "
122,36/7,"???? ???? ????
graha l?ghava ??k?",Pandita Manda Gupta,P,Tu,15.5x20,13.31,Jautisha,22,15,C,G,
123,36/8,"????????? ???????
sa?kr??ti prakara?a?",,P,D,21.5x10.5,1 To 8,Jautisha,11,32,C,G,"Saka-1690, Year-1769, Sarvadhani Sam, "
124,36/9,"??? ???? ????????
laghu tithi ci?t?ma?i",,P,D,21.5x10.5,1 To 35,Jautisha,11,32,Inc.,G,
125,37,"???? ????
graha l?ghava",,P,D,21.5x10.5,1 To 17,Jautisha,14,35,C,GO ,Saka 1629
126,37/1,"??????????? ???????
prat?parudra kaly??i",Vidyanatha,PL,N.Na,33x5,8 To 32,Nataka,9,55,Inc.,ODW,1-4 Ankas
127,37/2,"??????????? ???????
prat?parudra ya??bh??a?a",Vidyanatha,""" ",N.Na,33x5,39 To 145,Alankara,9,55,Inc.,ODW,
128,38,"???????
y?g?va?i",,P,D,20.5x10.5,1 To 12,Jautisha,10,25,C,G,
129,38/1,"??????? ????????
muh?rta ci?t?ma?i",,PL,N. Na,27.5x5,1 To 62,Jautisha,8,47,Inc.,O,
130,38/2,"??????? ?????
muh?rta darpa?a",Vidya Madhava,PL,N. Na,26.5x5 ,1 To 12,Jautisha,8,47,Inc.,O,
131,38/3,"?????? ?????
ari??a navan?ta",Navanita Ratnakavi,PL,TU,26.5x5 ,18 To 23,Shanti,8,47,C,O,
132,38/4,"????? ??????
sa?t?na d?pik?",,PL,N. Na,26.5x5 ,23 To 26 To 1,Jautisha,8,47,C,G,
133,38/5,"?????????
j?takala?k?ra",,PL,TU,26.5x5,27 To 13,Jautisha,8,47,C,GO,
134,38/6,"????? ???
g?c?ra ?la?",,PL,N. Na,26.5x5,63 To 64,Jautisha,8,47,C,OD,
135,38/7,"????? ????????
v?dapada st?tra?",,PL,N.Na,26.5x5,1 To 10,Stotra,8,45,C,O,
136,39,"??? ????? ???????
pa?ca pak?i pra?n?",,P,D,20.5x10,1 To 12,Jautisha,10,25,C,G,"Sa-1728, Year-1807, Ksaya Sam, "
137,39/1,"?????? ???????
pray?ga p?rij?ta",??????,PL,N.Na,29x4,1 To 171, G- Prayoga   ,7,43,C,G,"Pramodisam Asada Bhahulato11, Bhanuvara"
138,39/2,"???????? ????? ?????
??val?yana g?hya s?tra",????????,PL,N.Na,29x4,1 To 27,Grahyasutra,7,43,Inc.,OD,"I,II,III, Adhyaya "
139,40/1,"???????????? ?????
siddhivin?yaka vrata?",,PL,N.Na,23x4,1 To 6,Vrata,6,32,C,OD,
140,40/1,"???? ???????? ????
tithi ci?t?ma?i ??k?",,P,D,21.5x10,1 To 11,Jautisha,13,33,C,O,"Saka-1700, Year-1779 Vilambi Sam, "
141,40/10,"??? ????????
?iva st?tra?",Ravanesvara,PL,N.Na,23x4,29 To 1 To 30,Stotra,7,35,C,G,
142,40/12,"?????????
?iv???aka?",,PL,N.Na,23x4,32 To 33,Stotra,7,35,C,G ,
143,40/13,"??????????????
m?k??bik???aka?",,PL,N.Na,23x4,33 To 39 To 1,Stotra,7,35,C,G,
144,40/14,"???????????????
k?m?k?iy???aka?",,PL,N.Na,23x4,33 To 1 To 34,Stotra,7,35,C,G,
145,40/15,"??????????????
m?k??bik???aka?",,PL,N.Na,23x4,37 To 1 To 38,Stotra,7,35,C,G,
146,40/16,"?????????
?iv???aka?",,PL,N.Na,23x4,38 To 1,Stotra,7,35,C,G,
147,40/17,"???? ???????????
ma?ga?a gaur?y???aka?",,PL,N.Na,23x4,35 To 36,Stotra,7,35,C,G,
148,40/18,"?????????
r?m???aka?",,PL,N.Na,23x4,37 To 38,Stotra,7,35,C,G,
149,40/19,"???? ???
gaur? da?aka",,PL,N.Na,23x4,38 To 39,Stotra,7,35,C ,G,
150,40/2,"?????? ???? ???
vin?yaka vrata kath?",,PL,N.Na,23x4,7 To 13,Vrata-Katha,6,32,C ,OD,
151,40/2,"???? ??????
graha prabh?da",,P,D,21.5x10,1 To 27,Jautisha,13,33,C,O,Saka 1690 Year 1769 Sarvadhari Sam
152,40/20,"?????? ?????
durg? bhuja?ga",,PL,N.Na,23x4,39 To 1 To 41,Stotra,7,35,C,G,
153,40/21,"??????????????
m?k??bik???aka?",,PL,N.Na,23x4,42 To ,Stotra,7,35,C,G,
154,40/22,"????????????????????
k??ivi?v??var???aka?",,PL,N.Na,23x4,42 To 1 To 44,Stotra,7,35,C,G,
155,40/23,"??? ???????
apara pray?ga?",,PL,N.Na,23x4,1 To 26, G- Prayoga   ,7,35,Inc. ,GO,
156,40/24,"???? ?????
da??ha vidhi?",,PL,N.Na,23x4,72 To 73, G- Prayoga   ,7,35,C,G,
157,40/25,"?????????? ?????
v???tsarga vidhi?",,PL,N.Na,23x4,73 To 75 To 1, G- Prayoga   ,7,35,C,O,
158,40/26,"????? ???????? ?????
agni ?k?di??a vidhi?",,PL,N.Na,23x4,75 To 1 To 76, G- Prayoga   ,7,35,C,GO,
159,40/27,"???? ??????? ??????
???a?a ?r?ddha pray?ga",,PL,N.Na,23x4,76 To 77 To 1, G- Prayoga   ,7,35,C,GO,
160,40/28,"????????? ?????
sapi???kara?a vidhi?",,PL,N.Na,23x4,77 To 1 To 79, G- Prayoga   ,7,35,C,G,
161,40/29,"??? ???????
apara pray?ga?",?????? ????,PL,N.Na,23x4,79 To 79 To 1, G- Prayoga   ,7,35,Inc.,G,
162,40/3,"????????????
vin?yak???aka?",Sankaracarya,PL,N.Na,23x4,19 To ,Stotra,7,35,C,G,
163,40/3,"???? ??????
graha prabh?da",,“,D,21.5x5,onefolio,Jautisha,13,33,C,G,
164,40/30,"?????????? ?????
punasa?sk?ra vidhi?",,PL,N.Na,23x4,80 To 81, G- Prayoga   ,7,35,C,G,
165,40/31,"?? ??????? ?????
gha?a ?r?ddha vidhi?",,PL,N.Na,23x4,81 To 82, G- Prayoga   ,7,35,C,G,
166,40/32,"?????????? ?????
k?d?r??vara vrata?",,PL,N.Na,23x4,83 To 103,Vrata,7,35,C,G,From : Skandapurana
167,40/33,"?????????????? ?????
s?mav?ram?v?sy? vrata?",,PL,N.Na,23x4,105 To 111,Vrata,7,35,C,GO,
168,40/34,"?????????????? ???? ???
s?mav?ram?v?sy? vrata kath?",,PL,N.Na,23x4,112 To 1 To 123,Vrata-Katha,7,35,C,GO,""""
169,40/35,"????????? ?????
?ivar?tri vrata?",,PL,N.Na,23x4,123 To 1 To 130,Vrata,7,35,C,G,
170,40/36,"???????? ?????
s?lagr?ma lak?a?a",,PL,N.Na,23x4,131 To ,Tantra Mantragama,6,35,Inc.,GO,
171,40/4,"??????????????
b?lak??????aka?",,PL,N.Na,23x4,20 To 21,Stotra,7,35,C,G,
172,40/5,"??????????
??rad???aka?",,PL,N.Na,23x4,21 To 23,Stotra,7,35,C,G,
173,40/6,"????????????
muku?d???aka?",,PL,N.Na,23x4,23 To 25,Stotra,7,35,C,G,
174,40/7,"?????????
r?m???aka?",,PL,N.Na,23x4,25 To 26,Stotra,7,35,C,G,
175,40/8,"?????? ???????????
navaratna m?lik???aka?",,PL,N.Na,23x4,26,Stotra,7,35,C,G,
176,40/9,"???????????
k??????aka?",,PL,N.Na,23x4,27 To 28 To 1,Stotra,7,35,C,G,
177,41,"??????????? ????????
ha?haprad?pik? jy?sn?",,P,D,21.5x11,1 To 12,Yoga,16,41,Inc.,G,
178,41/1,"?????? ??????? ?????
vin?yaka caturth? vrata?",,PL,N.Na,18x5.5,1 To 8,Vrata,6,19,C,G,Scribe : Sankara Bhatta
179,41/2,"?????? ????
vin?yaka p?j?",,PL,N.Na,18x5.5,8 To 1 To 14, pooja,6,19,C,G,
180,41/3,"?????? ???? ???
vin?yaka vrata kath?",,PL,N.Na,18x5.5,15 To 24,Vrata-Katha,6,19,C,G,From : Skanda purana 
181,41/4,"?????????? ?????
svar?agaur? vrata?",,PL,N.Na,18x5.5,25 To 42,Vrata,6,19,C,G,
182,41/5,"?????????? ???? ???
svar?agaur? vrata kath?",,PL,N.Na,18x5.5,43 To 50,Vrata-Katha,6,28,C,G,
183,41/6,"????? ???? ?????
yamun? p?j? vidhi?",,PL,N.Na,18x5.5,51 To 64, pooja,6,28,C,G,
184,41/7,"????????? ????
ana?tavrata? kalpa",,PL,N.Na,18x5.5,65 To 75,Vrata,6,28,Inc.,O,
185,41/8,"???? ???????? ???? ???
ana?ta caturda?? vrata kath?",,PL,N.Na,18x5.5,76 To 88,Vrata-Katha,6,28,C,G,""""
186,42,"??????????
a?tarda?a?la?",,P,D,20.5x11,1 To 2,Jautisha,15,35,C,G,
187,42/1,"??????? ?????
pa?cagavya vidhi?",,PL,N.Na,29x5,1 To 15, G- Prayoga   ,6,45,C,G,
188,42/10,"????? ?????
rudra s?kta",,PL,N.Na,29x5,79 To 86,Veda - Mantra,6,45,C ,G,
189,42/11,"?????? ?????
r?tri s?kta",,PL,N.Na,29x5,86 To 1 To 89,Veda - Mantra,6,45,C,G,
190,42/12,"??????? ?????
suma?gal? s?kta",,PL,N.Na,29x5,90 To 94,Veda - Mantra,6,45,C,G,
191,42/13,"?? ?????
g? s?kta",,PL,N.Na,29x5,95,Veda - Mantra,6,45,C,G,
192,42/14,"????????? ?????
r?k??ghna s?kta",,PL,N.Na,29x5,96 To 101,Veda - Mantra,6,45,C,G,
193,42/15,"????? ?????
manyu s?kta",,PL,N.Na,29x5,102 To 103,Veda - Mantra,6,45,C,G,
194,42/16,"????? ??????? ?????
putra svik?ra vidhi?",????,PL,N.Na,29x5,104 To , G- Prayoga   ,8,50,C,G,
195,42/17,"?????? ???????
n?kabali pray?ga?",,PL,N.Na,29x5,105 To 107, G- Prayoga   ,8,50,C,G,
196,42/18,"?????? ???????
pray?ga p?rij?ta",??????,PL,N.Na,29x5,108 To 123, G- Prayoga   ,7,48,Inc.,GO,
197,42/19,"????? ?????
upav?ta lak?a?a",,PL,N.Na,29x5,125 To 126, G- Prayoga   ,7,50,Inc.,GO,
198,42/2,"????????? ??
m?tyu?jaya japa",,PL,N. Na,29x5,16 To 17,Tantra Mantragama,6,45,C,G,
199,42/20,"???? ?????
?r? s?kta",,PL,N.Na,29x5,127 To ,Veda - Mantra,7,50,Inc.,GO,
200,42/21,"??????? ????????
a?vattha st?tra?",Vyasa,PL,N.Na,29x5,128 To 130,Stotra,9,48,C,G,From : Bhavisottara Purana
201,42/22,"??? ???? ???????
j?ta karma pray?ga?",,PL,N.Na,29x5,131 To , G- Prayoga   ,7,48,C,G,
202,42/23,"??????
n?makara?a",,PL,N.Na,29x5,132, G- Prayoga   ,9,48,C ,G,
203,42/24,"?????????? ?????
annapr??ana vidhi?",,PL,N.Na,29x5,133 To , G- Prayoga   ,7,48,C,G,
204,42/25,"?????? ??????
ugraratha ???ti?",,PL,N.Na,29x5,134 To 157,Shanti,7,48,C ,G,
205,42/26,"????? ???????
upanayana pray?ga?",,PL,N.Na,29x5,160 To 178, G- Prayoga   ,8,50,C,G,
206,42/27,"????? ??????
s?p?na k?rik?",????????,PL,N.Na,29x5,179 To 180, G- Prayoga   ,8,50,C,G,
207,42/28,"??? ???? ?????
da?ta dh?vana vidhi?",,PL,N.Na,29x5,183 To , G- Prayoga   ,8,50,Inc.,GO,
208,42/3,"???? ?????? ?????
a??a p?tre d?vat?",,PL,N.Na,29x5,18 To 20, G- Prayoga   ,6,45,C,GO,
209,42/30,"???????????? ?????
tripa?cad?vat? s?kta",,PL,N.Na,29x5,187 To 197,Veda - Mantra,7,48,C,G,
210,42/31,"??????? ???????????? ?????
a?vattha prati??h?pan? vidhi?",????,PL,N.Na,29x5,200 To 201, G- Prayoga   ,7,48,C,G,
211,42/32,"???????????? ????
a?vatth?panayana vidhi",,PL,N.Na,29x5,201 To 204, G- Prayoga   ,7,42,C,G,Saunakiya 
212,42/33,"??????? ????? ???????
a?vattha viv?ha pray?ga?",,PL,N.Na,29x5,205 To 206, G- Prayoga   ,8,50,C,OD,Asvalayaniya 
213,42/34,"????? ?????
dhruva s?kta",,PL,N.Na,29x5,206 To 207,Veda - Mantra,7,42,C,OD,
214,42/35,"??????????????? ?????
n?gaprati??h?pan? vidhi?",,PL,N.Na,29x5,208 To 209,Shanti,7,42,C,OD ,Saunakiya
215,42/36,"??????????? ?????
sarpasa?sk?ra vidhi?",,PL,N.Na,29x5,209 To 212,Shanti,7,42,C,G,Saunakiya 
216,42/37,"??????????? ?????
sarpasa?sk?ra vidhi?",,PL,N.Na,29x5,213 To 217, G- Prayoga   ,7,42,C,G,
217,42/38,"?????? ?????????
v?stu r?k??ghna",,PL,N.Na,29x5,218 To 243, G- Prayoga   ,7,48,C,GO,
218,42/39,"????????? ???? ?????
rudr?k?a dh?ra?a vidhi?",,PL,N. Na,29x5,244,shaiva,9,50,C,OD,
219,42/4,"??????? ?????
sarasvat? s?kta",,PL,N.Na,29x5,21 To 30,Veda - Mantra,6,45,C,O,
220,42/40,"???????? ????? ????? ??????
??val?yana g?hya s?tra k?rik?",????????,PL,N.Na,29x5,1 To 18,Grahyasutra,7,42,Inc.,OD,
221,42/41,"???? ??? ???????
m?dh? janana pray?ga?",,PL,N.Na,29x5,19 To , G- Prayoga   ,7,42,C,OD,
222,42/42,"???????? ?????
samid?d?na vidhi?",,PL,N.Na,29x5,19 To 1, G- Prayoga   ,7,42,Inc.,OD,
223,42/43,"???????????
anupravacan?ya",,PL,N.Na,29x5,20, G- Prayoga   ,7,42,C ,OD,
224,42/44,"????????? ?????
mah?n?mni vrata?",,PL,N.Na,29x5,21 To , G- Prayoga   ,8,50,C,G,
225,42/45,"??????? ??? ?????
ana?v?ha d?na vidhi?",,PL,N.Na,29x5,58 To 66,Shanti,7,42,C,Go,Naradiya 
226,42/5,"???????? ????? ?????
m?ttik? sn?na vidhi?",,PL,N.Na,29x5,31 To 33, G- Prayoga   ,6,45,C,GO,
227,42/6,"??? ??????
mah? ny?sa?",,PL,N.Na,29x5,34 To 44, pooja,6,45,Inc. ,O,
228,42/7,"????? ?????
puru?a s?kta",,PL,N.Na,29x5,45 To 61,Veda - Mantra,6,45,C,G,
229,42/8,"????? ?????
ga?apati s?kta",,PL,N.Na,29x5,73 To 74,Veda - Mantra,6,45,C,G,
230,42/9,"?????? ?????
vi??u s?kta",,PL,N.Na,29x5,74 To 79,Veda - Mantra,6,45,C ,G,
231,43/1,"??????????? ????????
?a?pa?c??ik? vy?khy?",Bhattotpala,P,D,20.5x10.5 ,1 To 16,Jautisha,14,30,C,G,"Saka-1756, Year-1836, Jaya Sam, "
232,43/1,"??????? ?????
sudar?ana bh??ya",?????????????,""" PL "" ""","N.Na TU "" """,35x5 34x5 19x5.5 19x5.5,1 To 9814 To 871 To 231 To 8,Grahyasutra,7 9 9 8,65 45 20 20, Inc. ,G OD,
233,43/10 ,"???? ??????
tithi nir?aya",,P,D,20.5x10,1 To 16,Jautisha,9,23,C,DW,"Saka-1714, Year-1793 Paridhavi Sam, "
234,43/11,"????? ????????
v?dapada st?tra?",Jaimini,P,D,20x10,1 To 9,Stotra,11,36,C,G,From : Pundarika Mahatmya
235,43/12,"??? ????????????
mah? vi??upaddhati",,P,D,22x11,1 To 23,Smriti,10,30,Inc.,DW,
236,43/13,"???? ???????????? ???????
sarva pr?ya?citta pray?ga?",,P,D,21.5x11,1 To 3, G- Prayoga   ,17,38,C,G,
237,43/2,"????? ??????????
vai??kha m?h?tmya?",   Vyasa,P,D,21.5x11,1 To 77,Purana,13,35,Inc.,DW,Scribe : Balakrishna 
238,43/2,"???????????? ??????
aitar?y?pani?at bh??ya?",,PL,N.Na,35x5,1 To 24,Upanisat,7,65,C,G,
239,43/3,"??????? ???????? ????
muh?rta m?rt???a ??k?",Martanda Vallabha,P,D ,21.5x11,1 To 143,Jautisha,14,32,C,DW,Scribe: Balakrsna
240,43/4,"????????
r?p?va?i?",,P,D,21.5x11,1 To 32,Vyakarana,9,30,C ,G,"Saka - 1777, Year - 1856, Raksasa sam, "
241,43/5,"??? ??????
?auca nir?aya",,P,D,21.5x11,1 To 5, G- Prayoga   ,12,32,Inc,G,
242,43/6,"?? ??? ?????
g? d?na vidhi?",,P,D,21.5x11,1 To 5, G- Prayoga   ,12,32,C,DW,"From, Vaitarani Scribe : Bala Krishna "
243,43/7,"?????? ?????? ????
v?stu prak?ra ??k?",Sripati,P,D,21.5x11,1 To 3,Jautisha,18,46,C,DW,"Script: Devanagari, Kannada Language"
244,43/8,"?????? ??????
v?stu ???ti?",,P,D,21.5x11,1 To 16, G- Prayoga   ,12,32,C,DW,"Saka 1760 yearto1839 Vilambi sam Jesta suto1 Scribe: Balakrsna script: Tulu, Language: Tulu"
245,43/9,"?????? ?????
vi??u s?kta",,P,D,21.5x11,1 To 9,Veda - Mantra,10,25,Inc.,G,
246,44,"?????? ?????
sany?sa vidhi?",,P,D,20.5x10,1 To 17, G- Prayoga   ,10,25,C,DW,"Sa 1753, Year 1832. Khar sam Uttarayana sasi rutu palguna, Krishna Mandavasara, scribe : Vinayaka"
247,44/1,"???????? ???????
s?valip?ka pray?ga?",??????? ????,PL,N.Na,27x5 ,1 To 39, G- Prayoga   ,6,46,Inc.,G,
248,44/11,"?????? ??????
upakarma nir?aya",,PL,N.Na,27x5,126 To 128, G- Prayoga   ,7,50,Inc.,G,
249,44/12,"?????? ??????
upakarma nir?aya",,PL,N.Na,27x5,129 To 135, G- Prayoga   ,8,52,C,G,
250,44/13,"?????? ??????
?k?da?? nir?aya",,PL,N.Na,27x5, To , G- Prayoga   ,9,50,C ,G,
251,44/2,"??????????
ma?ga????aka?",,PL,N.Na,27x5,40 To 43,Stotra,7,46,Inc.,G,
252,44/3,"?????????
mah?sa?kalpa",,PL,N.Na,27x5,44 To 50, G- Prayoga   ,8,50,C ,G,
253,44/4,"???????? ????? ????? ?????
??val?yana g?hya s?tra bh??ya",,PL,N.Na.,27x5,51 To 65,Grahyasutra,6,45,C,G,
254,44/5,"?????? ???????
pray?ga p?rij?ta",??????,PL,N.Na,27x5,66 To 69, G- Prayoga   ,6,45,Inc.,G,
255,44/6,"???? ??????
yajña d?pik?",,PL,N.Na,27x5,69 To 78, G- Prayoga   ,6,45,C ,G,
256,44/7,"?????? ?????
nir?aya si?dhu",?????? ????,PL,N.Na,27x5,97 To 116, G- Prayoga   ,6,45,Inc. ,GO,
257,44/8,"??? ??????
k?pa ???ti?",,PL,N.Na,27x5,117 To 118,Shanti,7,50,C ,G,Saunka 
258,44/9,"?????? ????????? ??????
udy?na prati??? ???ti?",,PL,N.Na,27x5,118 To 1 To 122,Shanti,7,50,C,G,
259,45/1,"??????? ????????
muh?rta ci?t?ma?i",Rama Daivajna,P,D,19.5x10 ,1 To 55,Jautisha,10,25,Inc.,ODW,"Saka-1692, Year-1771, Vikriti Sam, "
260,45/1,"??? ?????????????
?k sarv?nukrama?i",,PL,N.Na,23x6,1 To 52,Vedanga,7,38,C,G,
261,45/3,"??? ??????????? ?????
?k sarv?nukrama vivara?a",,PL,""" ",23x6,1 To 80,Vedanga,9,28,C,G,
262,45/4,"??? ??????????
?k prati??khya",????,PL,N.Na,23x6,1 To 51,Vedanga,9,28,C,G,
263,46/1,"??????? ????????
?anai?cara st?tra?",Pippalada,PL,N.Na,28x5,1 To 6,Stotra,9,50,C,OD,
264,46/1,"???????? ???????
?dy?tma prakara?a?",,P,D,20x10,1 To 7,Vedantha,18,36,Inc. ,G,
265,46/10,"?????? ?????
s?mav?ra vrata?",,PL,N.Na,28x5,22 To 32,Vrata,9,50,C ,GO,
266,46/11,"?????? ??????? ?????
vin?yaka caturth? vrata?",,PL,N.Na,28x5,1 To 3,Vrata,6,45,C,G,
267,46/12,"????? ???? ?????
yamun? p?j? vidhi?",,PL,N.Na,28x5,4 To 8 To 1, pooja,9,50,C,G,
268,46/13,"?????? ???? ???
vin?yaka vrata kath?",,PL,N.Na,28x5,8 To 1,Vrata-Katha,9,50,C,G,From : Skanda purana
269,46/14,"????????? ????
ana?tavrata? kalpa",,PL,N.Na,28x5,9 To 14,Vrata,9,50,Inc.,O,
270,46/15,"???? ???????? ???? ???
ana?ta caturda?? vrata kath?",,PL,N.Na,28x5,14 To 1 To 20,Vrata-Katha,9,50,C,G,""""
271,46/16,"????? ????? ????????
?akti v?dapada st?tra?",,PL,N.Na,28x5,1 To 8,Stotra,9,50,C,OD,"Sa - 1758, Year - 1837 Manmtha sam, "
272,46/2,"????????? ????????
m?tyu?jaya st?tra?",Vyasa,PL,N.Na,23x5,Foliosmissing,Stotra,8,35,Inc.,OD,
273,46/2,"??? ???????
pa?ca mah?yajña",,P,D,20x10,1 To 7,G- Prayoga   ,18,36,C,G,
274,46/3,"???????????? ?????
jy?ti?sta?bha vrata?",,PL,N.Na,28x5,1 To 2,Vrata,10,54,C,G,
275,46/3,"???????
vyavah?ra",,P,D,20x10,1 To 2,Smriti,18,36,C,G ,
276,46/4,"???????????? ???? ???
jy?ti?sta?bha vrata kath?",,PL,N.Na,28x5,2 To 1 To 4 To 1,Vrata-Katha,10,54,C,GO,""""
277,46/4,"???????????????
atharva??r?pani?at",,P,D,20.5x10,1 To 10,Upanisat,9,31,C,OD,"Saka 1635to1714, Vijayasam Bhadrapadato 8,9,"
278,46/5,"????????? ?????
n?garapa?cam? vrata?",,PL,N.Na,28x5,4 To 1 To 7,Vrata,9,50,C,G,
279,46/6,"????????? ???? ???
n?garapa?cam? vrata kath?",,PL,N.Na,28x5,7 To 11,Vrata-Katha,9,50,C,GO,From : Garuda purana
280,46/7,"??????? ?????
siriy??a vrata?",,PL,N.Na,28x5,12 To 13 To 1,Vrata,9,50,C,G,
281,46/8,"??????? ???? ???
siriy??a vrata kath?",,PL,N.Na,28x5,13 To 1 To 14,Vrata-Katha,9,50,C,G,From : Skanda purana
282,46/9,"????????? ?????
?aniprad??a vrata?",,PL,N.Na,28x5,15 To 21,Vrata,8,50,C,GO,
283,47,"????? ???? ?????
t?mra bhasma vidhi?",,P,D,19.5x10,1 To 2,Vaidya,12,40,C,G,
284,47/1,"????????????? ?????
?r?va?adv?da?? vrata?",,PL,N.Na,20x4,1 To 11,Vrata,8,36,C,G,
285,47/10,"????? ???? ?????
vy?sa p?j? vidhi?",,PL,N.Na,28x5,13 To 27, pooja,9,50,C,G,
286,47/11,"???????? ?????
bhasmadh?ra?a vidhi?",,PL,N.Na,28x5,27 To , G- Prayoga   ,9,50,C,G,
287,47/12,"??? ?????
da??a lak?a?a",,PL,N.Na,28x5,27 To 1 To 28, G- Prayoga   ,9,50,C,GO,
288,47/13,"???????
pa?c?kara?a",,PL,N. Na,28x5,28 To 1 To 31,Jautisha,9,50,C,GO,
289,47/2,"????????????? ???? ???
?r?va?adv?da?? vrata kath?",,PL,N.Na,20x4,12 To 18,Vrata-Katha,8,36,Inc.,GO,
290,47/3,"????????? ?????
am?s?mav?ra vrata?",,PL,N.Na,24x5,1 To 5,Vrata,10,43,C,G,
291,47/4,"??????? ???? ???
a?vattha vrata kath?",,PL,N.Na,24x5,6 To 10,Vrata-Katha,10,43,C ,G,From : Bhavisottara purana
292,47/5,"?????????? ?????
k?d?r??vara vrata?",,PL,N.Na,24x5,1 To 29,Vrata,7,35,C,G,
293,47/6,"?????????? ???? ???
k?d?r??vara vrata kath?",,PL,N.Na,24x5,29 To 50,Vrata-Katha,8,40,C,G,From : Skanda purana
294,47/7,"???? ???? ???
?a?kara vrata kath?",,PL,N.Na,24x5,51 To 53,Vrata-Katha,8,40,C ,G,From : Skanda purana
295,47/8,"?????? ?????
sany?sa vidhi?",,P,N.Na,24x5,1 To 6, G- Prayoga   ,8,48,C,G,
296,47/9,"??? ??????? ?????
yati sa?sk?ra vidhi?",,PL,N.Na,28x5,7 To 12, G- Prayoga   ,9,50,C,Go,
297,48/1,"?????? ???????????
r?man?ma l?khan?dy?pana",,PL,N.Na,45x4,1 To 3,Vrata,6,62,C,G,From : Visnottarapurana
298,48/1,"????????? ?????
param?dvaita dar?ana",,P,D,19.5x10,1 To 10,Jautisha,16,42,C,G,
299,48/10,"????????? ????? ??? ???
sa?kr??ti vrata? d?pa kath?",,PL,N.Na,45x4,17 To 19,Vrata-Katha,6,62,C,G,From : Skanda purana
300,48/11,"????????? ??? ????????????
sa?kr??ti d?pa vrat?dy?pana?",,PL,N.Na,45x4,19 To 1 To 20,Vrata,6,62,C,G,From : Skandapurana
301,48/12,"????????? ????????? ?????
sa?kr??ti d?p?r?dhan? vidhi?",,PL,N.Na,45x4,20 To 1 To 21,Vrata,6,62,C,G,
302,48/13,"??????????? ????????????
?anitray?da?? vrat?dy?pana?",,PL,N.Na,45x4,21 To 1 To 23,Vrata,6,62,C,G,
303,48/14,"???? ????? ????????????
v?mana jaya?t? vrat?dy?pana?",,PL,N.Na,45x4,23 To 24,Vrata,6,62,C,G,
304,48/15,"?????? ????????????????
vaiku??ha caturda??yudy?pana",,PL,N.Na,45x4,24 To 1,Vrata,6,62,C,G,
305,48/17,"????? ???????? ???? ?????
sahasra br?hma?a bh?jana vidhi?",,PL,45x4 ,25to1to26,6,Shanti,62,C,G,From : Brahamandapurana,
306,48/18,"???? ??????? ??????
kadal? ?l?dbhava ???ti?",,PL,N.Na,45x4,26 To 1 To 27,Shanti,6,62,C,G,
307,48/2,"???? ??? ????????????
lak?a ga?dha vrat?dy?pana?",,PL,N.Na,45x4,3 To 4,Vrata,6,62,C,G,
308,48/2,"???????
pa?c?kara?a",,P,D,19.5x10,1 To 4,Jautisha,16,42,C,G ,"Saka-1773, Year-1851, Virodhi Sam, "
309,48/21,"?????????? ??????
?v?n?r?ha?a ???ti?",,PL,N.Na,45x4,28 To 29,Shanti,6,62,C,G,
310,48/24,"???????????? ???? ???
j???halak?m? vrata kath?",,PL,N.Na,45x4,29 To 32,Vrata-Katha,6,62,C ,G,From : Bhavisottara purana
311,48/25,"??? ?????????? ?????
r?ma pa???bhi??ka vidhi?",,PL,N.Na,45x4,32 To 39, pooja,6,62,C,G,From : Ramarcana Candrikaya
312,48/26,"????? ???? ?????
vy?sa p?j? vidhi?",,PL,N.Na,45x4,39 To 1 To 42, pooja,6,62,Inc.,D,
313,48/27,"??????? ???? ???
siriy??a vrata kath?",,PL,N.Na,45x4,43,Vrata-Katha,6,62,C,G,From : Garuda purana
314,48/28,"?????????? ????????????
svar?agaur? vrat?dy?pana?",,PL,N.Na,45x4,43 To 1 To 44,Vrata,6,62,C,G,From : Skandapurana
315,48/29,"????? ????????????
bilva vrat?dy?pana?",,PL,N.Na,45x4,44 To 1 To 45,Vrata,6,62,C,G,From : Lingapurna
316,48/3,"????????? ?????
nityagaur? vrata?",,PL,N.Na,45x4,1 To ,Vrata,6,62,C,G,
317,48/3,"?????? ????? ?????
brahma pra?ava lak?a?a",,P,""" ",19.5x10,1 To 15,Jautisha,16,42,C,G,""""
318,48/3,"?????? ?????? ??????
?gv?da sa?hit? bh??ya?",,P,D,19.5x10,1,Samhita,16,42,C,G,
319,48/30,"????????? ????????????
lak?avarti vrat?dy?pana?",,PL,N.Na,45x4,45 To 1 To 46,Vrata,6,62,C,G,From : Skandpurana Kalisamhita
320,48/31,"????????? ???????
lak?avarti udy?pana",,PL,N.Na,45x4,47 To ,Vrata,6,62,C,G,
321,48/32,"??????? ????????????
d?rana??a pr?ya?citta",,PL,N.Na,45x4,47 To 1 To 48,Vrata,6,62,C,G,
322,48/33,"???? ????????????
ana?ta vrat?dy?pana?",,PL,N.Na,45x4,48 To 1 To 52,Vrata,6,62,C,OD,
323,48/34,"?? ???? ?????
g? padma vrata?",,PL,N.Na,45x4,52 To 53 To 1,Vrata,6,62,C,OD,
324,48/35,"?????? ???? ???
g?padma vrata kath?",,PL,N.Na,45x4,53 To 1 To 54,Vrata-Katha,6,62,C,OD,From : Bhavisottara purana
325,48/36,"????????? ?????
nityagaur? vrata?",,PL,N.Na,45x4,55 To 56,Vrata,6,62,C,OD,
326,48/37,"????? ?????????? ??????
sahasra ca?dradar?ana ???ti?",,PL,N.Na,45x4,56 To 1 To 57,Shanti,6,62,C,OD,Bodhayana 
327,48/38,"??????????? ????????????
lak?anamask?ra vrat?dy?pana?",,PL,N.Na,45x4 ,57 To 1 To 58,Vrata,6,62,C,OD,From : Bhavisottara Purana
328,48/39,"??????????? ????????????
lak?asvasti vrat?dy?pana?",,PL,N.Na,45x4,58 To ,Vrata,6,62,C,OD,From : Skandapurana
329,48/4,"????????? ????????????
lak?apu?pa vrat?dy?pana?",,PL,N.Na,45x4,5 To 7,Vrata,6,62,C,G,From : Brahmasamhita
330,48/4,"???????? ????????
mah?v?kya ratn?va?i",Rama Candrendra,P,D,19.5x10 ,1 To 12,Jautisha,16,42,C,G,
331,48/40,"???? ?????? ?????????????
lak?a arisina ku?kum?dy?pana",,PL,N.Na,45x4,59 To 60,Vrata,6,62,C,OD,
332,48/41,"?????? ????? ?????
n?si?ha jaya?t? vrata?",,PL,N.Na,45x4,60 To 62,Vrata,6,62,C,ODW,
333,48/42,"?????? ???????? ?????
n?si?ha caturda?? vrata?",,PL,N.Na,45x4 ,62 To 64 To 1,Vrata-Katha,6,62,C,OD,From : Brahmad purana
334,48/43,"??? ??????
udaka ???ti?",,PL,N.Na,45x4,64 To 1 To 65,Shanti,6,62,C,OD,
335,48/44,"?????? ??????? ?????
vin?yaka caturth? vrata?",,PL,N.Na,45x4,65 To 1 To 67,Vrata,6,62,C,OD,From : Skandapurana
336,48/45,"???? ?????? ????????????
pak?a prad??a vrat?dy?pana?",,PL,N.Na,45x4,68 To ,Vrata,6,62,C,G,From : Skandapurana
337,48/46,"????????? ?????
garu?apa?cam? vrata?",,PL,N.Na,45x4,68 To 71,Vrata,6,62,C,G,From : Garudapurana
338,48/47,"?????????? ????????????
um?mah??vara vrat?dy?pana?",,PL,N.Na,45x4,71 To 1 To 72,Vrata,6,62,C,G,From : Dharmottara Khanda
339,48/48,"??? ??????
mah? ny?sa?",,PL,N.Na,45x4,1 To 14, pooja,6,62,C,G,
340,48/49,"??????? ?????
?ivap?j? vidhi?",,PL,N.Na,45x4,1 To , pooja,6,62,C ,G,
341,48/5,"????? ?????????????
nitya s?mav?r?dy?pana",,PL,N.Na,45x4,7 To 9,Vrata,6,62,C,G,
342,48/5,"?????? ????? ?????
brahma pra?ava lak?a?a",,P,""" ",19.5x10,1 To 15,Jautisha,16,42,C,G ,
343,48/50,"?????? ???
p?rva?a h?ma",,PL,N.Na,45x4,1 To ,Grahyasutra,6,62,C ,G,
344,48/51,"???????????? ????????????
bi?dudv?da?? vrat?dy?pana?",,PL,N.Na,45x4,2 To 10,Vrata,6,62,C,Go,
345,48/52,"???? ??????? ???????
m?si ?r?ddha pray?ga?",,PL,N.Na,45x4,1 To 7, G- Prayoga   ,6,62,Inc.,GO,
346,48/53,"????????????
pit?m?dhakanik?",,PL,N.Na.,45x4,1 To 6, G- Prayoga   ,6,62,C,GO,
347,48/54,"?????????? ?????
s?t?kaly??a vidhi?",,PL,N.Na,45x4,1 To 5, pooja,6,62,C ,G,
348,48/6,"???????????? ????????????
bi?dudv?da?? vrat?dy?pana?",,PL,N.Na,45x4,9 To 10,Vrata,6,62,C,G,From : Skandapurana
349,48/6,"?????? ????? ?????
tattva jñ?na vivara?a",Ramacandra Yogi,P,D ,19.5x10,1 To 7,Jautisha,16,42,C,G,"Saka: 1773 Year- 1851, Virodhi Sam, "
350,48/7,"????????? ?????
am?s?mav?ra vrata?",,PL,N.Na,,,Vrata,,,,,
351,48/7,"??????????? ?????????
svar?padar?ana siddh??jana",,P,D,19.5x10,1 To 8,Yoga,16,42,C,G,"Saka - 1773, Year - 1852, Virodhi sam, "
352,48/8,"???????? ????????????
??ipa?cam? vrat?dy?pana?",,PL,N.Na,45x4,11 To 1 To 16,Vrata,6,62,C,G,From : Brahmanda Purana
353,48/8,"?????? ????? ??????
brahma pra?ava d?pik?",Ramacandrendra,P,""" ",19.5x10,1 To 10,Jautisha,16,42,C,G,Saka: 1773 Year: 1851
354,48/9,"????????? ??? ????????????
sa?kr??ti d?pa vrat?dy?pana?",,PL,N.Na,45x4,16 To 1 To 17,Vrata,6,62,C,G,
355,49,"???????
r?m?ya?a?",,PL,N.Na,37x3,1 To 107,Itihasa,8,70,Inc,G,"Uttara kanda only Yuva sam, pratitorja "
356,49/1,"?????? ?????? (???????? ????)
?gv?da sa?hit? (sakalasmita padapa?a)",,P,D,20x10.5,1 To 101,Samhita,10,20,Inc,G,"Saka to 1760 to year 1839 Sravana 9, Rohini Bhumavara Scribe : Balakrishna"
357,49/2,"????? ?????????
k???a yajusa?hit?",,P,D,20x10.5,1 To 83,Samhita,10,20,Inc.,G,
358,49/3,"???????? ???? ?????
navar?tr? p?j? vidhi?",,P,D,21x10,1 To 13, pooja,10,28,C,G,"Saka- 1752, Year 1831, Vikritisam "
359,50/1,"???????? ??????
siddh??ta kaumudi",Bhattojidiksita+,PL,N.Na,45x4,1 To 92,Vyakarana,7,90,Inc.,OD,
360,50/1,"?????????????
ara?yak?pani?at",,P,D,20x10,1 To 2,Upanisat,13,35,Inc.,G,
361,50/2,"????? ???????? ????????
lalit? sahasran?ma st?tra?",Vyasa,P,D,20x10,1 To 10,Stotra,13,35,C,G,"Saka - 1804, Year - 1883, Citra Banu "
362,50/2,"??????? ??????? ??????????? (??????? ??????)
vaiy?kara?a paribh??? prad?p?rci (paribh??? bh?skara)",Sesadri Sudhi,PL,N.Na,45x4,1 To 20,Vyakarana,7,90,Inc.,OD,
363,51,"????????
mah?bh?rata?",Ananda tirta,PL,N.Na,34x3,1 To 156,Itihasa,9,70,Inc.,OD,
364,51,"??????????? ????
vair?gya?ataka? ??k?",Harikavi Diksita,P,D,20x10,1 To 13,Subhashita,13,31,C,G,"Saka - 1665, Year - 1744, "
365,52,"????? ??????? ????????
siddha s?rasvata st?tra?",,P,D,21x10,1 To 10,Stotra,11,32,C,O,
366,52/1,"???? ????
tarka bh???",Kesava Misara,PL,N.Na,48x5,1 To 19,Nyaya,9,88,C,G,
367,52/2,"???? ???? ????????
tarka bh??? vy?khy?",Chennu bhatta,PL,N.Na,48x5,20 To 88,Nyaya,9,88,C,OD,
368,52/3,"???? ???? ????????
tarka bh??? vy?khy?",Gauri Kantha,PL,N.Na,48x5,90 To 142,Nyaya,9,88,Inc. ,G,
369,53,"?????????????? ??????
tattvaci?t?ma?i prak??a",Rucidatta,PL,N.Na,41x3,65 To 171,Nyaya,8,85,Inc.,OD,
370,53,"?????? ????
pray?ga ratna",?????? ????,P,D,21x11,1 To 120, G- Prayoga   ,11,25,C,GO,"Datusam Asvija Masa Krishna paksa to 2 Guruvara, Scribe : Narayana Bhatta"
371,54/1,"????????????
r?mak????m?ta",,PL,N.Na,41x4,1 To 5,Kavya,9,85,Inc.,G,
372,54/1,"??????? ???????
nak?atra c???ma?i",,P,D,22x11,1 To 34,Jautisha,10,32,C,G,Scribe: Balakrishna
373,54/2,"?????? ????????
prab?dha ca?dr?daya",Krishnamisra,PL,N.Na,41x4,1 To 40,Nataka,6,85,C,G,Scribe : Sita Rama
374,54/2,"???????
kalpalat?",,P,D,22x11,1 To 21,Jautisha,10,32,C,G ,
375,55,"???????
ratnap?na",Kumaraswami,PL ,N.Na,42x3,1 To 141,Alankara,8,78,C,OD,Scribe : Narayana
376,55,"????? ????
s?tra p??ha?",,P,D,21x10,1 To 21,Vyakarana,9,35,Inc.,DW ,
377,56,"??????
bh?gavata?",Vyasa,TU,N.Na,42x4,1 To 142,Purana,7,81,Inc.,GO,"Chitra Banusam, vaisaka su, "
378,56/1,"????? ??????????
tu?as? m?h?tmya?",Vyasa,P,D,20x10,1 To 59,Purana,10,25,C,G,"From : Padma Purana, "
379,56/2,"??? ??????????
m?gha m?h?tmya?",Vyasa,P,D,20x10,1 To 176,Purana,10,25,C,G,"From : Padmapurana, Scribe : Balakrsna "
380,57,"??????????????? ????????
n?mali?g?nu??sana? vy?khy?",,PL,N.Na,43x4,6 To 112,Nighantu,8,105,Inc.,ODW,
381,57/1,"??????? ????? ????
muh?rta darpa?a ??k?",,P,D,20x10.5,1 To 151,Jautisha,9,26,Inc.,ODW,"Script: Devanagari, Kannada Language, "
382,58/1,"?????? ?? ????????
v?d??ta pada st?tra?",Hanumantha,PL,N.Na,40x4,1 To 5,Stotra,7,64,C,OD,From : Brahmanda Purana
383,58/1,"????? ??????? ????????
siddha s?rasvata st?tra?",,P,D,21x11,1 To 4,Stotra,12,35,C,G,Scribe : Ananda 
384,58/2,"??????????? ????????
ha?haprad?pik? vy?khy?",,P,D,19.5x10,1 To 22,Yoga,17,42,C,G,"Saka - 1760, Year - 1839, Vilambi sam, "
385,58/2,"??????? ???????
up?karma pray?ga?",,PL,N.Na,40x4,6 To 12, G- Prayoga   ,7,64,C,OD,
386,58/3,"???????????????
a?vatthast?tra?",,P,D,19.5x10,1 To 4,Stotra,10,30,C,G,"From : Brahmanda Purana Sa - 1762, "
387,58/3,"???????? ?????
k??m???a s?kta",,PL,N.Na,40x4,7Folios,Veda - Mantra,7,64,Inc.,OD,
388,58/4,"??????? ????????
hanum?n st?tra?",Vibhisana,PL,N.Na,40x4,12folios,Stotra,7,64,C,OD,
389,58/4,"?????? ???????
pray?ga c???ma?i",,P,D,22x10.5,1 To 25, G- Prayoga   ,9,31,C,G,"Saka 1766, Year to 1845, Krodhisam, Uttaraayana Vaisaka, Suto10, ravivara, Scribe to Ananta"
390,59/1,"??????? ?????
r?manavam? vrata?",,PL,N.Na,44x4,1 To 4,Vrata,6,77,C,G,
391,59/1,"??????? ?????
pa?c?da?? stava?",,P,D,20x9.5,1 To 2,Stotra,14,40,C,G,
392,59/10,"?????????? ???? ???
k???ajaya?t? vrata kath?",,PL,N.Na,44x4,31,Vrata-Katha,6,77,C,G,From : Skanda purana
393,59/11,"?????????? ?????
svar?agaur? vrata?",,PL,N.Na,44x4,31 To 1,Vrata,6,77,C,G,
394,59/12,"?????????? ???? ???
svar?agaur? vrata kath?",,PL,N.Na,44x4,34 To 35,Vrata-Katha,6,77,C,G,From : Skanda purana
395,59/13,"?????? ??????? ?????
vin?yaka caturth? vrata?",,PL,N.Na,44x4,36 To ,Vrata,6,77,Inc.,Go,
396,59/2,"???????????? ?????
jy?ti?sta?bha vrata?",,PL,N.Na,44x4,4 To 1 To 6,Vrata,6,77,C,G,
397,59/2,"?????? ????
?ditya h?daya",,P,D,21x10,1 To 8,Stotra,11,33,C,G,"From : Bhavisottara Purana, Saka - "
398,59/3,"???????????? ???? ???
jy?ti?sta?bha vrata kath?",,PL,N.Na,44x4,6 To 1 To 10,Vrata-Katha,6,77,C,G,From : Skanda purana
399,59/3,"?????????? ?????
sa?pr?k?a?a vidhi?",,P,D,22x10.5,1 To 4,Tantra Mantragama,9,28,C,G,
400,59/4,"???????? ?????
ma?ga?agaur? vrata?",,PL,N.Na,44x4,10 To 1 To 13 To 1,Vrata,6,77,C,G,From : Bhavisottara Purana
401,59/5,"???????? ???? ???
ma?ga?agaur? vrata kath?",,PL,N.Na,44x4,13 To 1 To 17 To 1,Vrata-Katha,6,77,C,G,From : Bhavisottara purana
402,59/5,"?????? ??????
vin?yaka ???ti?",????????????,P,D,22.5x10.5,1 To 5,Shanti,12,38,C,G,
403,59/6,"????????? ?????
garu?apa?cam? vrata?",,PL,N.Na,44x4,17 To 1 To 22,Vrata,6,77,C,G,
404,59/6,"?????? ???? ?????
vidy? ga???a ma?tra",,P,D,21x11,1 To 19,Tantra Mantragama,9,28,C,G,From: Kumara Samhita
405,59/7,"????????????? ?????
puru??ttamam?sa vidhi?",,P,D,21.5x11,1 To 3,Vrata,12,35,Inc.,G,
406,59/7,"???????????? ?????
varamah?lak?m? vrata?",,PL,N.Na,44x4,22 To 26,Vrata,6,77,C,G,
407,59/8,"???????????? ???? ???
varamah?lak?m? vrata kath?",,PL,N.Na,44x4,26 To 28,Vrata-Katha,6,77,C,G,From : Skanda purana 
408,59/8,"???? ??????
s?taka d?pik?",????????,P,D,21.5x10.5,1 To 4, G- Prayoga   ,12,30,C,G,"Saka 1717 Year 1796, Raksa sam paurnami Bhanuvara, Scribe : Parani Madhava"
409,59/9,"?????????? ?????
k???ajaya?t? vrata?",,PL,N.Na,44x4,28 To ,Vrata,6,77,C,G,From : Padma Purana
410,59/9,"?? ?????????
jala jñ?n?p?ya",,P,D,21.5x10.5,1 To 3,Jautisha,13,36,Inc.,G,
411,60/1,"?????????????????
bi?dudv?da??vrata?",,PL,N.Na,24x4,1 To 5,Vrata,7,32,C,G,From : Padmapurana
412,60/1,"???? ???????
h?r? ??stra",,P,D,20.5x10.5,1 To 5,Jautisha,13,30,C,G,"Saka-1762 Year-1841, Sarvari Sam, "
413,60/2,"???????????? ???? ???
bi?dudv?da?? vrata kath?",,PL,N.Na,24x4,1 To 5,Vrata-Katha,7,32,C,G,From : Skanda purana
414,60/3,"????????? ?????
lak?avarti vrata?",,Tu,35x5.5 ,24x4,1 To 5 To 1,Vrata,7,32,C ,G,
415,60/3,"?????
pavam?na",,P,D,20.5x9.5,1 To 3,Veda - Mantra,13,30,C,GO,Scribe : Govinda Bhatta 
416,60/4,"?????????? ???? ???
lak??varti vrata kath?",,PL,N.Na,24x4,5 To 1 To 10,Vrata-Katha,7,32,C,G,From : Skanda purana
417,60/5,"????????? ???????
lak?avarti udy?pana",,PL,N.Na,24x4,10 To 1 To 11,Vrata,7,32,C,G,
418,60/6,"?????????? ???? ???
lak??varti vrata kath?",,PL,N.Na,24x4,11 To 1 To 18,Vrata-Katha,7,32,C,G,Vayu purana
419,60/7,"????????? ?????
am?s?mav?ra vrata?",,PL,N.Na,24x4,18 To 1 To 22,Vrata,7,32,C,G ,From : Bhavisottara Purana
420,61,"??????? ?????? ????
muh?rta tattva ??k?",,P,D,31x10.5,1 To 113,Jautisha,9,42,C,G,
421,61/1,"????? ??? ???????
graha?a pa?ala pray?ga?",,""" ",N.Na,45x3.5,1 To 54, G- Prayoga   ,7,66,C,OD,"Saka 1718, Year : 1797, Anala, Palguna Suddha Budhvara"
422,61/2,"???????
k?l?m?ta",,PL,N.Na,45x3.5,1 To 72,Puja,7,65,Inc.,OD,
423,62,"??????? ??????????
k?rtika m?h?tmya?",,PL,N.Na,36x5.5,1 To 41,Purana,9,42,C,G,""""
424,62/1,"??????????? ????
sau?daryalahari ??k?",Kaivalyasrami,P,D,31x10.5,1 To 51,Stotra,11,50,C,G,"Saka - 1730, Year - 1809, Vibhava Sam, "
425,62/2,"???????????? ??????
pr?ya?citta k?rik?",,P,D,31x10.5,1 To 8, G- Prayoga   ,11,45,C,GO,"Saka 1735, Year 1814, rudirogarisam, Asada Suto 9"
426,63,"???????
m?gham?l?",,P,D,31x10.5,1 To 3,Jautisha,13,45,C,G,Scribe: Madhava
427,63/1,"????? ?????????
agni ma?tr?rtha",,PL,N.Na,46x4,1 To 78,Veda - Mantra,7,90,C,OD,
428,63/2,"??????????????????
viri?c?puran?thacarita?",,PL,N.Na,46x4,1 To 21,Kavya,7,90,Inc.,OD,I-II Asvasa
429,63/3,"????? ????
kusalava ca?p?",Venkayya Prabhu,PL,N.Na,46x4,1 To 6,Campu,6,71,Inc.,OD,
430,63/4,"???? ???????? ??????
ma??ana prati??dha paddhati",,PL,N. Na,46x4,1 To 10,shaiva,6,71,Inc.,OD,
431,64,"?????????? ?????
hira?yak??i s?tra",,P,D,29x10,1 To 33,shrouta- sutra,8,45,Inc.,G,"Saka 1727 Year : 1806 Krodhana Sam, Vaisaka Su to 3, Scribe : Tenali "
432,64/1,"????????????? (??????? ????? ????? ??????)
t?tparyadar?ana (apasta?bha g?hya s?tra v?tti)",,PL,N.Na,37x3,1 To 11,Grahyasutra,5,60,Inc.,G,Inc. VIII Patala 
433,64/10,"?????? ?????
nai?adh?ya carita?",Sri Harsa,PL,N.Na,37x3,103 To 110,Kavya,6,60,Inc.,OD,
434,64/11,"??????? ??????
a???da?a nir?aya",,PL,N.Na,37x3,111 To 120,G- Prayoga   ,6,60,Inc.,OD,
435,64/2,"?????? ??????
kapardi k?rik?",,PL,N.Na,37x3,12 To 23, G- Prayoga   ,5,60,Inc.,G,
436,64/3,"??????? ???????
pu?y?ha pray?ga?",,PL,N.Na,37x3,24 To , G- Prayoga   ,6,50,C,G,
437,64/4,"????? ????
pravara k???a",,PL,N.Na,37x3,29 To 33 To 1, G- Prayoga   ,5,60,Inc.,ODW,
438,64/5,"????? ??????
pravara nir?aya",,PL,N.Na,37x3,33 To 1 To 42, G- Prayoga   ,5,60,C,G,
439,64/6,"?????? ??????
ugraratha ???ti?",????,PL,Tu,37x3,43 To 50,Shanti,5,60,C,G,
440,64/7,"?????? ??????
pray?ga paddhati",,PL,N.Na,37x3,51 To 72, G- Prayoga   ,5,60,Inc.,G,
441,64/9,"?????? ??????
ugraratha ???ti?",,PL,Tu,37x3,73 To 1 To 76,Shanti,6,60,C,G,
442,65,"?????? ??????
kapardi k?rik?",,PL,N.Na,36x3,1 To 176, G- Prayoga   ,6,75,Inc.,OD,
443,65/1,"????????? ???????????
taittir?ya prati??khy?",,P,D,29x10,1 To 6,Vedanga,8,45,C,G,
444,65/2,"????????? ?????????? ????????
taittir?ya prati??khya vy?khy?",,P,D,29x10,1 To 27,Vedanga,8,45,Inc.,G,
445,66,"????????? ??????
sapi???kara?a k?rik?",,PL,N.Na,33x3,2 To 65, G- Prayoga   ,6,50,Inc.,ODW,
446,67,"??? ???
amara k??a",Amara Simha,PL,N.Na,125x3.5,1 To 88,Nighantu,6,41,Inc,O,
447,67/1,"??? ????? ?????
cara?a vy?ha bh??ya",,P,D,30x10,1 To 19,Vedanga,9,40,C,G,"Saka 1729, year to 1808 Prabhavasam Asada Krishna to 4"
448,67/2,"??? ??????? ??????? ????
?iva mahimn? st?tra ??k?",,P,D,30x10,1 To 13,Stotra,9,40,C,G,"Sa - 1731, Year - 1810, Sukla Sam, "
449,67/3,"???????????? ?????
?rdhv?val?kana vidhi?",,P,D,30x10,1 To 2, G- Prayoga   ,13,68,C,G,"Saka 1730, Year to 1809 Sravana Sukla, "
450,68,"??????? ????
s?m?nya vaibhava",Ramacandrendra,P ,D,30x10,1 To 8,Jautisha,11,58,C,G,
451,68/1,"????? ??? ??????
agni mukha k?rik?",,PL,N.Na,42x3.5,2 To 27, G- Prayoga   ,5,78,Inc.,OD,
452,68/2,"?????????????? ????????
vi??usahasran?ma st?tra?",Vyasa,PL,N.Na,42x3.5,99 To 1 To 107,Stotra,5,78,C,OD,
453,68/2,"?????? ??????
kapardi k?rik?",,PL,N.Na,42x3.5,28 To 99, G- Prayoga   ,5,78,Inc.,OD,
454,68/3,"?????? ??????? ?????
vin?yaka caturth? vrata?",,PL,N.Na,42x3.5,107 To 113,Vrata,5,78,C ,OD,
455,68/4,"????????? ????
ana?tavrata? kalpa",,PL,N.Na,42x3.5,12Folios,Vrata,5,78,C ,OD,From : Bhavisottarapurana
456,69/1,"??????????? ??????????
subrahma?ya m?h?tmya?",,P,D,29.5x7,1 To 25,Purana,6,45,C,G,Scribe : Balakrsna 
457,69/1,"???? ??????
kap?ta ???ti?",,PL,N.Na,35x3,1 To ,Shanti,6,56,C ,OD,
458,69/10,"????? ??????? ?????? ??????
graha?a pras?ti rajasvala ???ti?",,PL,N.Na,35x3,20 To 22,Shanti,6,56,C,OD.,
459,69/11,"??? ??????
udaka ???ti?",,PL,N.Na,3.5x3,22 To 23,Shanti,6,56,C,O,Bodhayaniya
460,69/12,"??????????? ??????
r?g?tpatti ???ti?",,PL,N.Na,35x3,23 To 36,Shanti,6,56,C ,G,
461,69/13,"??? ?????? ??????
k?ka prav??a ???ti?",,PL,N.Na,35x3,36 To 38,Shanti,6,56,C,OD,
462,69/15,"???????? ??????
s?niv?li ???ti?",,PL,45x4 ,35x3,41 To 1 To 45,Shanti,6,56,C,OD,
463,69/16,"?????????? ??????
sarv?dbhuta ???ti?",,PL,N.Na,35x3,45 To 1 To 55,Shanti,6,56,C,OD,Saunakokta 
464,69/19,"?????? ????? ?? ??????
?div?ra prathama raja ???ti?",,PL,N.Na,35x3,65 To 1 To 66,Shanti,6,56,C,OD,
465,69/2,"????????? ????
m?tyu?jaya m?nasa",Sankaracarya,P,D ,29.5x7,25 To 30,Stotra,6,45,C,G,
466,69/2,"?????? ??????
???ti? paddhati",,PL,N.Na,35x3,2 To 8,Shanti,6,56,C ,O,
467,69/23,"??????? ?????????? ??????
caturthi pratham?rthava ???ti?",,PL,N.Na,35x3,70 To 1,Shanti,6,56,C,OD,
468,69/24,"??????????? ??????
?a??hy?rthava ???ti?",,PL,49x5 ,35x3,70 To 1 To 71,Shanti,6,56,C,OD,
469,69/25,"?????? ?????????? ??????
a??ami pratham?rthava ???ti?",,PL,N.Na,35x3,71 To 71 To 1,Shanti,6,56,C,OD,
470,69/26,"???? ?????????? ??????
navami pratham?rthava ???ti?",,PL,N.Na,35x3,1 To ,Shanti,6,56,C,OD,
471,69/27,"?????? ?????????? ??????
?k?da?? pratham?rthava ???ti?",,PL,N.Na,35x3,72 To 72 To 1,Shanti,6,56,C,GO,
472,69/28,"??????? ?????????? ??????
dv?da?? pratham?rthava ???ti?",,PL,N.Na,35x3,72 To 1,Shanti,6,56,C,OD,
473,69/29,"??????? ?????????? ??????
caturthi pratham?rthava ???ti?",,PL,N.Na,35x3,73,Shanti,6,56,C,OD,
474,69/3,"??? ??????????
gay? m?h?tmya?",,P,D,29.5x7,30 To 63,Purana,6,45,C,G,"From : Vayupurana, Scribe : Balakrisna"
475,69/3,"??????????? ??? ??????
vyatip?t?di janana ???ti?",????,PL,N.Na,35x3,8 To 10 To 1,Shanti,6,56,C,OD ,Saunakiya
476,69/31,"????????? ?????????? ??????
am?v?sy? pratham?rthava ???ti?",,PL,N.Na,35x5,74 To ,Shanti,6,56,C ,OD,
477,69/32,"???????????? ?????????? ??????
du??anak?atra pratham?rthava ???ti?",,PL,N.Na,35x3 ,74 To 1 To 76,Shanti,6,56,C,OD,
478,69/34,"???????? ?????????? ??????
k?ttik? pratham?rthava ???ti?",,PL,N.Na,35x3,76 To 1 To 77,Shanti,6,56,C,OD,
479,69/35,"??????? ?????????? ??????
??l??? pratham?rthava ???ti?",,PL,N.Na,35x3,77 To 77 To 1,Shanti,6,56,C,OD,
480,69/37,"????? ?????????? ??????
j???a pratham?rthava ???ti?",,PL,N.Na,35x3,78 To ,Shanti,6,56,C,OD,
481,69/38,"?????? ??????
?ithili ???ti?",,PL,N.Na,35x3,79 To 86 To 1,Shanti,6,56,C ,OD,Bodhayanokta 
482,69/39,"?????? ??????
valm?ka ???ti?",,PL,N.Na,35x3,86 To 1 To 88,Shanti,6,56,C,OD,Gargyokta 
483,69/4,"??????? ?????????? ??????
vi?an??i pratham?rthava ???ti?",,PL,N.Na,35x3,10 To 1 To 13,Shanti,6,56,C,OD,Brahmokta 
484,69/40,"??????? ??????
grahay?ga ???ti?",,PL,N.Na,35x3,88 To 1 To 91,Shanti,6,56,C,OD,Yamalokta 
485,69/41,"????? ??? ??????
g?mukha janana ???ti?",,PL,N.Na,35x3,91 To 1 To 93,Shanti,6,56,C,OD,
486,69/43,"??????????? ?????????? ??????
vyatip?t?di pratham?rthava ???ti?",,N.Na,35x3 ,96to1to98,6,Shanti,56,C,OD,,
487,69/44,"????? ??????? ??? ??????
j???a nak?atra janana ???ti?",,PL,N.Na,35x3,98 To 103 To 1,Shanti,6,56,C,G.,
488,69/46,"????? ???????? ??? ??????
k???a caturda?? janana ???ti?",,PL,N.Na,35x3,105 To 106,Shanti,6,56,C,OD,
489,69/47,"????????? ????? ??????
am?v?sy? prasava ???ti?",,PL,N.Na,35x3,106 To ,Shanti,6,56,C,OD,
490,69/48,"??? ??? ??????
k??a dahana ???ti?",,PL,N.Na,35x3,106 To 1 To 108,Shanti,6,56,C,OD,
491,69/49,"???? ??????
jvara ???ti?",,PL,N.Na,35x3,108 To 109,Shanti,6,56,C ,OD.,
492,69/5,"???????????
utpala???ti?",,PL,N.Na,35x3,13 To 1 To 14,Shanti,6,56,C,OD,Vradha Gargyaprokta 
493,69/50,"??? ???? ??????
??ta jvara ???ti?",,PL,N.Na,35x3,109 To 110,Shanti,6,56,C,OD,
494,69/51,"???? ??????
kuh? ???ti?",,PL,N.Na,35x3,110 To 1 To 134,Shanti,5,50,C,OD,Saunakokta 
495,69/53,"??? ??? ??????
da?ta janana ???ti?",,PL,N.Na,35x3,135 To 136,Shanti,5,50,C,Od,
496,69/54,"????? ??? ??????
?kada?ta janana ???ti?",,PL,N.Na,35x3,136 To 1,Shanti,6,56,Inc.,OD,
497,69/55,"??????? ??????
grahay?ga ???ti?",,PL,N.Na,35x3,139 To 141,Shanti,5,50,Inc.,OD ,Saunaka
498,69/56,"??????????? ??? ??????
vyatip?t?di janana ???ti?",????,PL,N.Na,35x3,141 To 143,Shanti,5,50,C,OD,Yamalokta 
499,69/58,"????? ???????? ??? ??????
k???a caturda?? janana ???ti?",,PL,N.Na,35x3,144 To 146,Shanti,5,50,C,OD,
500,69/59,"??????????????? ?????
n?gaprati??h?pan? vidhi?",,PL,N.Na,35x3,146 To 148,Shanti,5,50,C,OD,Saunakiya 
501,69/6,"??????? ??????? ??????
abhijin nak?atra ???ti?",,PL,N.Na,35x3,15 To 16,Shanti,6,56,C,OD,
502,69/60,"??????????? ?????
sarpasa?sk?ra vidhi?",,PL,N.Na,35x3,148 To 1 To 151,Shanti,5,50,C,OD,""""
503,69/62,"???? ??????
ta??ka ???ti?",,PL,N.Na,35x3,152 To 155,Shanti,5,50,C ,OD,
504,69/63,"????? ??? ??????
?kada?ta janana ???ti?",,PL,N.Na,35x3,155 To 157,Shanti,5,50,C,OD,
505,69/7,"??? ????? ??????
k?ka maithuna ???ti?",,PL,N.Na,35x3,16 To 1 To 17,Shanti,6,56,C,OD,Gargyokta 
506,69/8,"??????? ??? ??????
vi?an??i janana ???ti?",,PL,N.Na,35x3,17 To 1 To 18,Shanti,6,56,C,OD,Gargyokta 
507,69/9,"????? ??????
graha?a ???ti?",,“,N.Na,35x3,18 To 1 To 19,Shanti,6,56,C,OD.,
508,70,"?????? ????
pray?ga ratna",?????? ????,P,D,20.5x15.5,19 To 118, G- Prayoga   ,11,23,Inc.,ODW,
509,70/1,"??? ????? ??????
k?la vidh?na paddhati",?????? ????,PL,N.Na,34x3.5,1 To 23,Jautisha,5,68,C,OD ,
510,70/2,"???? ???
h?r? ?la?",,PL,N. Na,34x3.5,24,Jautisha,5,68,C ,G,
511,70/3,"??????? ??????
nak?atra prak?ra",,PL,N. Na,34x3.5,24 To 1,Jautisha,5,68,C,OD,
512,70/4,"????????? ?????
am?s?mav?ra vrata?",,PL,N.Na,34x3.5,25 To 26,Vrata,5,68,C,OD ,From : Skanda Purana
513,70/6,"?????????? ????
i?dr?k?i kavaca?",, PL,N.Na,34x3.5,32 To 35,Stotra,7,80,C,OD,From : Gruhya- Gruhya- Prayoga Sara 
514,70/7,"????????? ??????????
tulak?v?ri m?h?tmya?",,PL,N.Na,34x3.5,36 To 44,Purana,6,70,C,OD,
515,70/8,"??????? ?????????
sm?rta prad?pik?",,PL,N.Na,34x3.5,45 To 77, G- Prayoga   ,7,80,Inc.,OD,Asvalayaniya 
516,70/9,"????? ???
g?c?ra ?la?",,PL,N. Na,34x3.5,one,Jautisha,7,80,Inc.,OD,
517,71,"???????
r?m?ya?a?",,P,D,21x11,1 To 129,Itihasa,10,33,Inc,DW,Sundara kanda
518,71/1,"??????? ?????
pa?cagavya vidhi?",,PL,N.Na,37x4,1 To 4, G- Prayoga   ,6,62,C,G,
519,71/10,"??????? ???????
pu?y?ha pray?ga?",,PL,N.Na,37x4,29 To 29 To 1, G- Prayoga   ,6,62,C,GO,
520,71/11,"???? ?????? ?????
v?s? tsarga vidhi?",,PL,Tu,37x4,29 To 1 To 33, G- Prayoga   ,6,62,C,OD,
521,71/12,"????? ???????? ?????
agni ?k?di??a vidhi?",,PL,N.Na,37x4,33 To 1 To 54 To 1, G- Prayoga   ,6,62,C,GO,
522,71/13,"????? ???? ????????????
agni na??a pr?ya?citta",,PL,N.Na,37x4,54 To 56, G- Prayoga   ,6,62,Inc,OD,
523,71/2,"?????????? ?????
utkr??ti g?d?na",,PL,N.Na,37x4,4, G- Prayoga   ,6,62,C ,G,
524,71/3,"??? ???? ???
tila patra d?na",,PL,N.Na,37x4,4 To 1, G- Prayoga   ,6,62,C ,G,
525,71/4,"???? ?????
kar?a ma?tra",,PL,N.Na,37x4,4 To 1 To 5 To 1, G- Prayoga   ,6,62,C,G,
526,71/5,"??????? ???
dadyanna d?na",,PL,N.Na,37x4,5 To 1 To 7, G- Prayoga   ,6,62,C ,G,
527,71/6,"????????
pr?tad?na",,PL,N.Na,37x4,7 To 17, G- Prayoga   ,6,62,C ,GO,
528,71/7,"???? ????????? ???????
nagna pracc?dana ?r?ddha",,PL,N.Na,37x4,17 To , G- Prayoga   ,6,62,C,G,
529,71/8,"????? ?????
sa?cayana vidhi?",,PL,N.Na,37x4,20 To 24, G- Prayoga   ,6,62,C,GO,
530,71/9,"???????? ????????
ga?g?sti nik??pa?a",,PL,N.Na,37x4,24 To 29, G- Prayoga   ,6,62,C,OD,
531,72,"?????? ????????
raghuva??a vy?khy?",Mallinatha,P,D,21.5x16,28Folios,Kavya,15,28,Inc.,ODW,Script : Devanagari Tika-Kannada
532,72/1,"?????? ??? ???????
sm?ti s?ra samuccaya",,PL,N.Na,37x3,1 To 79,Smriti,7,70,Inc.,G,
533,72/2,"????????? ??????
vaidik?c?ra nir?aya",?????????? ????,PL,N.Na,37x3 ,92 To 116, G- Prayoga   ,7,70,C,GO,
534,72/3,"???? ?????
tithi darpa?a",???? ????,PL,N.Na,37x3,118 To 128, G- Prayoga   ,7,70,C,G,
535,72/4,"????? ?????
graha?a vidhi?",,PL,N.Na,37x3,1 To 3, G- Prayoga   ,7,70,C ,GO,
536,73,"????? ????????? ???
v?t?la pa?cavi??ati kath?",Vallabha,P,D,21x11,1 To 21,Gadya - Katha,21,25,C,O,
537,73,"??????? ????? ????????
muh?rta dar?ana vy?khy?",,PL,N. Na,28x4.5,3 To 64,Jautisha,7,40,Inc.,OD,
538,74,"????????????????? ?????
pr??aprati??h?pan? vidhi?",,PL,N. Na,19x5,15Folios,Tantra Mantragama,7,30,Inc.,OD ,
539,74,"???????????????
n?mali?g?nu??sana?",Amara Simha,P,D,21.5x15.5 ,1 To 62,Nighantu,12,20,Inc.,G,
540,75,"?????????
bhagavadg?t?",Amara Simha,PL ,N.Na,19x5,1 To 9,Gita,7,32,Inc. ,OD,
541,75,"????????? ????????
taittir?ya br?hma?a",,P,D,19.5x8.5, To ,Brahmana,10,28,Inc.,OD,
542,76,"?????????
?a?karavijaya?",Anantananda Giri,P,D,19.5x10,1 To 77,Kavya,14,35,C,G,
543,76/1,"?????? ????????
argal? st?tra?",,PL,N.Na,22x5.5,1 To 5,Stotra,9,38,C,G,
544,76/2,"???? ????????
k?laka st?tra?",,Tu,N.Na,22x5.5,5 To 1 To 11,Stotra,9,38,Inc.,G,
545,77,"????? ???????
ma?tra r?m?ya?a?",Nilakanta,P,D,20x10.5,1 To 81,Itihasa,11,30,C,G,
546,77,"???? ??????????
d?v? m?h?tmya?",Nilakanta,PL,N.Na,22x5.5,2 To 51,Purana,8,30,Inc. ,O,From : Markandeya Purana 
547,78,"?????? ??????????
k?v?ri m?h?tmya?",Nilakanta,P,D,21x9.5,1 To 42,Purana,10,27,C,G,"From : Skanda Purana, Sa - 1763, "
548,78/1,"???????? ?????? ????????
siddh??ta kaumudi vy?khy?",Bhattoji Diksita,PL,N.Na,46x5.5,1 To 118,Vyakarana,9,93,Inc.,OD,
549,78/2,"???????? ?????? ????????
siddh??ta kaumudi vy?khy?",Bhattoji Diksita,PL,N.Na,46x5.5,1 To 109,Vyakarana,9,93,Inc.,ODW ,
550,79,"?????????? ?????
satyan?r?ya?a vrata?",,P,D,21.5x11,1 To 17,Vrata,11,26,C,G,"Saka -1802, Year : 1881, Vikrampusha - "
551,79/1,"????????? ????????
mah?pani?ad vy?khy?",,PL,N.Na,34x5,85 To 88 To 1,Upanisat,8,61,Inc.,O,
552,79/2,"?????????????????
?tmaprab?dh?pani?at",,PL,N.Na,34x5,88 To 1 To 93,Upanisat,8,61,C ,O,
553,79/3,"?????????????? ??????
k?urik?pani?ad bh??ya?",,PL,N.Na,34x5,93 To 98,Upanisat,8,61,C,G,
554,79/4,"??????????????? ????????
m????ky?panisad vy?khy?",,PL,N.Na,34x5,98.102,Upanisat,8,61,C,O,
555,79/5,"????????
vy??ik?",,PL,N.Na,34x5,103 To 108,Vedanga,8,61,Inc.,O,
556,80,"?????????? ???????
da?ap?r?am?sa pray?ga?",,D,22.5x11,1to23,10,shrouta- G- Prayoga   ,30,C,G,,
557,80,"??????? ???????
?r?ddha pray?ga?",,PL,N.Na,23x5,1 To 32, G- Prayoga   ,7,33,Inc,GO,
558,81,"?????? ????????
sm?ti ca?drik?",Devana Bhatta,PL,N.Na,42x5,16 To 234,Smriti,7,82,Inc.,OD,
559,81,"?????? ??????
?gv?da sa?hit?",,P,D,24 x 12,1 To 57,Samhita,11,34,Inc.,DW,"V Astaka, 6th Adyaya"
560,82,"??? ???????
?aiva ratn?kara",Jyotirnatha,PL,N. Na,48x5.5, To ,Veerashaiva,8,80,Inc.,ODW,
561,82/1,"?????? ??????? ????????
ca??ik? st?tra vy?khy?",,P,D,28x12,1 To 82,Stotra,11,40,C,G,"Sa - 1700, Year - 1779, Vilambi Sam, "
562,82/2,"?????? ??????
vin?yaka ???ti?",????????????,P,D,28x12,1 To 4,Shanti,14,54,C,G,"Saka 1719, Pingala Sam Palguna, Trayodasi"
563,82/3,"????? ?????? ?????
p?rva m?m??sa s?tra",Jaimini,P,D,28x12,1 To 2,Yoga,14,54,Inc.,G,
564,83/1,"?????????? ??????
a?ty???hi paddhati",?????? ????,P,D,21x10.5 ,1 To 17, G- Prayoga   ,13,33,Inc.,GO,
565,83/1,"??? ??????? ?????
yati sa?sk?ra vidhi?",,PL,N.Na,23x3.5,1 To 9, G- Prayoga   ,5,38,Inc.,GO,
566,83/10,"???????????? ???? ???
varamah?lak?m? vrata kath?",,PL,N.Na,23x3.5,81 To 85,Vrata-Katha,5,38,C,GO,From : Bhavisottara purana 
567,83/11,"?????????? ?????
svar?agaur? vrata?",,PL,N.Na,23x3.5,85 To 1 To 90,Vrata,5,38,C ,GO,From : Skandapurana
568,83/12,"?????? ?????
gajagaur? vrata?",,PL,N.Na,23x3.5,91 To 96,Vrata,5,38,C,GO,From : Skandapurana
569,83/13,"???? ???? ?????
da?aratha gaur? vrata?",,PL,N.Na,23x3.5,96 To 1,Vrata,5,38,Inc.,GO,
570,83/2,"?????????? ????????
datt?tr?ya st?tra?",Sankaracarya,PL,N.Na,23x3.5 ,25 To 36,Stotra,5,38,C,GO,
571,83/2,"?????????? ??????
a?ty???hi paddhati",,P,D,21x10.5,1 To 36, G- Prayoga   ,7,25,Inc.,OW,
572,83/3,"?????? ??????? ?????
vin?yaka caturth? vrata?",,PL,N.Na,23x3.5,37 To 45,Vrata,5,38,C,GO,
573,83/4,"?????? ???? ???
vin?yaka vrata kath?",,PL,N.Na,23x3.5,45 To 50 To 1,Vrata-Katha,5,38,C,GO ,""""
574,83/5,"?????? ?????
d?na?la? vrata?",,PL,N.Na,23x3.5,50 To 1 To 69,Vrata,5,38,C,GO,From : Padmapurana
575,83/6,"????????? ???? ???
garu?apa?cam? vrata kath?",,PL,N.Na,23x3.5,69 To 1 To 72,Vrata-Katha,5,38,C,GO,From : Garuda purana
576,83/7,"???????? ?????
??ipa?cam? vrata?",,PL,N.Na,23x3.5,72 To 75,Vrata,5,38,C,GO,
577,83/8,"???????? ???? ???
??ipa?cam? vrata kath?",,PL,N.Na,23x3.5,75 To 1 To 80,Vrata-Katha,5,38,C,GO,From : Brahmanda purana
578,83/9,"???????????? ?????
varamah?lak?m? vrata?",,PL,N.Na,23x3.5,80 To 81,Vrata,5,38,C,GO,
579,84,"?????? ???????
pray?ga p?rij?ta",??????,PL,N.Na,20x4,1 To 11, G- Prayoga   ,7,42,Inc.,D,
580,84/1,"?????? ????? ??????
brahma pra?ava d?pik?",??????,P,""" ",20.5x8,1 To 21,Jautisha,16,50,C,OD,
581,84/2,"?????? ????? ?????
brahma pra?ava lak?a?a",,P,""" ",20.5x8,1 To 6,Jautisha,11,35,Inc.,OD ,
582,84/3,"????? ?????? ?????
j?vat pit?k? tarpa?a",,P,D,20.5x8,1 To 2, G- Prayoga   ,15,48,Inc.,G,
583,85,"??????? ???????
?r?ddha pray?ga?",,PL,N.Na,19x4,1 To 93, G- Prayoga   ,5,25,Inc,OD,
584,85/1,"?????????????? ?????
ga?apatiya???ttara ?atan?ma",,P,D,21x11,1 To 23,Stotra,9,32,C,OD,
585,85/10,"????????? ????
ana?tavrata? kalpa",,P,D,21.5x10.5,1 To 9,Vrata,13,34,C,OD,
586,85/11,"??????????? ??????????
?iva???ttara ?atan?m?va?i?",,P,D,20x10.5,1 To 5,Stotra,9,23,C,G,"Saka - 1760, Year - 1839, Vilambi sam, "
587,85/2,"?????? ???? ???
vin?yaka vrata kath?",,P,D,21.5x11.5,1 To 2,Vrata-Katha,12,32,C,G,
588,85/3,"?????????
b?hajj?taka",Varahamihira,P,D,21.5x10,1 To 12,Jautisha,13,32,Inc.,G,1-10 Adhyaya
589,85/4,"???? ??? ?????
k?ra?a ?uka j?taka?",,P,D,21x11,1 To 9,Jautisha,10,30,C,G,
590,85/5,"???? ????
graha l?ghava",Ganesha Daivajna,P,D,21.5x11 ,1 To 12,Jautisha,10,30,C,G,"Saka 1798 year 1877, Datu sam Sravana "
591,85/6,"????? ?????
????h? vrata?",,P,D,21x11,1 To 4,Vrata,13,36,C ,OD,From : Skandapurana
592,85/7,"?????????? ?????
satyan?r?ya?a vrata?",,P,D,20x11,1 To 14,Vrata,12,25,C,OD,"From : Skandapurana Saka : 1797, "
593,85/8,"?? ???? ?????
va?a p?j? vidhi?",,P,D,20x11,1 To 7, pooja,8,18,C ,OD,
594,85/9,"??????????? ?????
a?vatthap?j? vidhi?",,P,D,20x11,1 To 5, pooja,8,18,C ,OD,"Saka, 1790, Vibhavasam Vaisaka "
595,86,"???? ??????????
d?v? m?h?tmya?",,PL,N.Na,16x4,11 To 81,Purana,9,95,Inc.,OD,""""
596,86,"???????? ??????
mah?v?kya nir?pa?a",Sankaracarya,P,D,21x11,1 To 26,Jautisha,13,40,C,G,"Saka-1787, Year-1865 "
597,87,"??????? ??????????
mall?ri m?h?tmya?",Vyasa,PL,N.Na,36x5,1 To 10,Purana,8,55,Inc.,OD,
598,87,"?????? ??????
janan?di ???ti?",,P,D,20.5x11,1 To 113,Shanti,9,23,C,OD,
599,88,"?????
pavam?na",,P,D,21x10,1 To 24,Veda - Mantra,9,30,Inc.,OD,
600,88/1,"??????????
b?lar?m?ya?a?",Valmiki,PL,N.Na,20x5.5,1 To 13,Itihasa,8,32,C,G,"Raudri Sam, Asvija Bahula - 4"
601,88/2,"????????? ???
m?rka???ya h?ma",,PL,N. Na,20x5.5,19x27,Tantra Mantragama,8,32,C,GO,
602,89,"???? ?????
m?ru ta?tra",,P,D,22x9,1 To 9,Tantra Mantragama,9,30,Inc.,OD,Scribe: Narasimha Joies
603,89/1,"?????? ??????????
r??uk? m?h?tmya?",Vyasa,PL,N.Na,35x5,1 To 65,Purana,9,65,Inc.,OD,"From : Skanda Purana, Jaya sam, "
604,89/2,"????? ?????
ajad?na vidhi?",,PL,N.Na,35x5,1 To ,Shanti,7,69,C ,GO,From : Rudrayamala 
605,89/3,"????? ??????
ska?da pur??a?",,PL,N.Na,35x5,3 To 109,Purana,8,70,Inc. ,OD,From : Kasi Kanda 
606,90,"?????? ??????????
k?v?ri m?h?tmya?",,PL,N.Na,38x5.5,1 To 135,Purana,8,52,Inc.,OD ,From : Skanda Purana 
607,90/1,"?????????? ????????????
satyan?r?ya?a vrat?dy?pana?",,P,D,16.5x10.5,1 To 2,Vrata,10,25,Inc.,GO,
608,90/2,"????????
gurug?t?",,P,D,16.5x10.5,2 To 22,Gita,10,20,Inc. ,G,From : Skanda Purana
609,91,"?????? ????
pray?ga ratna",?????? ????,PL,N.Na,28x5.5,1 To 147, G- Prayoga   ,9,50,C,G,
610,91/1,"????????
gurug?t?",?????? ????,P,D,19x11,1 To 13,Gita,12,28,C,G ,"Saka-1770, Year-1849, Kilaka sam, "
611,91/2,"?????????????? ????????
vi??usahasran?ma st?tra?",?????? ????,P,D,17.5x11,1 To 19,Stotra,8,20,C,G,
612,92,"???????? ??????
prakriya kaumudi",Ramachandra,PL,N.Na,41.5x4.5,1 To 160,Vyakarana,7,58,Inc.,ODW,
613,92,"??????? ???????????
p?rthiva li?g?dy?pana",,P,D,20.5x11,1 To 3,Tantra Mantragama,12,30,Inc.,G,
614,92/3,"?????? ??? ???????
vidagdha n?ma c???ma?i",Vittala,PL,N.Na,41.5x4.5,1 To 12,Nighantu,8,96,Inc.,DW,Amarakhya Dvetiya Khanda only
615,93/1,"?????? ?????
v?dap?da stava?",Vyasa,P,N.Na,20x3.5,1 To 28,Stotra,6,20,C,ODW,From : Skanda Purana 
616,93/1,"???? ??????? ?????
?tura sa?ny?sa vidhi?",,P,D,21x11,1 To 4, G- Prayoga   ,11,32,C,G,Angirasokta 
617,93/2,"????? ????
viv?ha lagna",,PL,N. Na ,20x3.5,30 To 40,Jautisha,6,20,Inc.,DW,
618,93/2,"??? ??????? ?????
yati sa?sk?ra vidhi?",,P,D,21x11,4 To 10, G- Prayoga   ,11,32,Inc.,G,
619,93/3,"????????? ?????
?aniprad??a vrata?",,PL,N.Na,20x3.5,41 To 62,Vrata,6,20,Inc.,DW ,From : Skandapurana
620,94,"???????? ????? ????
grahadar?a vibh?ga ratna",,P,D,17x11,1 To 4,Jautisha,20,18,C,G,"Saka 1789, year 1867 "
621,94,"?????? ??????
?gv?da sa?hit?",,PL,N.Na,41.5 x4,1 To 157,Samhita,5,70,C,O ,"V,VI,VII Astaka"
622,95,"???????
l?l?vati",,P,D,24.5x9.5,1 To 4,Jautisha,12,145,Inc.,G,
623,95/1,"?????? ??????
navaratna m?lik?",Sankaracarya,PL,N.Na,15.5x3.5,1 To 3,Stotra,8,25,C,OD,
624,95/10,"????????? ????????
annap?r?a st?tra?",,PL,N.Na,15.5x3.5,56 To 60,Stotra,8,25,C,OD ,
625,95/11,"??????? ???????
ha??ikh? stuti?",,PL,N.Na,15.5x3.5,60 To 63,Stotra,8,25,C,OD,
626,95/12,"?????????? ???????
mah?lak?m? stuti?",Agastya,PL,N.Na,15.5x3.5,63 To 66 To 1,Stotra,8,25,C,GO,
627,95/13,"??????????????????? ?????
mah?lak?m?ya???ttara ?atan?ma",Agastya,""" ",15.5x3.5,66&80,8,Stotra,25,,C,OD,From : Matsya Purana 
628,95/14,"????????? ????
pa?c?k?ari p?j?",,PL,N.Na,15.5x3.5,81 To 90, pooja,8,25,C,O,
629,95/15,"???? ????
d?v? kavaca?",Vyasa,PL,N.Na,15.5x3.5,91 To 95,Stotra,8,25,C,GO,From : Markandeya Purana 
630,95/16,"???? ??????????
d?v? m?h?tmya?",,PL,N.Na,15.5x3.5,95 To 1 To 120,Purana,8,25,Inc. ,OD,""""
631,95/2,"?????????? ????????
mah?lak?m? st?tra?",,PL,N.Na,15.5x3.5,3 To 1 To 4,Stotra,8,25,C,OD,
632,95/3,"????????? ????????
annap?r?a st?tra?",,PL,N.Na,15.5x3.5,4 To 4 To 1,Stotra,8,25,C,OD,
633,95/4,"?????????? 
d?vy?rgala ",,PL,N.Na,15.5x3.5,4 To 8,Stotra,8,25,C,OD,From : Markandeya Purana 
634,95/5,"???? ???????????
d?v? mah?st?tra?",,PL,N.Na,15.5x3.5,8 To 26 To 1,Stotra,8,25,C,OD,
635,95/6,"??? ?????
laghu stava?",,PL,N.Na,15.5x3.5,26 To 1 To 31,Stotra,8,25,C,OD,
636,95/7,"??????? ????????
sau?darya st?tra?",,PL,N.Na,15.5x3.5,31 To 1 To 35,Stotra,8,25,C,OD,
637,95/8,"????? ????????
bhagavat? st?tra?",,PL,N.Na,15.5x3.5,35 To 1 To 42,Stotra,8,25,C,OD,
638,95/9,"???? ?????
pa?c? stava?",,PL,N.Na,15.5x3.5,43 To 56,Stotra,8,25,C,OD,
639,96,"????????? ????????
li?g?rcana ca?drik?",,P,D,23x10.5,41 To 133,Yoga,11,35,Inc.,OD,"Saka - 1820, Kartika Sukla, "
640,96/1,"??????? ????
parjanya kalpa",,PL,N.Na.,43x4,1 To 4, G- Prayoga   ,7,76,Inc.,OD,
641,96/2,"?????? ???????????
vi??u pavitr?r?pa?a",????????,PL,N.Na,43x4,1 To 4, G- Prayoga   ,7,76,Inc,OD,
642,96/3,"?????????? ?????
a?kur?rpa?a vidhi?",,PL,N.Na,43x4,1 To 4, G- Prayoga   ,7,76,Inc.,OD,
643,96/4,"???????????? ?????
durg???aba?dha vidhi?",,PL,N.Na,43x4,1 To 4,Shanti,7,76,Inc.,OD,
644,96/5,"??????????? ???
sm?ty?rtha s?ra",,PL,N.Na,43x4,1 To 22,Smriti,7,76,Inc.,OD,
645,96/6,"???????????? ?????
pr?yas?yitta vidhi?",,PL,N.Na.,43x4,1 To 8, G- Prayoga   ,7,76,Inc.,OD,
646,96/7,"??? ????????????
?iva prati??h?pan?",,PL,N.Na,43x4,1 To 2,shaiva,7,76,Inc. ,OD,
647,97/1,"???????? ???????
suba?tar?pa sa?graha?",,P,D,19.5x10,1 To 10,Vyakarana,13,38,Inc.,G,
648,97/1,"???????????
aitar?y?ra?yaka",,PL,N.Na,40x3.5,1 To 3,aranyaka,6,73,C,G,
649,97/2,"???? ????????
dh?tu r?p?va?i?",,P,D,19.5x10,1 To 6,Vyakarana,13,38,Inc.,G,
650,97/2,"????? ????????
aitar?ya br?hma?a",,PL,N.Na,40x3.5,32 To 150,Brahmana,6,73,Inc.,GO,Scribe : Seshabhatta 
651,97/3,"???? ????????
dh?tu r?p?va?i?",,P,D,19.5x10,1 To 6,Vyakarana,13,38,Inc.,G ,
652,97/4,"????? ?????????
ti?a?ta uttar?rdha",,P,D,21x10,1 To 7,Vyakarana,10,30,Inc. ,G,
653,98,"??? ?????
y?ga m?rga",,P,D,20x10,1 To 11,Yoga,13,38,Inc. ,G,
654,98/1,"??????? ????
ana?tad?ra na??a",,PL,N.Na,21.5x4.5,one,Vrata,8,35,C,OD,
655,98/2,"???????? ?????
??ipa?cam? vrata?",,PL,N.Na,21.5x4.5,38 To 39,Vrata,8,25,Inc.,OD,
656,98/3,"????????? ?????
sapi???kara?a vidhi?",,PL,N.Na,24x5,193 To 204, G- Prayoga   ,8,37,Inc.,OD,
657,98/4,"??? ???????? ?????
m?ta sa?j?vini s?kta",,PL,N.Na,32x4.5,1 To 3,Veda - Mantra,9,53,C,OD,
658,98/5,"??? ?????
s?ma s?kta",,PL,N.Na,32x4.5,3 To 4,Veda - Mantra,9,53,C,OD,
659,98/6,"??? ???????
apara pray?ga?",,PL,N.Na,32x4.5,4 To 1 To 14, G- Prayoga   ,9,53,Inc.,OD,
660,98/7,"????? ???????? ?????
agni ?k?di??a vidhi?",,PL,N.Na,32x4.5,1 To 3, G- Prayoga   ,8,40,C,OD,
661,98/8,"???? ??????? ??????
???a?a ?r?ddha pray?ga",,PL,N.Na,32x4.5,3 To 1 To 5, G- Prayoga   ,8,40,C,OD,
662,99/1,"???? ???? ??????
kalpa vidhi ny?sa?",,PL,Te,30x3, To , pooja,6,60,Inc.,OD,
663,99/1,"??????? ?????
lak?m? s?kta",,P,D,21x10,1 To 2,Veda - Mantra,9,30,C,G,
664,99/2,"???? ????????? ?????
garu?a pa?c?k?ar? ma?tra",,PL,N.Na,30x3,1 To 4,Vaidya,& ,&,Inc.,O,
665,99/2,"????? ?????
puru?a s?kta",,P,D,21.5x10.5,1 To 2,Veda - Mantra,9,30,C,G,
666,99/3,"????? ???????????? ?????
d?vat? prati??h?pan? vidhi?",,PL,N. Na,30x3,1 To 3,Tantra Mantragama,4,38,Inc.,O,
667,99/3,"???? ?????
?r? rudra",,P,D,11x20,1 To 13,Veda - Mantra,9,25,C,G,
668,99/4,"????? ???????????? ????
d?vat? vist?rasa?k?ca r?p?",,P,D,19.5x10,1 To 3,Agama,15,45,C,G,
669,99/4,"?????? ?????????????? ?????
m?rti prati??h?pan?pana vidhi?",,PL,GR,30x3,7Folios,Tantra Mantragama,4,38,Inc.,O,Bodhayanokta
670,99/5,"???? ?????
d?y? vibh?ga",,P,D,19.5x10,1 To 5,G- Prayoga   ,16,40,Inc.,G,From : Manu Smrti
671,99/5,"?????? ???? ?????
v?stu p?j? vidhi?",,PL,N.Na,30x3,17 To ,Shaivagama,4,38,Inc,O,
672,99/6,"???????????? ?????
prati??h?pan? vidhi?",,PL,N. Na,30x3,1 To 3,Tantra Mantragama,6,58,Inc. ,OD,
673,99/6,"??????????????? ?????
pr???gnih?tra vidhi?",,P,D,19.5x10,1 To 2,Veda - Mantra,11,36,C,G,
674,99/7,"????? ???????????? ?????
rudra prati??h?pan? vidhi?",,PL,N.Na,30x3,4 To 35, G- Prayoga   ,6,55,Inc,OD,Bodhayanokta 
675,99/8,"??????? ???????????? ?????
ta??k?di prati??h?pan? vidhi?",,PL,N. Na,30x3,36 To 43,Tantra Mantragama,6,58,Inc.,OD,
676,99/9,"??? ??????
bh?ta suddi",,PL,N. Na,30x3,44 To 60,Tantra Mantragama,6,58,Inc.,O,
677,100/1,"????????? ?????
garu?apa?cam? vrata?",,PL,N.Na,38x3,1 To 2,Vrata,7,70,C,OD,
678,100/1,"???????? ????????
apam?rjana st?tra?",,P,D,21x10,1 To 9,Stotra,11,30,C,GO,From : Visnudharmottara Purana 
679,100/10,"?????? ?????
s?mav?ra vrata?",,PL,N.Na,38x3,18 To 21,Vrata,5,58,C,O,
680,100/11,"?????????? ?????
mah?lak?m? vrata?",,PL,N.Na,38x3,22 To 25,Vrata,5,58,C,O,
681,100/12,"?????????? ???? ???
mah?lak?m? vrata kath?",,PL,N.Na,38x3,26 To 28,Vrata-Katha,5,58,C,OD,
682,100/13,"?????????? ?????
k???ajaya?t? vrata?",,PL,N.Na,38x3,28 To 30 To 1,Vrata,5,58,C ,GO,
683,100/14,"?????????? ???? ???
k???ajaya?t? vrata kath?",,PL,N.Na,38x3,30 To 1 To 36,Vrata-Katha,5,58,C,OD,""""
684,100/15,"???? ??????? ?????
ga???a caturth? vrata?",,PL,N.Na,38x3,37 To 40,Vrata,5,58,C,OD,
685,100/16,"?????? ???? ???
vin?yaka vrata kath?",,PL,N.Na,38x3,40 To 42,Vrata-Katha,5,58,C,OD,
686,100/17,"????? ???? ?????
yamun? p?j? vidhi?",,PL,N.Na,38x3,42 To 1 To 43, pooja,5,58,C,OD,
687,100/18,"????????? ????
ana?tavrata? kalpa",,PL,N.Na,38x3,44 To 47,Vrata,5,58,C,OD,
688,100/19,"???? ???????? ???? ???
ana?ta caturda?? vrata kath?",,PL,N.Na,38x3,47 To 1 To 54,Vrata-Katha,5,58,C,OD,""""
689,100/2,"???????????? ????
a?vatth?panayana kalpa",,PL,N.Na,38x3,1 To 3,Vrata,5,58,C,OD,Saunakiya
690,100/2,"?????? ?????
v?dap?da stava?",,P,D,22x10,1 To 9,Stotra,9,30,C,G,From : Brahmanda Purana 
691,100/20,"???????? ???? ???
??ipa?cam? vrata kath?",,PL,N.Na,38x3,54 To 1 To 69,Vrata-Katha,5,58,C,OD,""""
692,100/21,"???????? ????????????
??ipa?cam? vrat?dy?pana?",,PL,N.Na,38x3,2 To ,Vrata,5,58,C,OD,""""
693,100/22,"?????????????? ?????
s?mav?ram?v?sy? vrata?",,PL,N.Na,38x3,11Folios,Vrata,5,58,Inc. ,OD,
694,100/23,"??? ???? ????
r?ma p?j? kalpa",,PL,N.Na,38x3,4Folios,Vrata,5,58,Inc.,OD,
695,100/24,"??? ???? ???? ???
r?ma p?j? vrata kath?",,PL,N.Na,38x3,one,Vrata-Katha,5,58,Inc,OD,
696,100/3,"??????? ????? ????
a?vattha viv?ha kalpa",,PL,N.Na,38x3,3 To 4,Vrata,5,58,C,OD,From: Bhavisottara purana
697,100/3,"????????????? ????????
dak?i??m?rti st?tra?",Sankaracarya,P,D,20.5x10 ,1 To 6,Stotra,10,30,C,G,
698,100/4,"????????????? ????
dak?i??m?rti kavaca?",,P,D,19x10,1 To 3,Stotra,10,25,C,G,
699,100/4,"????????? ??? ??????
?kanak?atra janana ???ti?",,PL,N.Na,38x3,5 To 6,Shanti,6,55,Inc.,O,
700,100/5,"?????? ?????
adhim?sa vrata?",,PL,N.Na,38x3,6 To 8 To 1,Vrata,5,58,C,OD,From : Bhavisottarapurana
701,100/6,"???? ??? ???? ???
adhika m?sa vrata kath?",,PL,N.Na,38x3,8 To 1 To 12 To 1,Vrata-Katha,5,58,C,OD,From : Bhavisottara purana
702,100/7,"???? ??? ???? ???
adhika m?sa vrata kath?",,PL,N.Na,38x3,12 To 1 To 14 To 1,Vrata-Katha,5,58,C,OD,""""
703,100/8,"????? ??????
pravara nir?aya",,PL,N.Na,38x3,14 To 1 To 16, G- Prayoga   ,5,58,C,O,
704,100/9,"?????????? ?????
a?kur?rpa?a vidhi?",,PL,N.Na,38x3,16 To 17, G- Prayoga   ,5,58,C,ODW,
705,101/1,"???????????????? ????????
k?rtav?ry?rjuna st?tra?",,PL,N.Na,12.5x4.5,1 To 3,Stotra,7,21,C,G,
706,101/1,"?????????? (???? ??????)
s?mudrik? (r?kh? prad?pa)",Bhadra Kevala Rama,P,D,22x11,1 To 3,Jautisha,13,42,C,G,
707,101/2,"????? ????????
ga?apati st?tra?",,P,N.Na,12.5x4.5,56folios,Stotra,7,21,Inc.,G,
708,101/2,"?? ?????
jala lak?a?a",Visvakarma,P,D,21.5x10.5,1 To 7,Jautisha,17,45,C,GO,"Saka-1754, Year-1833 Nandana Sam "
709,101/3,"?????? ?????
v?dap?da stava?",,PL,N.Na,12.5x4.5,18 To ,Stotra,7,21,Inc.,G,From : Bhavisottara Purana
710,102,"???? ??????????
d?v? m?h?tmya?",Vyasa,PL,N.Na,20x4.5,2 To 27,Purana,8,46,Inc.,OD,"From : Markandeya Purana, 1-3 "
711,102/1,"???? ???? ???????
graha yajña pray?ga?",,P,D,21x11,1 To 25, G- Prayoga   ,10,26,C,G,Scribe : Balakrishna 
712,102/2,"???????? ?????
utsarjana vidhi?",,P,D,21x11.5,1 To 31, G- Prayoga   ,9,25,C,G,Saka to 1808 Year 1887 Vyayasam sravana Sukta paksato 6 Guruvara Scribe : Ganapati
713,102/3,"??? ?????? ?????
udaka ???ti? vidhi?",,P,D,20.5x10.5,1 To 53, G- Prayoga   ,10,32,C,G,"Saka 1781, Siddarta sam, Palguna Sukla to 2 guruvra Scribe to Sadasiva"
714,102/4,"???? ????? ???? ??????
ma??ala d?vat? v?hana pray?ga",,P,D,20x11,1 To 4, G- Prayoga   ,11,25,C,G,
715,103,"???????? ????? ?????
??val?yana g?hya s?tra",????????,P,D,21x10,1 To 25,Grahyasutra,10,28,Inc.,DW,"I, II, III, Adhyaya"
716,103/1,"????? ?????????????
ga?apati sahasran?m?va?i?",,P,N.Na,14.5x5,1 To 12,Stotra,10,30,C,G,
717,103/2,"????? ????
ga?apati p?j?",,PL,N.Na,14.5x5,16 To 42, pooja,10,30,Inc.,G,
718,103/3,"???? ???? ??????
vajra pa?jara ny?sa?",,PL,N.Na,14.5x5,One, pooja,10,30,C,G,
719,103/4,"????? ?????
ga?apati lak?a?a",,PL,N. Na,14.5x5,28,Tantra Mantragama,10,30,C,G,
720,103/5,"?????? ???? ???
m?rti ma?gala ?la?",,PL,N.Na,14.5x5,8,Stotra,10,30,Inc.,G,
721,103/6,"?????? ???? ?????
durg? p?j? vidhi?",,PL,N.Na,14.5x5,one, pooja,10,30,C ,G,
722,104/1,"??? ?????
rati rahasya",Kokkoka,P,D,20.5x7,1 To 2,Kamashastra,9,38,Inc.,G,
723,104/1,"??? ???? ???? ??????
kuja r?hu sa?dhi ???ti?",,PL,N.Na,17x5,1 To ,Shanti,9,22,Inc.,GO,
724,104/2,"??????????
k?ma??stra",,P,D,20.5x7,1 To 5,Kamashastra,7,38,Inc.,G,
725,104/2,"??? ???? ???? ??????
kuja r?hu sa?dhi ???ti?",,PL,N.Na,17x5,2 To 5,Shanti,9,22,C,GO,
726,104/4,"??????????? ???? ??????
?ukr?ditya sa?dhi ???ti?",,PL,N.Na,17x5,12 To 1 To 15,Shanti,9,22,C,G,""" "
727,104/5,"??????? ??????
abhya?kara ???ti?",,PL,N.Na,17x5,16 To 20,Shanti,9,22,C,GO,
728,104/6,"?????? ?????
ch?gad?na vidhi?",,PL,N.Na,17x5,17 To ,Shanti,7,20,C,Go. ,Vrddha Gargya Prokta 
729,104/7,"???? ??? ?????
v??abha d?na vidhi?",,PL,N.Na,17x5,23 To ,Shanti,7,20,C ,GO,Vraddha Sauna Kiya 
730,104/8,"??? ????????? ?????? ??????
g?ha du??aja?tu prav??a ???ti?",,N.Na,17x5,25to1to26 ,7,Shanti,20,C,Go.,,
731,104/9,"?? ?????
g? s?kta",,PL,N.Na,17x5,27 To 28,Veda - Mantra,7,20,C,G,
732,105/1,"?????? ??????? ?????
vin?yaka caturth? vrata?",,PL,N.Na,24.5x5,2 To 11,Vrata,6,45,Inc.,G,
733,105/1,"???????????
a???dhy?yi",,P,D,15x10.5,1 To 20,Vyakarana,9,21,C,G ,
734,105/2,"?????? ???? ???
vin?yaka vrata kath?",,PL,N.Na,24.5x5,11 To 14,Vrata-Katha,6,45,C,G,From : Bhavisottara purana 
735,105/2,"???? ????????
?abda r?p?va?i?",Ramacandra Sharma,P,D,16x10,1 To 13,Vyakarana,11,21,Inc.,G,
736,105/3,"????? ???? ?????
yamun? p?j? vidhi?",,PL,N.Na,24.5x5,1 To 3, pooja,6,45,C,G,
737,105/4,"????????? ????
ana?tavrata? kalpa",,PL,N.Na,24.5x5,3 To 1 To 6,Vrata,8,45,C,G,
738,105/5,"???? ???????? ???? ???
ana?ta caturda?? vrata kath?",,PL,N.Na,24.5x5,6 To 1 To 15,Vrata-Katha,6,45,C,G,From : Visnudharmottara purana
739,106/1,"???? ??????????
d?v? m?h?tmya?",,P,D,16x10.5,1 To 93,Purana,7,16,C,G ,"From : Markandeya Purana, Sa - 1786, "
740,106/1,"?????? ???????
pray?ga p?rij?ta",??????,PL,N.Na,26x4.5,1 To 18, G- Prayoga   ,9,46,Inc.,G,
741,106/2,"???? ?????
d?v? s?kta",,P,D,16.5x10.5,1 To 9,Veda - Mantra,10,20,C,G,"Saka 1782to year 1866 Krodan sam Asvijamasa Krishna Paksa, Sanivara"
742,106/2,"?????? ???????
pray?ga p?rij?ta",??????,PL,N.Na,26x4.5,1 To 13, G- Prayoga   ,10,46,Inc.,G,
743,106/3,"?????
pavam?na",,PL,TU,15.5x10.5,1 To 2,Veda - Mantra,12,21,Inc.,G,
744,106/3,"???????? ?????? ??????
tri??at ?l?k? bh??ya?",,PL,N.Na,26x4.5,1 To 29, G- Prayoga   ,8,42,C,G,
745,107,"???? ??????? ????
janma patrik? l?khana",,P,D,17x11,1 To 76,Jautisha,20,18,C,G,Saka-1802-1812
746,107/1,"??????? ????
g?yatr? kavaca?",,PL,N.Na,27x4,1 To 2,Stotra,5,42,C ,G,
747,107/2,"?????? ????
n?si?ha kavaca?",,PL,N.Na,27x4,1 To 4,Stotra,5,42,C,G,
748,107/3,"??????? ??????????
k?rtika m?h?tmya?",,PL,N.Na,27x4,5 To 100,Purana,5,42,C,G,""""
749,108/1,"??????????? ????????
?aivap?m?rjana st?tra?",Vyasa,P,D,15x10,1 To 11,Stotra,10,21,C,OD,"Saka - 1653, Year - 1732, Virodhikrit "
750,108/1,"??????????????
apar?k??nubh?ti",Sankaracarya,PL,N. Na,38x6,1 To 5,Jautisha,10,62,C,G,
751,108/10,"?????? ????
n?si?ha kavaca?",,PL,N.Na,38x6,1 To 2,Stotra,9,60,C,G,
752,108/2,"?????? ?????? ????????
v?khy? v?tti vy?khy?",Bhagavat Padananda,PL,N. Na,38x6 ,1 To 28,Jautisha,10,62,C,G,
753,108/2,"????? ???????
?l?ka sa?graha?",,P,D,15.5x10,1 To 3,General,11,30,C,G,
754,108/3,"????????????? ????????
dak?i??m?rti st?tra?",Svayam ,PL,N. Na,38x6,29 To 38,Jautisha,10,62,C,G,
755,108/4,"??? ???????? ????????
r?ma sahasran?ma st?tra?",,PL,N.Na,38x6,1 To 5,Stotra,10,62,C,G,
756,108/5,"??? ????? ??? ????????
r?ma stava? r?ja st?tra?",,PL,N.Na,38x6,1 To 4,Stotra,10,62,C,GO,
757,108/6,"??????? ?????
s?t?r?ma stava?",Hanuma,PL,N.Na,38x6,4 To 5,Stotra,10,12,C,G,
758,108/7,"??????? ????????
?r?r?ma divyau?adha",,PL,N.Na,38x6,5 To 1 To 6,Stotra,10,62,C,G,From : Setumahatmya 15 Adyaya
759,108/8,"??? ????
r?ma h?daya",,PL,N.Na,38x6,1 To 4,Stotra,10,62,C,G,From : Adhyatma Ramayana
760,108/9,"???????? ????????
r?maca?dra vajrakalpa",,PL,N.Na,38x6,1 To 4,Stotra,9,60,C,G,
761,109,"?????????? ?????
satyan?r?ya?a vrata?",,P,D,16.5x10.5,1 To 7,Vrata,14,30,C,G ,From : Iithihasasara
762,109/1,"??????????? ????????
?ivasahasran?ma st?tra?",Vyasa,PL,N.Na,22x5.5,1 To 2,Stotra,10,40,Inc.,G,
763,109/10,"?????? ???? ???
vin?yaka vrata kath?",,PL,N.Na,22x5.5,3 To 4,Vrata-Katha,10,40,C,G,From : Skanda purana
764,109/2,"??????? ????
g?yatr? pa?jara",,PL,N.Na,22x5.5,1 To 5,Stotra,10,40,C,G,From : Vasista Samhita 
765,109/3,"??????? ?????
g?yatr? bhuja?ga",Narada,PL,N.Na,22x5.5,5 To 6,Stotra,10,40,C,G,
766,109/4,"?????? ?????????????
v?das?ra sahasran?m?va?i?",,PL,N.Na,22x5.5,7 To 15,Stotra,10,40,C,G,
767,109/5,"???? ?????? ?????
pak?a prad??a vrata?",,PL,N.Na,22x5.5,16 To 23,Vrata,10,40,Inc.,G,
768,109/6,"?????????? ???? ???
pak?aprad??a vrata kath?",,PL,N.Na,22x5.5,1 To 4,Vrata-Katha,10,40,C,G,From : Skanda purana
769,109/7,"???? ?????? ????????????
pak?a prad??a vrat?dy?pana?",,PL,N.Na,22x5.5,1 To 6,Vrata,10,40,C,G ,""""
770,109/8,"????? ?????????????
rudra sahasran?m?va?i?",,PL,N.Na,22x5.5,1 To 10,Stotra,10,40,C,G,
771,109/9,"?????? ??????? ?????
vin?yaka caturth? vrata?",,PL,N.Na,22x5.5,1 To 3,Vrata,10,40,C,G,
772,110,"?????? ???????
sad?c?ra prakara?a?",Sankracarya,P,D,18.5x11 ,1 To 2,Jautisha,16,33,C,G,
773,110/1,"?????? ?????
adhim?sa vrata?",,PL,N.Na,33x4.5,1 To 3,Vrata,8,70,C,G,
774,110/10,"????? ???? ?????
yamun? p?j? vidhi?",,PL,N.Na,33x4.5,21 To 22 To 1, pooja,8,68,C,G,
775,110/11,"????????? ????
ana?tavrata? kalpa",,PL,N.Na,33x4.5,22 To 1 To 29,Vrata,8,68,C ,G,
776,110/13,"???????????????????
vin?yakasahasran?m?va?i?",,PL,N.Na,33x4.5,33 To 39,Stotra,8,68,C,G,
777,110/14,"?????? ?????
?k?da?? vrata?",,PL,N.Na,33x4.5,39 To 1 To 42,Vrata,8,48,C,G,""""
778,110/15,"?????????? ???? ???
k???ajaya?t? vrata kath?",,PL,N.Na,38x4.5,42 To 46,Vrata-Katha,8,68,C,G,From : Brahmanda purana
779,110/16,"????????? ???? ???
?ivar?tri vrata kath?",,PL,N.Na,33x4.5,47 To 51,Vrata-Katha,8,68,C,G,From : Skanda purana
780,110/17,"???????????? ?????
varamah?lak?m? vrata?",,PL,N.Na,33x4.5,51 To 54,Vrata,8,68,C,G,
781,110/18,"???????????? ???? ???
varamah?lak?m? vrata kath?",,PL,N.Na,33x4.5,54 To 1 To 55,Vrata-Katha,8,68,C,G ,""""
782,110/19,"?????? ?????
d?na?la? vrata?",,PL,N.Na,23x4.5,55 To 1 To 61,Vrata,8,68,C,G,
783,110/2,"????????????????? ?????
pr??aprati??h?pan? vidhi?",,PL,N. Na,33x4.5,1 To 23,Tantra Mantragama,8,70,C,G ,
784,110/20,"?????? ???? ???
d?na?la? vrata kath?",,PL,N.Na,33x4.5,61 To 1 To 63,Vrata-Katha,8,68,C,G,""""
785,110/21,"?????? ?????? ?????
?r?va?a ?aniv?ra vrata?",,PL,N.Na,33x4.5,63 To 1 To 65,Vrata,8,68,C,G,From : Bhavisottara Purana
786,110/22,"?????? ?????
gajagaur? vrata?",,PL,N.Na,33x4.5,65 To 66 To 1,Vrata,8,68,C ,G,
787,110/23,"??????? ????
ardh?daya kalpa",,PL,N.Na,33x4.5,66 To 1 To 67,Vrata,8,68,C,G,From : Skandapurana
788,110/24,"????? ?????
balad?ya vrata?",,PL,N.Na,33x4.5,67 To 1 To 68,Vrata,8,68,C,G,From : Skandapurana
789,110/25,"?????? ?????? ?????
?r?gya saptam? vrata?",,PL,N.Na,33x4.5,68 To ,Vrata,8,68,C,G,From : Brahmakaivarta
790,110/26,"????? ?????
malam?sa vrata?",,PL,N.Na,33x4.5,68 To ,Vrata,8,68,C,G,
791,110/27,"??? ????????? ?????
m?sa ?ivar?tri vrata?",,PL,N.Na,33x4.5,69 To 79 To 1,Vrata,8,68,C,G,From : Skandapurana
792,110/28,"????????????? ?????
?r?va?adv?da?? vrata?",,PL,N.Na,33x4.5,74 To 1 To 80,Vrata,8,68,C,G,From : Bhavisottara purana
793,110/29,"?????? ??????? ?????
vin?yaka caturth? vrata?",,PL,N.Na,33x4.5,80 To 1 To 84,Vrata,8,68,C ,G,From : Padmapurana
794,110/3,"?????? ??????? ?????
vin?yaka caturth? vrata?",,PL,N.Na,33x4.5,1 To 5,Vrata,8,68,C,G,
795,110/30,"?? ???? ?????
g? padma vrata?",,PL,N.Na,33x4.5,84 To 85,Vrata,8,68,C ,G,
796,110/31,"?????? ???? ???
g?padma vrata kath?",,PL,N.Na,33x4.5,85 To 86 To 1,Vrata-Katha,8,68,C ,G,From : Padma purana
797,110/32,"???? ?????? ?????
pak?a prad??a vrata?",,PL,N.Na,33x4.5,86 To 1,Vrata,8,68,C ,G,
798,110/33,"?????????? ???? ???
pak?aprad??a vrata kath?",,PL,N.Na,33x4.5,90 To 92,Vrata-Katha,8,68,C,G,""""
799,110/34,"?????? ????? ?????
n?si?ha jaya?t? vrata?",,PL,N.Na,33x4.5,92 To 94,Vrata,8,68,C ,G,
800,110/35,"????????? ?????
dh?ra??p?ra?a vrata?",,PL,N.Na,33x4.5,94 To ,Vrata,8,68,C,G,From : Bhavisottara Purana
801,110/36,"?????????? ?????
k???ajaya?t? vrata?",,PL,N.Na,33x4.5,95 To 96,Vrata,8,68,C,G,
802,110/37,"???? ????? ?????
v?mana jaya?t? vrata?",,PL,N.Na,33x4.5,96 To 97,Vrata,8,68,C,G,
803,110/38,"????????? ?????
?ivar?tri vrata?",,PL,N.Na,33x4.5,97 To 98 To 1,Vrata,8,68,C,G,
804,110/39,"????? ????
tu?as? p?j?",,PL,N.Na,33x4.5,98 To 1 To 100, pooja,8,68,C,G,From : Vamanapurna
805,110/4,"?????? ???? ???
vin?yaka vrata kath?",,PL,N.Na,33x4.5,5 To 7,Vrata-Katha,8,68,C,G,
806,110/40,"??????? ????
sarasvat? p?j?",,TU,N.Na,33x4.5,100 To 102 To 1, pooja,8,68,C,G,
807,110/41,"??????? ???? ?????
bal??dra p?j? vidhi?",,PL,N.Na,33x4.5,102 To 1 To 103, pooja,8,68,C,G,
808,110/42,"???????????? ?????
jy?ti?sta?bha vrata?",,PL,N.Na,33x4.5,103 To 106,Vrata,8,68,C ,G,From : bhavisottara Purana
809,110/43,"?????? ?????? ?????
?r?gya saptam? vrata?",,PL,N.Na,33x4.5,106 To ,Vrata,8,68,C ,G,From : Varahapurana
810,110/44,"??????? ?????
maunagaur? vrata?",,PL,N.Na,33x4.5,106 To 1,Vrata,8,68,C,G,From : Skandapurana
811,110/45,"????? ?????? ?????
man?ratha vin?yaka vrata?",,PL,N.Na,33x4.5 ,107 To 111,Vrata,8,68,C,G,From : Bhavisottara Purana
812,110/46,"??????? ?????
?a?khacakra vrata?",,PL,N.Na,33x4.5,112 To 113,Vrata,8,68,C,G,From : Naradapurana
813,110/47,"??????? ????? ?????
siriy??a ?a??h? vrata?",,PL,N.Na,33x4.5,113 To 114,Vrata,8,68,C,G,From : Skandapurana
814,110/48,"???????? ?????
????hagaur? vrata?",,PL,N.Na,33x4.5,114 To 1 To 116,Vrata,8,68,C,G,From : Skandapurana
815,110/49,"???? ???? ?????
da?aratha gaur? vrata?",,PL,N.Na,33x4.5,116 To 117,Vrata,8,68,C,G,From : Skanda Purana
816,110/5,"???????? ???? ???
??ipa?cam? vrata kath?",,PL,N.Na,33x4.5,7 To 8,Vrata-Katha,8,68,C,G,
817,110/50,"???? ?????
gaur? vrata?",,PL,N.Na,33x4.5,117 To 118,Vrata,8,68,C,G,
818,110/51,"????????? ?????
gu??agaur? vrata?",,PL,N.Na,33x4.5,117 To 1 To 118,Vrata,8,68,C,G,From : Bhavisottara Purana
819,110/52,"??????? ???? ?????
a?gu??ha gaur? vrata?",,PL,N.Na,33x4.5,118 To ,Vrata,8,68,C,G,From : Bhavisyottarapurana
820,110/53,"???? ?????
gaur? vrata?",,PL,N.Na,33x4.5,118 To 1,Vrata,8,68,C,G,From : Bhavisottara Purana
821,110/54,"????????? ??????? ?????
k?d?ra?a?kara lak?m? vrata?",,PL,N.Na,33x4.5,119 To 129,Vrata,8,68,C,G,
822,110/55,"?????????? ???? ???
k?d?r??vara vrata kath?",,PL,N.Na,33x4.5,129 To 1 To 135,Vrata-Katha,8,68,C ,G,From : Bhavisottara purana
823,110/56,"?????????? ???? ???
mah?lak?m? vrata kath?",,PL,N.Na,33x4.5,135 To 141,Vrata-Katha,8,68,C,G,From : Skanda purana
824,110/57,"???? ???? ???
?a?kara vrata kath?",,PL,N.Na,33x4.5,141 To 142,Vrata-Katha,8,68,C ,G,""""
825,110/58,"????????? ?????
kapila?a??h? vrata?",,PL,N.Na,33x4.5,142 To 143,Vrata,8,68,C,G,
826,110/59,"????????? ???? ???
kapila?a??h? vrata kath?",,PL,N.Na,33x4.5,144 To 146,Vrata-Katha,8,68,C,G,""""
827,110/6,"???????? ?????
??ipa?cam? vrata?",,PL,N.Na,33x4.5,9 To 11,Vrata,7,68,C,G,
828,110/60,"?????????? ?????
svar?agaur? vrata?",,PL,N.Na,33x4.5,146 To 1 To 147,Vrata,8,68,C ,G,
829,110/61,"?????????? ???? ???
svar?agaur? vrata kath?",,PL,N.Na,33x4.5,147 To 148,Vrata-Katha,8,68,C,G,""""
830,110/62,"?????????? ?????
um?mah??vara vrata?",,PL,N.Na,33x4.5,150 To 160,Vrata,8,68,C,G,
831,110/63,"?????????? ???? ???
um?mah??vara vrata kath?",,PL,N.Na,33x4.5,160 To 163,Vrata-Katha,8,68,C,G,From : Siva rahasya
832,110/64,"?????????? ????????????
um?mah??vara vrat?dy?pana?",,PL,N.Na,33x4.5,163 To 1 To 164,Vrata,8,68,C,G,From : Sivarahasya
833,110/65,"????? ???? ????
bilva patra p?j?",,PL,N.Na,33x4.5,165 To , pooja,8,68,C,G,
834,110/66,"???????? ?????
navar?tri vrata?",,PL,N.Na,33x4.5,167 To 181,Vrata,8,68,C,G,From : Skandapurana
835,110/67,"???????? ????
navadurg? p?j?",,PL,N.Na,33x4.5,183 To 191, pooja,8,68,C,G,
836,110/68,"????? ????
ma?tra p?j?",,PL,N.Na,33x4.5,192 To 194, pooja,8,68,C,G,
837,110/69,"?????? ????
kum?r? p?j?",,PL,N.Na,33x4.5,194 To 197, pooja,8,68,C,G,
838,110/7,"???????? ???? ???
??ipa?cam? vrata kath?",,PL,N.Na,33x4.5,11 To 14,Vrata-Katha,7,68,C,G,""""
839,110/70,"???? ?????
?r? s?kta",,PL,N.Na,33x4.5,198 To 199,Veda - Mantra,8,68,C,G,
840,110/71,"???? ????? ?????
?r? s?kta ny?sa",,PL,N.Na,33x4.5,199 To ,Veda - Mantra,8,68,Inc.,G,
841,110/72,"??????? ?????
r?manavam? vrata?",,PL,N.Na,33x4.5,200 To 203,Vrata,8,68,C,G,From : Padmapurana
842,110/73," ??????? ?????
 aru?dhat? vrata?",,PL,N.Na,33x4.5,203 To 1 To 204,Vrata,8,68,C,G,
843,110/74," ??????? ???? ???
 aru?dhat? vrata kath?",,PL,N.Na,33x4.5,204,Vrata-Katha,8,68,C,G,""""
844,110/75,"??????? ?????? ?????
k?rtika s?mav?ra vrata?",,PL,N.Na,33x4.5 ,206 To 1 To 211,Vrata,8,68,C,G,From : Skandapurana
845,110/76,"??????? ?????? ???? ???
k?rtika s?mav?ra vrata kath?",,PL,N.Na,33x4.5 ,212 To 213,Vrata-Katha,8,68,C,G,
846,110/77,"???? ????? ?????????
sarva vrata? rak??ba?dhana",,PL,N.Na,33x4.5 ,214 To 215,Vrata,8,68,C,G,
847,110/78,"??????? ???????????? ?????
v??d?vana prati??h?pan? vidhi?",,PL,N.Na,33x4.5,215 To ,Vrata,8,68,C,G,
848,110/79,"?????? ??????? ?????
utth?na dv?da?? vrata?",,PL,N.Na,33x4.5,215 To ,Vrata,8,68,C,G,
849,110/8,"?????????????? ?????
s?mav?ram?v?sy? vrata?",,PL,N.Na,33x4.5,14 To 16,Vrata,8,68,C,G,
850,110/80,"????????? ?????
?aniprad??a vrata?",,PL,N.Na,33x4.5,216 To 220,Vrata,8,68,C ,G,
851,110/81,"??????????? ???? ???
?anitray?da?? vrata kath?",,PL,N.Na,33x4.5,220 To 1 To 223,Vrata-Katha,8,68,C,G,""""
852,110/82,"??????????? ????????
?ivasahasran?ma st?tra?",,PL,N.Na,33x4.5,223 To 233,Stotra,8,68,C,G,From : Aditya Purana 
853,110/83,"?????????????? ????????
vi??usahasran?ma st?tra?",,PL,N.Na,33x4.5,233 To 1 To 241,Stotra,8,68,C,G,
854,110/84,"????????? ?????
garu?apa?cam? vrata?",,PL,N.Na,33x4.5,241 To 1 To 245,Vrata,8,68,C,G ,From : Skandapurana
855,110/85,"??????? ????
ve?ka???a kalpa",,PL,N.Na,33x4.5,245 To 249, pooja,8,68,C,G,
856,110/86,"??????? ???????? ????????
ve?ka???a sahasran?ma st?tra?",,PL,N.Na,33x4.5 ,1 To 7,Stotra,8,68,C,G,From : Bhavisottara Purana 
857,110/87,"??????? ????
ana?tad?ra na??a",,PL,N.Na,33x4.5,248 To ,Vrata,8,68,C ,G,
858,110/9,"?????????????? ???? ???
s?mav?ram?v?sy? vrata kath?",,PL,N.Na,33x4.5,17 To 22,Vrata-Katha,8,68,C,G,""""
859,111,"???? ??????????
d?v? m?h?tmya?",Vyasa,PL,N.Na,47x5.5,1 To 13,Purana,13,106,Inc.,OD ,From : Markandeya Purana 
860,111/1,"??????? ???????
pu?y?ha pray?ga?",,P,D,17x10.5,1 To 8, G- Prayoga   ,9,18,Inc.,G,
861,111/2,"??????? ?????
sasyabda p?r?a",,P,D,16x10.5,1 To 6, G- Prayoga   ,11,20,C,G,
862,112,"???????
r?mag?t?",,P,Kan,17x11,1 To 6,Gita,14,9,Inc.,G,
863,112/1,"????? ?????
rudra vidh?na",Bhaskara,PL,N.Na,27x6,1 To 61,Shaivagama,11,60,Inc.,G,Bodhayanokta
864,112/2,"??????? ?????
?ivap?j? vidhi?",,PL,N.Na,27x6,1 To 32, pooja,11,60,C,G,
865,112/3,"???? ????????
?a?kara st?tra?",,PL,N.Na,27x6,One,Stotra,11,60,C,G,
866,112/5,"???? ???? ?????
dhvaja m?kala lak?a?a",,PL,N. Na,27x6,8,Tantra Mantragama,11,60,C,G,
867,113,"????? ????????
aitar?ya br?hma?a",,P,D,21x10.5,1 To 87,Brahmana,8,22,C,OD,"II, III Astaka"
868,113/1,"?????? ?????????
vin?yaka a???ttara",,PL,N.Na,40.5x4.5,One,Stotra,7,72,C,G,
869,113/10,"????????? ?????
pr???y?ma vidhi?",,PL,N. Na,40.5x4.5,9 To 10,Tantra Mantragama,7,72,Inc.,G,
870,113/11,"??????????????
lak?my???aka?",,PL,N.Na,40.5x4.5,One,Stotra,7,72,C,G,
871,113/12,"?????? ???? ?????
brahma yak?a vidhi?",,PL,N. Na,40.5x4.5,One,Tantra Mantragama,7,72,C,G,
872,113/13,"??? ?????
?auca vidhi?",,PL,N.Na,40.5x4.5,Ove, G- Prayoga   ,7,72,Inc,G,
873,113/14,"????? ?????
sn?na vidhi?",,PL,N.Na,40x4.5,7, G- Prayoga   ,7,72,C,G,
874,113/15,"???? ?????
?camana vidhi?",,PL,N.Na,40x4.5,10 To 1 To 17, G- Prayoga   ,7,68,C,GO,
875,113/16,"??????????? ????????
v?dasahasran?ma st?tra?",Vyasa,PL,N.Na,40x4.5 ,18 To 25,Stotra,7,25,C,G,From : Padmapurana 
876,113/17,"??????????? ????????
?ivasahasran?ma st?tra?",Vyasa,PL,N.Na,40.5x4.5,25 To 31,Stotra,7,72,C,G,""""
877,113/18,"?????? ????????
vi??u sahasran?ma",,PL,N.Na,40.5x4.5,31 To 1 To 40,Stotra,7,72,C,G,From : Padma Purana 
878,113/19,"???? ????????
ga?g? sahasran?ma",,PL,N.Na,40.5x4.5,41 To 47,Stotra,7,72,C,G,From : Skanda Purana 
879,113/2,"?????? ????????
n?r?ya?a st?tra?",,PL,N.Na,40.5x4.5,One,Stotra,7,72,C,G,
880,113/20,"???? ????? ???
m?dhava stava? r?ja",Vasistta,PL,N.Na,40.5x4.5 ,47 To 1 To 50,Stotra,7,72,C,G,From : Vayu Purana
881,113/21,"?????????????? ????????
vi??usahasran?ma st?tra?",Vasistta,PL,N.Na,40.5x4.5,51 To 55,Stotra,7,72,C,G,
882,113/23,"?????????? ????????
ma?ikar?ik? st?tra?",Sankaracarya,PL,N.Na,40.5x4.5 , To ,Stotra,7,72,C,G,
883,113/24,"????????????
k?labhairav???aka",     Sankaracarya,PL,""" ",40.5x4.5,64 To 1 To 65,Stotra,7,72,C,G,
884,113/3,"????? ????????? ????????
s?rya a???ttara st?tra?",,PL,N.Na,40.5x4.5,One,Stotra,7,72,C,G,
885,113/5,"???????????????????
?iva???ttarast?tra?",,PL,N.Na,40.5x4.5,26 To 27,Stotra,8,23,C,GO,
886,113/6,"????????? ????????
?ry???aka st?tra?",, PL,N.Na,40.5x4.5,One,Stotra,7,72,C,G,
887,113/7,"?????? ????????? ????????
vin?yaka dv?da?an?ma st?tra?",,PL,N.Na,40.5x4.5,One,Stotra,7,72,C,G,
888,113/8,"???? ??? ?????
graha havana ma?tra",,PL,N.Na,39x4.5,4 To 8, G- Prayoga   ,7,72,C,G,
889,113/9,"??? ?????
?at? par?jaya",,PL,N. Na,40.5x4.5,8 To 9,Tantra Mantragama,7,72,C,G,
890,114,"????? ????????
bh?gavata vy?khy?",Sridhara,PL,N.Na,49x5.5,1 To 258,Purana,12,102,Inc. ,G,"X, XI, XII Skanda "
891,114/1,"????? ?????????
k???a yajusa?hit?",,P,D,21.5x10,1 To 20,Samhita,7,26,Inc.,OD,
892,114/2,"????? ?????????
k???a yajusa?hit?",,P,D,20.5 x10,1 To 37,Samhita,11,40,Inc.,OD,
893,115,"??????
raghuva??a",Kalidasa,P,D,20x10,1 To 6,Kavya,9,25,Inc.,OD,Scribe : Visvanatha
894,115/1,"??? ??????????
?k prati??khya",,PL,N.Na,24x4,1 To 17,Vedanga,8,48,Inc.,G,
895,115/10,"??? ????
?iva kavaca?",,PL,N.Na,24x4,36 To 1 To 39,Stotra,7,40,C,G,Sivapurana 
896,115/11,"???????? ????????
s?vitr? st?tra?",,PL,N.Na,24x4,One,Stotra,7,40,C,G,Brahmaprokta
897,115/12,"??????? ????????
?anai?cara st?tra?",Kasapa,PL,N.Na,24x4,40 To 41 To 1,Stotra,7,40,C ,G,From : Skanda Purana 
898,115/13,"????? ?????
tu?as? mahim?",,PL,N.Na,24x4,42 To 1,Stotra,7,40,C,G,
899,115/14,"???? ????????? ????????
hanuma dv?da?an?ma st?tra?",,PL,N.Na,24x4 ,42 To 1 To 44,Stotra,7,40,C,G,
900,115/15,"??????????????
m?k??bik???aka?",,PL,N.Na,24x4,44 To 45,Stotra,7,40,C,G,
901,115/16,"????????????? ????????
dak?i??m?rti st?tra?",,PL,N.Na,24x4,45 To 1 To 46,Stotra,7,40,C,G,
902,115/17,"??? ????? ????????
?iva bhuja?ga st?tra?",Sankaracarya,PL,N.Na,24x4,46 To 1 To 47,Stotra,7,40,C,G,
903,115/18,"?????? ????? ????????
vi??u bhuja?ga st?tra?",Sankaracarya,PL,N.Na,24x4 ,47 To 1 To 49,Stotra,7,40,C,G,
904,115/19,"?????????? ????????
vi??upa?jara st?tra?",Vyasa,PL,N.Na,24x4,49,Stotra,7,40,C,G,
905,115/2,"?????????? ????? ?????
pr???gni h?tra vidhi?",,PL,N.Na,24x4,18 To 20, G- Prayoga   ,8,48,Inc.,G.,
906,115/20,"?????????
?iv???aka?",,PL,N.Na,24x4,One,Stotra,7,40,C,G,
907,115/21,"??????????
li?g???aka?",,PL,N.Na,24x4,One,Stotra,7,40,C,G,
908,115/22,"?????? ????????
pa?cahari st?tra?",,PL,N.Na,24x4,One,Stotra,8,42,C,G,
909,115/23,"??? ???? ???????
hari p?j? stuti?",,PL,N.Na,24x4,51 To 1 To 53,Stotra,8,48,C,G,
910,115/24,"????????
ga????aka?",,P,N.Na,24x4,One,Stotra,8,42,C ,G,
911,115/25,"?????? ????
ra?gan?tha ?ataka?",,PL,N.Na,24x4,One,Stotra,8,42,C,G,
912,115/26,"??? ??????? ????????
?iva g?vi?d? st?tra?",,PL,N.Na,24x4,One,Stotra,8,42,C,G,
913,115/27,"???????? ????????
vi?van?tha st?tra?",,PL,N.Na,24x4,One,Stotra,7,42,C ,G,
914,115/28,"????????? ????????
pradak?i?a st?tra?",,PL,N.Na,24x4,One,Stotra,8,42,C,G,
915,115/29,"??????????
ma?ga????aka?",,PL,N.Na,24x4,56 To 1 To 57 To 1,Stotra,8,42,C,G,
916,115/3,"??? ?????
cara?a vy?ha",,PL,N.Na,24x4,20 To 24,Vedanga,8,48,Inc. ,G.,
917,115/30,"???????? ?????
gha???kar?a stava?",,PL,N.Na,24x4,One,Stotra,8,42,C,G,
918,115/31,"?????? ????
hanuma?ta kavaca?",,PL,N.Na,24x4,58 To 1 To 59,Stotra,8,42,C,G,
919,115/32,"????????? ????????
m?rka???ya st?tra?",,PL,N.Na,24x4, To ,Stotra,8,42,C,G,
920,115/33,"??????????????
param??var???aka?",,PL,N.Na,24x4,One,Stotra,8,42,C,G,
921,115/34,"??????? ????????
lak?m? st?tra?",,PL,N.Na,24x4,60 To 61,Stotra,8,42,C,G,
922,115/35,"????? ????
k???a kavaca?",,PL,N.Na,24x4,One,Stotra,7,42,C ,G,
923,115/36,"??? ????
r?ma kavaca?",,PL,N.Na,24x4,61 To 62 To 1,Stotra,8,42,C,G,
924,115/37,"???? ????
garu?a kavaca?",,PL,N.Na,24x4,One,Stotra,8,42,C ,G,From : Garuda Purana 
925,115/38,"?????????? ????????
bhuvan??var? st?tra?",,PL,N.Na,24x4,63 To 64 To 1,Stotra,8,42,C,G,
926,115/39,"????????????
n?si?h???aka?",,PL,N.Na,24x4,64 To 1 To 65,Stotra,7,42,C,G,
927,115/4,"???? ?????
?r? s?kta",,PL,N.Na,24x4,24 To 26,Veda - Mantra,7,40,C,G,
928,115/41,"?????? ?????
arghya vidhi?",,PL,N.Na,24x4,68 To 69, pooja,8,42,C ,G,
929,115/42,"??? ??? ?????
?gama h?ma vidhi?",,PL,N. Na.,24x4,70 To 79,Shaivagama,8,42,Inc.,G,
930,115/43,"???? ???????
ma??apa sa?sk?ra",,PL,N. Na,24x4,one,Tantra Mantragama,8,48,Inc.,G,
931,115/44,"????? ?????
s?tra nip?ta",,PL,N. Na,24x4,80 To 1 To 83,Shaivagama,7,40,Inc.,G,
932,115/45,"????????? ?????
pa?cabrahma ma?tra",,PL,N.Na,24x4,84,Stotra,7,40,C,G,
933,115/46,"????? ?????
bhav?n? bhuja?ga",,PL,N.Na,24x4,87 To 88,Stotra,7,40,C,G,
934,115/47,"????? ????
tu?as? kavaca?",,PL,N.Na,24x4,One,Stotra,7,40,C,G,
935,115/48,"???? ?????
?r? s?kta",,PL,N.Na,24x4,89 To 1 To 90,Veda - Mantra,6,38,Inc.,G,
936,115/49,"?????? ????
n?r?ya?a h?daya",,PL,N.Na,24x4,95 To 97,Stotra,7,40,Inc.,G,
937,115/5,"??????
itih?sa",,PL,N.Na,24x4,26 To 32 To 1,Vedanga,7,40,C,G,
938,115/50,"??????? ???? ????????
lak?m? h?daya st?tra?",,PL,N.Na,24x4,97 To 106,Stotra,9,40,C,G,From : Atharvana Rahasya
939,115/51,"??????? ????????? ????????
lak?m? dv?da?an?ma st?tra?",,PL,N.Na,24x4,One,Stotra,7,40,C,G,
940,115/52,"??????? ????
lak?m? kavaca?",,PL,N.Na,24x4,107 To 108,Stotra,7,40,C,G,
941,115/53,"?????? ?????
n?r?ya?a s?kta",,PL,N.Na,24x4,One,Veda - Mantra,7,40,C,G,
942,115/54,"????????? ????????
bilvapatra st?tra?",,PL,N.Na,24x4,One,Stotra,7,40,Inc.,G,
943,115/55,"?????? ?????
?yu?ya s?kta",,PL,N.Na,24x4,1 To ,Veda - Mantra,7,40,C,G,
944,115/56,"????????????
parjanyas?kta",,PL,N.Na,24x4,1,Veda - Mantra,7,40,C,G,
945,115/57,"??????????? ????????
pratikriy? st?tra?",,PL,N.Na,24x4,120 To 124,Stotra,7,40,C,G,From : Mahasaiva Tamtra
946,115/58,"????????????? ????
dak?i??m?rti pa?jara",,PL,N.Na,24x4,125 To 127,Stotra,7,40,C,G,From : Brahmanda Purana 
947,115/59,"????????????? ????
dak?i??m?rti kavaca?",,PL,N.Na,24x4,One,Stotra,7,40,C,G ,From : Bhavisottara Purana
948,115/6,"???????????
s?m?tpatti",,PL,N.Na,24x4,32 To 1 To 33,Vedanga,7,40,C,G,
949,115/60,"?????? ????
n?si?ha kavaca?",,PL,N.Na,24x4,128 To 130,Stotra,7,40,C,G,
950,115/61,"???????????? ????????
ardhan?r??vara st?tra?",,PL,N.Na,24x4,One,Stotra,7,40,C,G,
951,115/62,"????????
da??vat?ra?",,PL,N.Na,24x4,131 To 132,Stotra,7,40,Inc.,G,
952,115/63,"?????????? ?????
k???ajaya?t? vrata?",,PL,N.Na,24x4,1 To 4,Vrata,8,36,Inc.,G,
953,115/64,"????? ????????
ga?apati st?tra?",,P,N.Na,24x4,14 To 16,Stotra,7,36,C,G ,
954,115/65,"??? ????? ????????
?iva bhuja?ga st?tra?",Sankaracarya,PL,N.Na,24x4,2 To ,Stotra,7,36,Inc.,G,
955,115/66,"???????? ????????
vi?van?tha st?tra?",,PL,N.Na,24x4,One,Stotra,7,42,C,G,
956,115/67,"?? ????
pada ratna",,PL,N.Na,24x4,5 To 10,Vedanga,7,36,C ,G,
957,115/7,"????? ????????
s?t??a st?tra?",,PL,N.Na,24x4,34 To ,Stotra,7,40,C,G,From : Skanda Purana
958,115/8,"????? ????????
harihara st?tra?",,PL,N.Na,24x4,One,Stotra,7,40,C,G,
959,115/9,"?????? ????????
a?g?raka st?tra?",,PL,N.Na,24x4,One,Stotra,7,40,C,G,
960,116/1,"??????????????
ku?alav?p?khy?na?",Jaimini,PL,N.Na,34x5,25 To 57,Purana,9,45,Inc.,G,From : Jaimini Bharata Asvamedha Parva
961,116/1,"???? ??????
j?taka paddhati",Jaimini,P,D,21x10,1 To 8,Jautisha,9,30,Inc.,G,Saka-1738 Dhatu Sam Magha Masa 
962,116/2,"???????????????????
hari?ca?dr?p?khy?na?",,PL,GR,34x5,58 To 80,Purana,9,45,C,G,From : Aranya parva in Mahabharata
963,116/2,"???? ???????
h?r? ??stra",Krsna Sastri,P,D,20.5x10,1 To 11,Jautisha,9,28,Inc.,OD,
964,116/3,"??????? ??????????
k?rtika m?h?tmya?",Krsna Sastri,PL,N.Na,34x5,81 To 114,Purana,10,55,C,G,From : Padma Purana 
965,116/4,"??? ??????????
m?gha m?h?tmya?",Krsna Sastri,PL,N.Na,34x5,115 To 118,Purana,8,43,Inc.,G,From : Padma Purana 
966,117,"?????????? ?????
hira?yak??i s?tra",,P,D,21.5x10.5,6 To 32,shrouta- sutra,14,35,Inc.,O ,"Saka. 1644 year : 1723 Subhakrtusam, Grism Ruth Scribe : Vasudevah"
967,117/1,"????????????? ????????
a?vatthan?r?ya?a st?tra?",,PL,N.Na,26.5x4,1 To 8,Stotra,5,35,C,G,""""
968,117/2,"?????? ?????
v?dap?da stava?",Jaimini,PL,N.Na,26.5x4,9 To 25,Stotra,5,36,C,G,From : Skanda Purana 
969,117/3,"?????????????? ?????
s?mav?ram?v?sy? vrata?",,PL,N.Na,26.5x4,1 To 5,Vrata,5,36,C,G,
970,117/4,"?????????????? ???? ???
s?mav?ram?v?sy? vrata kath?",,PL,N.Na,26.5x4,6 To 18,Vrata-Katha,5,36,C,G,From : Bhavisottara purana
971,117/5,"???? ????
dharma pi??a",,PL,N.Na,26.5x4,18 To 20, G- Prayoga   ,5,36,Inc.,GO,
972,117/6,"???????????????
a?vatthast?tra?",,PL,N.Na,26.5x4,21 To 1 To 22,Stotra,5,36,Inc. ,G,
973,117/8,"??? ??????
udaka ???ti?",????,PL,N.Na,26.5x4,1 To ,Shanti,5,36,C ,O,
974,117/9,"?????? ??????
?gv?da sa?hit?",,PL,N.Na,26.5x4,4 To 77,Samhita,6,45,C ,OD,
975,118,"????? ??????? ??????
bh?gavata bh?v?rtha d?pik?",,PL,N.Na,60x5.5,21 To 77,Purana,10,106,Inc.,OD,-
976,118/1,"?????? ???? ???? ?????
sarvat? bhadra ma??ala vidhi?",,P,D,20.5x11 ,1 To 6,Tantra Mantragama,10,32,C,G,
977,118/2,"???? ??? ?????
v??abha d?na vidhi?",,P,D,20.5x11,1 To 3,Shanti,9,20,C,OD ,"Saka 1702, Vikramsam Margasira, Su to 14. From : Naradiyasamhita"
978,118/3,"?????? ??????
navagraha sth?pana",,P,D,19x10,1 To 6, G- Prayoga   ,8,25,C,G,
979,119,"?????????? ?????
hira?yak??i s?tra",,P,D,21.5x10.5,1 To 53,shrouta- sutra,10,25,C ,OD,"Saka 1744, Year 1823. Chitrabhanu sam : Vasamtaktu chaitra masa Induvara Scribe : Visvanathah "
980,119/1,"????? ??????
g?hya k?rik?",,PL,N.Na,25x4,1 To 128, G- Prayoga   ,6,40,C ,G,
981,119/2,"?? ????? ???????
?ata ?l?ka sa?graha?",,PL,N.Na,25x4,129 To 191, G- Prayoga   ,7,43,C,G,
982,120,"?????? ??????
?gv?da sa?hit?",,PL,N.Na,24x5,1 To 234,Samhita,7,35,C,G,II Astaka
983,120/1,"?????????????? ????????
vi??usahasran?ma st?tra?",,P,D,15.5x9.5,1 To 36,Stotra,7,20,C,ODW,"From : Mahabharata Santi parva, "
984,120/2,"?????????????? ????????
vi??usahasran?ma st?tra?",Vyasa,P,D,15.5x9.5,1 To 35,Stotra,6,18,Inc.,O ,
985,121,"?????? ?????
pray?ga darpa?a",,PL,N.Na,49x5,1 To 151, G- Prayoga   ,8,90,Inc.,G,Asvalayaniya 
986,121/1,"?????????
uttarag?t?", Vyasa,P,D,11x8,1 To 10,Gita,10,28,C ,G,
987,121/2,"??????? ?????? ????
a???da?a ?l?ki g?t?",,P,D,11x8,1 To 3,Gita,10,17,C,G,
988,122/1,"??????
?ik??",,P,D,16x11,2 To 8,Vedanga,8,14,Inc.,OD,
989,122/1,"?????? ???????
pray?ga p?rij?ta",??????,PL,N.Na,49x5.5,1 To 18, G- Prayoga   ,10,95,C,G,
990,122/2,"?????????
jy?ti?ya",,P,D,16x11,1 To 6,Jautisha,9,16,C,G ,
991,122/2,"?????? ???????
pray?ga p?rij?ta",??????,PL,N.Na,49x5.5,1 To 116, G- Prayoga   ,10,95,Inc.,G,
992,122/3,"????
ca?d?",,P,D,16x11,1 To 11,Chanda,9,18,C,G ,Scribe : Balakrishna
993,122/3,"??? ???????
apara pray?ga?",,PL,N.Na,49x5.5,1 To , G- Prayoga   ,10,45,Inc.,O,
994,122/4,"??????
nigha??u",,P,D,16x11,1 To 23,Nighantu,9,18,C,G,
995,122/4,"????????? ?????
sapi???kara?a vidhi?",,PL,N.Na,49x5.5,1 To , G- Prayoga   ,10,95,C,G,
996,122/5,"???????
kalpalat?",,P,D,16x11,1 To 13,Jautisha,19,27,C,G,Scribe : Bala Krishna 
997,122/5,"??? ??????
apara k?rik?",,PL,N.Na,49x5.5,68 To 72, G- Prayoga   ,10,95,C,G,Asvalayaniya 
998,122/6,"??????? ??????????
k?rtika m?h?tmya?",,PL,N.Na,49x5.5,One,Purana,10,95,Inc.,G ,From : Skanda Purana 
999,123,"??????? ???????? ????????
sarasvat? sahasran?ma st?tra?",Vyasa,PL,N.Na,16x5.5 ,1 To 11,Stotra,8,24,C,G,From : Padma Purana 
1000,123,"????? ???
vaidya s?ra",,P,D,12.5x9,1 To 21,Vaidya,20,30,C,G,
1001,124/1,"??????? ?????
s?m?vat? vrata?",,P,D,15.5x11,1 To 52,Vrata,11,20,C,G,From : Bhavisottara Purana
1002,124/1,"???????????????????
pr?ya?citt?dhy?ya?",????????,PL,N.Na.,49x5,1 To 166, G- Prayoga   ,8,78,C,G,Prayacittakanda 
1003,124/2,"?????????? ?????
va?as?vitr? vrata?",,P,D,15.5x11,52 To 61,Vrata,11,20,C,G,
1004,124/2,"???????????? (??????)
pr?ya?citta (paddhati)",,PL,N.Na,49x5,1 To 2, G- Prayoga   ,8,78,C,G,
1005,124/3,"???? ???????????? ???????
sarva pr?ya?citta pray?ga?",,PL,N.Na,49x5,2 To 1 To 15, G- Prayoga   ,8,78,C,OD,
1006,124/4,"???? ?????? ??????
yajña valkya sm?ti",Yajnya Valkya,PL,N.Na,49x5,1 To 29,Smriti,8,78,Inc.,G,
1007,125/1,"???? ?????
gha?ita vic?ra",,P,D,18x11,1 To 5,Jautisha,11,22,C,G,
1008,125/1,"?????? ?????
nir?aya si?dhu",?????? ????,PL,N.Na,45x4,1 To 282, G- Prayoga   ,6,87,C,G,
1009,125/2,"???????
r?m?ya?a?",?????? ????,PL,N.Na,45x4,26,Itihasa,8,85,Inc,G,Kiskinda kanda
1010,125/2,"??????????
mah?rda?a?la?",,P,D,17x11,1 To 2,Jautisha,13,30,C,G,
1011,125/3,"???? ??????
g?raka pa?c??ga",,P,D,16x11,1 To 2,Jautisha,12,22,C,G,
1012,125/4,"???? ??????? ????
janma patrik? l?khana",,P,D,19x10.5,1 To 2,Jautisha,15,30,Inc.,G,
1013,126,"?????? ??????
?gv?da sa?hit?",,PL,N.Na,50x6,1 To 145,Samhita,9,92,Inc.,G,"I,II,III,IV Astaka"
1014,126/1,"??? ????????
?iva st?tra?",Upamanyu,P,D,16x11,1 To 2,Stotra,10,23,C,G ,
1015,126/2,"?????? ????
n?r?ya?a h?daya",,P,D,17.5x11,1 To 4,Stotra,10,18,C,OD,
1016,127/1,"???? ?????
li?ga lak?a?a",,PL,N. Na,33x5,One,shaiva,10,64,C,G ,
1017,127/1,"????? ?????
rudra ya?tra",,P,D,15.5x10,1 To 5,Tantra Mantragama,19,36,C,O,"Sa-1750, Year-1828, Sarvadhani Sam, "
1018,127/10,"????????????????? ?????
pr??aprati??h?pan? vidhi?",,PL,N.Na,33x5,17 To 1 To 18, pooja,10,64,C,G,
1019,127/11,"??? ??????
laghu ny?sa?",,PL,N.Na,33x5,18 To 20, pooja,10,64,Inc. ,G,
1020,127/12," ???????????
 rudr?bhi??ka",,PL,N.Na,33x5,1 To ,Veda - Mantra,10,64,Inc.,G,
1021,127/13,"????? ???? ????????
hayamukha g?t? st?tra?",,PL,N.Na,33x5,23 To 25,Stotra,10,64,C,G,
1022,127/14,"???? ???? ????????
gaur? ga???a visarjane",,PL,N.Na,33x5,one,Vrata,10,64,Inc.,G,
1023,127/15,"?????? ??????? ?????
ca??ik? nav?k?ara ma?tra",,PL,N.Na,33x5,one, pooja,10,64,Inc.,G,
1024,127/16,"???????? ??????
nav?k?ari ny?sa?",,PL,N.Na,33x5,one, pooja,10,64,Inc. ,G,
1025,127/17,"????????????? ??????????
lalit????ttara ?atan?m?va?i?",,PL,N.Na,33x5,1 To 7,Stotra,10,64,C,G,
1026,127/18,"?????? ??? ???????
v?das?ra parama divyasa?",,PL,N.Na,33x5 ,8,Stotra,10,64,C,G,
1027,127/19,"??? ??????? ?????
?iva pa?c?m?ta vidhi?",,PL,N. Na,33x5,1 To 4,Shaivagama,7,38,C,G,
1028,127/2,"??????? ????
?ivap?j? k?l?",,PL,N.Na,33x5,1 To 1 To 2,shaiva,10,64,Inc. ,G,
1029,127/2,"????????? ?????
sv?h?k?ra rudra",,P,D,15.5x10,1 To 2,Tantra Mantragama,19,36,Inc.,G,
1030,127/20,"????? ??????????
agni k?ryavidhi?",,PL,N. Na,33x5,5 To 7,Tantra Mantragama,7,38,Inc.,G,
1031,127/21,"???????? ???? ?????
navar?tr? p?j? vidhi?",,PL,N.Na,33x5,one, pooja,7,50,C,G,
1032,127/22,"??? ???? ?????
?ami p?j? vidhi?",,PL,N.Na,33x5,1 To , pooja,7,50,C,G,
1033,127/3,"???? ??????
k??i karp?ra",Mahakala,P,D,14x9.5,2 To 5,Tantra Mantragama,9,20,Inc.,G,
1034,127/4,"???????? ????????? (??????)
trya?baka p?j?vidhi? (ny?sa?)",,PL,N.Na,33x5,5 To 1 To 6, pooja,10,64,C,G,
1035,127/5,"????????? ??? ???????
m?tyu?jaya h?ma pray?ga?",,PL,N.Na,33x5,1 To 5, G- Prayoga   ,10,64,C,G,
1036,127/6,"?????? ????????
n?si?ha sahasran?ma",,PL,N.Na,33x5,1 To 7 To 1,Stotra,10,64,C,G,From : Nrsima Purana 
1037,127/7,"????? ????
pra?ava kalpa",,PL,N.Na,33x5,7 To 1 To 9, pooja,10,64,C ,G,
1038,127/8,"?????? ??????
vasi??a sa?hit?",,PL,N. Na,33x5,1 To 29,Tantra Mantragama,10,64,Inc. ,G,
1039,127/9,"???????? ?????
navar?tri vrata?",,PL,N.Na,33x5,1 To 17,Vrata,10,64,C,G,""""
1040,128,"??????? ???????
r?jan?ti ??stra",Canakya,P,D,17x10.5,1 To 35,Subhashita,9,24,Inc.,G,
1041,128/1,"??? ?????? ???
?uka saptati kath?",,PL,N.Na,43x5,1 To 65,Gadya - Katha,8,64,Inc.,OD,"Kalayukta Sam, Kartika Suddha - 14, "
1042,128/2,"????????? ??????
b?hann?rada pur??a?",,PL,N.Na,43x5,66 To 162,Purana,10,66,Inc.,OD,1-60 Adhyayas
1043,129,"???????
ratnap?na",,PL ,N.Na,43x3.5,1 To 119,Alankara,7,78,Inc.,DW,1-8Prakarana
1044,129/1,"?????? ????? ?????????
v?d??ta s?tra mukt?vali",,P,D,16.5x10,1 To 40,Jautisha,10,20,Inc.,G,
1045,129/2,"?????????????
v?d??taprakara?a?",,P,D,16x9.5,1 To 4,Jautisha,13,25,Inc.,G,
1046,130/1,"???????? ????????? (??????)
trya?baka p?j?vidhi? (ny?sa?)",,P,D,18.5x12,1 To 4, pooja,9,18,Inc. ,G,
1047,130/1,"??????? ???????
pu?y?ha pray?ga?",,PL,N.Na,26.5x5,1 To 29, G- Prayoga   ,8,48,C,OD,
1048,130/10,"???????? ???????
kany?vara?a pray?ga?",,PL,N.Na,26.5x5,72 To 1, G- Prayoga   ,8,48,Inc.,G,
1049,130/11,"???????? ????? ?????
??val?yana g?hya s?tra",????????,PL,N.Na,16x8.5,1 To 25,Grahyasutra,9,20,Inc.,G,
1050,130/2,"???? ???????
sam?sa sa?graha?",,P,D,14x10,1 To 2,Vyakarana,15,24,C,G,
1051,130/2,"?????????? ???????
punaspa?dan? pray?ga?",,PL,N.Na,26.5x5,29 To 32, G- Prayoga   ,8,48,C,G,
1052,130/3,"???????? ?????
garbh?d?na vidhi?",,PL,N.Na,26.5x5,32 To 1 To 35 To 1, G- Prayoga   ,8,48,C,G,
1053,130/3,"?????? ??????
ugraratha ???ti?",,P,D,17x11,1 To 11,Shanti,9,25,C,G,
1054,130/4,"???????????? ?????
pi??c?ddh?ra?a vidhi?",,P,D,15x10.5,1 To 2, G- Prayoga   ,15,27,C,G,
1055,130/4,"?????? ???????
pu?savana pray?ga?",,PL,N.Na,26.5x5,35 To 37, G- Prayoga   ,8,48,C,G,
1056,130/5,"???? ?????
d?v? s?kta",,P,D,16x8.5,1 To 10,Veda - Mantra,9,20,C,G,
1057,130/5,"????? ???????
s?ma?ta pray?ga?",,PL,N.Na,26.5x5,37 To 1 To 39, G- Prayoga   ,8,48,C ,G,
1058,130/6,"??????? ???????
j?takarma pray?ga?",,PL,N.Na,26.5x5,39 To , G- Prayoga   ,8,48,C,G,
1059,130/7,"??????
n?makara?a",,PL,N.Na,26.5x5,39 To 40, G- Prayoga   ,8,48,C,G,
1060,130/8,"?????????? ?????
annapr??ana vidhi?",,PL,N.Na,26.5x5,40 To 41, G- Prayoga   ,8,48,Inc.,G,
1061,130/9,"??????? ???????
madhuparka pray?ga?",,PL,N.Na,26.5x5,69 To 72, G- Prayoga   ,8,48,C,G,
1062,131/1,"?????????? ????
catu??l?k? bh?rata",,p,Kan,15.5x10,1 To 1,Itihasa,10,19,C,G,
1063,131/1,"??? ??????????
?k prati??khya",,PL,N.Na,44x4.5,1 To 134,Vedanga,7,85,C,G,
1064,131/2,"?????????? ???????
catu??l?k? r?m?ya?a?",Valmiki,p,Kan,15.5x10,1 To 1 To 2 To 1,Itihasa,10,19,C,O,
1065,131/2,"??? ?????????????? ????
?k sarv?nukramanika ??k?",,PL,N.Na,44x4.5 ,135 To 246,Vedanga,7,85,Inc.,G,
1066,131/3,"??????? ???
sa?k??pa s?ra",,PL,N.Na,44x4.5,247 To 257,Vedanga,7,85,C,G,
1067,132,"???????????????
n?mali?g?nu??sana?",,P,D,21.5x11,88 To 129,Nighantu,7,26,Inc.,G,Scribe : Balakrishna
1068,132/1,"????? ?????? ????????
par??ara sm?ti vy?khy?",Madavacarya,PL,N.Na,46x5,1 To 193,Smriti,7,70,Inc.,G,Prayascitta kanda
1069,132/2,"???????????? (??????)
pr?ya?citta (paddhati)",,PL,N.Na,46x5,193 To 197, G- Prayoga   ,7,70,C,G,
1070,133,"????? ????????
aitar?ya br?hma?a",,PL,N.Na,43x5,1 To 132,Brahmana,7,85,C,OD,Scribe : Sankara Hebbar
1071,133/1,"???? ????????
d?v? st?tra?",,P,D,20x11,1 To 10,Stotra,11,27,C,G,From : Brahamanda purana
1072,133/2,"?????  ???????
ga?apati  stavar?ja",,P,D,21x11,1 To 2,Stotra,11,27,C,G,"Saka - 1785, Year - 1864, Rudrirodgari sam"
1073,133/22,"????????? ??????????
ve?ka?agiri m?h?tmya?",,PL,N.Na,40.5x4.5,57 To 63,Purana,7,72,C ,G,From : Bhavisottara Purana
1074,133/3,"????????
r?ghavastaka",,P,D,21.5x10.5,1 To 2,Stotra,10,35,C,G,
1075,133/4,"???????????? ????????
jy?tirli?ga st?tra?",Sankaracarya,P,D,21.5x10.5 ,One,Stotra,9,32,C,G,"Sa - 1755, Year - 1834, Vijaya sam - "
1076,133/5,"????? ???????
lalit? tri?ati",,P,D,20.5x11,1 To 4,Stotra,11,26,C,G,
1077,133/6,"??????????????? ????????
vi??ujanmarahasya st?tra?",,P,D,21.5x10.5,1 To 2,Stotra,13,36,C,G,"Sa - 1756, Year - 1835 Jayasam, "
1078,134/1,"??????? ???
nak?atra ?la?",,PL,N. Na,19.5x5,1 To 4,Jautisha,7,32,C,G,
1079,134/1,"??????? ??????
?r?ddha k?rik?",??????? ???????,P,D,21x10,1 To 3, G- Prayoga   ,6,33,C,G,
1080,134/10,"?????? ????
?ditya kavaca?",,PL,N.Na,19.5x5,2 To ,Stotra,7,32,Inc.,G,
1081,134/11,"??? ???? ?????
d?va p?j? vidhi?",,PL,N.Na,19.5x5,1 To 24, pooja,7,32,Inc. ,OD,
1082,134/2,"??? ???
y?ga ?la?",Nrsimha,PL,N. Na ,19.5x5,5 To 11,Jautisha,7,32,C,G,Begining Yoga-Ruthphala
1083,134/2,"??????? ???????
?r?ddha pray?ga?",,P,D,21.5x11.5,1 To 5, G- Prayoga   ,13,38,C,G,
1084,134/3,"??????? ???
tri?ati n?ma",,PL,N. Na,19.5x5,12 To 15,Tantra Mantragama,7,32,Inc.,G,
1085,134/3,"???? ??????? ?????
?tura sa?ny?sa vidhi?",,P,D,20x10,1 To 2, G- Prayoga   ,9,21,C,G,
1086,134/4,"?????????
tricakalpa",,PL,N.Na,19.5x5,17 To 28, pooja,7,32,C ,G,
1087,134/4,"????? ??? ?????
ga?apati h?ma vidhi?",,P,D,21x11.5,1 To 3, G- Prayoga   ,10,28,C,G,Mantra Rajokta 
1088,134/5,"???????? ?????
utsarjana vidhi?",,P,D,21x11,1 To 27, G- Prayoga   ,10,25,C,G,Scribe : Sadasiva
1089,134/5,"??????????
dvada??tmaka",,PL,N.Na,19x5,One, G- Prayoga   ,7,32,C,G,
1090,134/6,"????????? ????????
m?tyu?jaya m?nasap?j?",,PL,N.Na,19.5x5,29 To 1 To 34, pooja,7,32,C,G,
1091,134/7,"???? ???????? ????????
d?v? m?nasap?j? st?tra?",Sankaracarya,PL,N.Na,19.5x5 ,34 To 42,Stotra,7,32,C,G,
1092,134/8,"???????
r?m?ya?a?",Sankaracarya,PL,N.Na,19.5x5, To ,Itihasa,9,60,Inc,O ,
1093,134/9,"????? ???????? ????????
s?rya sahasran?ma st?tra?",,PL,N.Na,19.5x5,1 To 12,Stotra,7,32,C,G ,
1094,135/1,"??? ????? ????
mah? ga?apati p?j?",Sankara,PL,N.Na,23x4,1 To 10, pooja,8,50,C,G,
1095,135/1,"?????? ?????
svar?pa dar?ana",Rama Brahmendra,P ,D,21.5x10,1 To 18,Jautisha,9,35,C,G,
1096,135/10,"????????? ????
a???ttara ?ataka?",,PL,N.Na,23x4,103 To 1 To 104,Stotra,8,50,C,G,
1097,135/11,"??????? ????
g?yatr? h?daya",,PL,N.Na,23x4,104 To 1 To 110,Stotra,8,50,Inc.,G,
1098,135/12,"??????? ????
g?yatr? kavaca?",,PL,N.Na,23x4,110 To 1 To 111,Stotra,8,50,C,G,
1099,135/13,"??????? ????
g?yatr? h?daya",,PL,N.Na,23x4,One,Stotra,8,50,C,G,
1100,135/14,"????????????????? ?????
pr??aprati??h?pan? vidhi?",,PL,N. Na,23x4,3,Tantra Mantragama,8,50,C,G,
1101,135/15,"????????
m?trg?",,PL,N.Na,23x4,1 To 11,Veda - Mantra,8,50,C,G,
1102,135/16,"?????? ??????
?r?gya pradh?na",,PL,N. Na,23x4,11 To 1 To 14,Tantra Mantragama,8,50,Inc.,G,Asvalayana
1103,135/17,"?????? ?????
ny?sa? vidhi?",,PL,N.Na,23x4,21 To 31, pooja,8,50,Inc. ,G,
1104,135/18,"?????????? ????????
i?dr?k?i st?tra?",, PL,N.Na,23x4,1 To 2,Stotra,8,50,C,G,
1105,135/2,"?????? ??????? ?????
vin?yaka caturth? vrata?",,PL,N.Na,23x4,1 To 22,Vrata,8,50,Inc.,G,From : Vasista Samhita
1106,135/2,"?????????? ???
y?gav?si??a s?ra",,P,D,19.5x10,1 To 6,Jautisha,17,45,C,G,"Saka-1803 Year-1881, Varsa Sam, "
1107,135/3,"?????? ???? ?????
y?tr? l?kh? lak?a?a",,PL,N. Na,23x4,23 To 40,Tantra Mantragama,8,50,Inc.,G,
1108,135/4,"??? ????? ????
mah? ga?apati p?j?",,PL,N.Na,23x4,1 To 13, pooja,8,50,C,G,
1109,135/6,"????????? ????????
m?tyu?jaya st?tra?",,PL,N.Na,23x4,69 To 1 To 71,Stotra,8,50,C,G ,
1110,135/7,"????????? ????
dv?da?an?ma p?j?",,PL,N.Na,23x4,73 To 79, pooja,8,50,Inc. ,G,
1111,135/9,"??? ?????? ?????
bh?ta ?uddhi vidhi?",,PL,N. Na.,23x4,94x96,Tantra Mantragama,8,50,C,G,
1112,136,"???????? ?????
pura?cara?a vidhi?",Gopinatha Pathakagni,P,D,21.5x10.5 ,1 To 24,Tantra Mantragama,10,25,C,G,"Saka-1700, Year-1778 Vilambi Sam, "
1113,136,"????? ?????????
k???a yajusa?hit?",,PL,N.Na,49x6,1 To 235,Samhita,13,81,C,G,
1114,137,"??????
bh?gavata?",,TU,N.Na,21x5,1 To 67,Purana,9,42,Inc.,OD,"XI Skanda, Datree sam Vaisaka "
1115,137/1,"???? ??????
a?ani ???ti?",,P,D,22x10.5,1 To 3,Shanti,13,40,C,G,Saunakiya 
1116,138/1,"?????? ??????
?gv?da sa?hit?",,PL,N.Na,32x5,1 To 140,Samhita,7,52,C,O,"I,II,III Astaka"
1117,138/1,"????????????
rahasy?pani?at",,P,D,21x11,1 To 4,Upanisat,11,34,C,G,
1118,138/2,"??????? ????? ??? ?????
?k?k?ara ga?apati h?ma vidhi?",,P,D,21x11,1 To 4,Tantra Mantragama,12,34,C,G,
1119,138/2,"??????????? ?????
i?dr?s?miya s?kta",,PL,N.Na,35x5,1 To 7,Veda - Mantra,7,52,C,O,
1120,138/3,"??? ?????
s?ma s?kta",,PL,N.Na,32x5,8 To 22,Veda - Mantra,7,52,Inc.,G,
1121,139,"???????? ????????
sm?tik? vy?khy?",Bhattojidiksita,PL,N.Na,35x5.5,1 To 136,Smriti,10,55,Inc.,G,Scribe : Venkata
1122,139,"??? ???
h?ra s?ra",,P,D,19.5x10.5,1 To 2,Jautisha,17,42,Inc. ,G,Scribe: Balakrsna
1123,140,"??????? ???????? ?????
batt?s paur?im? vrata?",,P,D,21.5x4.5,1 To 4,Vrata,13,33,C,G,
1124,140,"?????? ???????
pray?ga p?rij?ta",??????,PL,N.Na,26x5.5,1 To 117, G- Prayoga   ,10,52,Inc.,O,"Roudri Namasam Palguna Suddha to 11, Scribe : Laksmana, S/o. Venkatasastri"
1125,141,"???????? ?????? ????
tri??at ?l?ki ??k?",,P,D,21.5x10.5,1 To 30,Nyaya,8,30,C,G,
1126,141/1,"?????? ???????
pray?ga p?rij?ta",??????,PL,N.Na,48x5,1 To 91, G- Prayoga   ,9,95,Inc.,G,Asvalayaniya
1127,141/2,"?????? ???????
pray?ga p?rij?ta",??????,PL,N.Na.,48x5,1 To 23, G- Prayoga   ,9,95,Inc.,G,
1128,141/3,"???????? ??????
pratik?la nir?aya",,PL,N.Na,48x5,1 To 4, G- Prayoga   ,10,95,C,G,
1129,142,"????? ???
?ruta b?dha",Kalidasa,P,D,21x10,1 To 5,Chanda,10,30,C,ODW,
1130,142/1,"?????????
bhagavadg?t?",Kalidasa,PL ,N.Na,32x5,1 To 31,Gita,9,54,C,G,
1131,142/10,"?????????? ????????
b?lasarasvat? st?tra?",,PL,N.Na,32x5,One,Stotra,9,54,C,OD,
1132,142/11,"??????? ???? ?????
g?yatr? m?l? ma?tra",,PL,N.Na,32x5,40 To 1 To 44,Stotra,9,54,Inc.,OD,
1133,142/12,"???? ??????
guru paddhati",,PL,N. Na ,32x5,One,Veerashaiva,9,54,C ,O,"Script : Nandi Nagari, Kannada language"
1134,142/13,"????
r?paka",,PL,N.Na,32x5,1 To 6,General,10,65,Inc.,O,Kannada language
1135,142/14,"???????
pa?c?kara?a",,PL,N. Na,32x5,One,Jautisha,9,54,Inc. ,G,
1136,142/15,"???????? ????????
jñ?nabh?da st?tra?",,PL,N.Na,32x5,One,Stotra,9,54,C,O,
1137,142/16,"???????? ?????
bhaktis?ra carita?",kanakadasa,PL,N.Na,32x5,81 To 1 To 31,General,9,54,Inc.,OD,Kannada Language
1138,142/17,"??????????????? ????????
ve?ka???a???ttara sahasran?ma",kanakadasa,P,N.Na,32x5,One,Stotra,9,54,C,O,From : Varaha Purana 
1139,142/18,"???? ??????? ?????
ga???a caturth? vrata?",,PL,N.Na,32x5,1 To 4 To 1,Vrata,9,56,C,G,
1140,142/19,"?????? ???? ???
vin?yaka vrata kath?",,PL,N.Na,32x5,4 To 1,Vrata-Katha,9,56,C,G,From : Skanda purana 
1141,142/2,"???? ?????
d?v? s?kta",,PL,N.Na,32x5,1 To ,Veda - Mantra,9,54,C,G,
1142,142/20,"??????? ????
ve?ka???a kalpa",,PL,N.Na,32x5,6 To 11,Vrata,9,54,C,OD,From : Brahamanda Purana
1143,142/21,"????????? ?????
?ivar?tri vrata?",,PL,N.Na,32x5,11 To 1 To 15,Vrata,9,54,C,O,
1144,142/22,"????????? ???? ???
?ivar?tri vrata kath?",,PL,N.Na,32x5,15 To 1 To 16,Vrata-Katha,9,54,C,O,From : Skanda purana
1145,142/23,"??????????? ?????
?anitray?da?? vrata?",,PL,N.Na,32x5,16 To 1 To 19 To 1,Vrata,9,54,C,O,From : Skandapurana
1146,142/24,"?????? ?????
?k?da?? vrata?",,PL,N.Na,32x5,19 To 1,Vrata,9,54,C,O,
1147,142/25,"???? ?????? ?????
pak?a prad??a vrata?",,PL,N.Na,32x5,19 To 1 To 24,Vrata,9,54,C ,O,
1148,142/26,"??????? ?????? ?????
k?rtika s?mav?ra vrata?",,PL,N.Na,32x5,24 To 1 To 29,Vrata,9,54,Inc ,OD,
1149,142/3,"??????? ?????
sarasvat? s?kta",,PL,N.Na,32x5,31 To 1 To 33,Veda - Mantra,9,54,C,G,
1150,142/4,"??????? ?????
lak?m? s?kta",,PL,N.Noc,32x5,33 To 34,Veda - Mantra,9,54,C,G,
1151,142/5,"???? ?????
d?v? s?kta",,PL,N.Na,32x5,34 To 35,Veda - Mantra,9,54,Inc.,G,
1152,142/6,"???? ??????????
d?v? m?h?tmya?",,PL,N.Na,32x5,1 To ,Purana,9,54,Inc.,G,""""
1153,142/7,"?????? ????????
rajasvala st?tra?",,PL,N.Na,32x5,36 To 37,Stotra,9,54,C,G,
1154,142/8,"?????? ????
ca??ik? h?daya",,PL,N.Na,32x5,36 To 1 To 38,Stotra,9,54,C,G,From : Markandeya Purana 
1155,142/9,"????????
da?a?l?ki",,PL,N.Na,32x5,38 To 40 To 1,Grahyasutra,9,54,C,G,
1156,143/1,"???????????? ?????
siddhivin?yaka vrata?",,P,D,21x10,1 To 2,Vrata,15,40,C,G,
1157,143/1,"?????? ???????
pray?ga p?rij?ta",??????,PL,N.Na.,49x5,1 To 20, G- Prayoga   ,9,100,Inc.,G,
1158,143/2,"???????? ?????
upa?galalita vrata?",,P,D,21x10,1 To 6,Vrata,15,35,C,DW,
1159,143/2,"???????? ???????????? ??????
gr?m?di prati??h?pan? pray?ga",,PL,N.Na,49x5,3 To 24, G- Prayoga   ,9,100,Inc.,O,
1160,143/3," ??????? ?????
 aru?dhat? vrata?",,P,D,22x11,1 To 5,Vrata,10,28,Inc.,DW,
1161,143/3,"????? ??????
rudra paddhati",??????,PL,N.Na,49x5,1 To 21, G- Prayoga   ,9,100,Inc,G,Bodha yaniya 
1162,143/4,"???? ?????
kadal? vrata?",,P,D,21.5x10.5,1 To 6,Vrata,17,37,C,G,
1163,143/4,"????????? ???????
rudrap?j? pray?ga?",,PL,N.Na,49x5,1 To 6, G- Prayoga   ,9,100,Inc,G,
1164,143/5,"???? ???? ???
kadal? vrata kath?",,P,D,21.5x10.5,6 To 8,Vrata-Katha,17,37,C,G,From : Bhavisottara purana 
1165,143/5,"???????? ??????????? (?????)
??val?yana dharma??stra (k?rika)",Asvalayana,PL,N.Na,49x5 ,1 To 9,G- Prayoga   ,9,100,Inc.,G,
1166,143/6," ??????? ?????
 aru?dhat? vrata?",,P,D,21.5x10.5,8 To 12,Vrata,17,37,C,G,
1167,143/7,"????????? ?????
lak?avarti vrata?",,P,D,21.5x10.5,12 To 14,Vrata,17,37,C,G,
1168,143/8,"?????????? ???? ???
lak??varti vrata kath?",,P,D,21.5x10.5,14 To 16,Vrata-Katha,17,37,Inc.,G,
1169,144,"???????????
itih?s?ttama",,PL,N.Na,47x4.5,1 To 65,Purana,6,70,C ,G,1-24 Adhyayas
1170,144/1,"??????? ????????
?anai?cara st?tra?",,P,D,20.5x11,1 To 5,Stotra,10,26,C,O,"Saka - 1759, Year - 1838 Hemalambi "
1171,144/2,"?????????? ????????
sa?ka??an??ana st?tra?",,P,D,21.5x11.5,1 To 2,Stotra,10,23,C,O,
1172,145,"???????? ???? ?????
navar?tr? p?j? vidhi?",,P,D,20.5x10,1 To 4, pooja,12,38,C,O,
1173,145/1,"?????? ????????
sm?ti ca?drik?",,PL,N.Na,49x5,1 To 64,Smriti,7,100,C,GO,Scribe : Divakara
1174,145/10,"????? ?????
nitya vidhi?",,PL,N.Na,49x5,1 To 10, G- Prayoga   ,9,100,Inc ,G,
1175,145/11,"?????? ???
dh?tri h?ma",,PL,N.Na,49x5,one, pooja,9,100,C ,G,
1176,145/12,"????? ??????
g?hya k?rik?",,PL,N.Na,49x5,1 To 4, G- Prayoga   ,9,100,Inc.,OD,
1177,145/2,"????? ??????
g?hya k?rik?",,PL,N.Na,49x5,1 To 37, G- Prayoga   ,7,100,C,G ,Asvalayaniya
1178,145/3,"???????? ????? ?????
??val?yana g?hya s?tra",????????,PL,N.Na,49x5,1 To 15,Grahyasutra,7,100,Inc.,G,
1179,145/4,"???? ?????
jaya?ta k?rika",,PL,N.Na,49x5,16 To 60, G- Prayoga   ,7,100,Inc. ,G,Asvalayaniya 
1180,145/5,"????? ??? ??????
viv?ha m?sa nir?aya",,PL,N.Na,49x5,1, G- Prayoga   ,9,85,Inc,G,
1181,145/6,"???? ?????
graha lak?a?a",,PL,N. Na,49x5,82 To 86,Jautisha,8,78,Inc.,G,
1182,145/7,"???? ??????
dak?a sm?ti",Daksa,PL,N.Na,49x5,1 To 5,Smriti,9,100,C,G,
1183,145/8,"????? ??????
vy?sa sm?ti",Vyasa,PL,N.Na,49x5,5 To 1 To 9 To 1,Smriti,9,100,C,G,
1184,145/9,"????? ??????
par??ara sm?ti",Parasara,PL,N.Na,49x5,10 To 1 To 18,Smriti,9,100,C,G,
1185,146/1,"??????? ????
sa?graha? j?taka",,PL,N. Na.,20.5x3.5,1 To 52,Jautisha,6,40,Inc.,O,
1186,146/1,"???? ?????? ?????
v?s? tsarga vidhi?",,P,D,21.5x11.5,1 To 9, G- Prayoga   ,10,30,C,DW ,"Asvalayaniya Saka 1805to1884 Subhanu, marga sirsa Scribe : sadasiva "
1187,146/2,"??????? ?????
v?r?ika ta?tra",Viddanacarya,PL,N. Na,20.5x3.5,53 To 70,Jautisha,6,40,C,OD,
1188,146/2,"??????? ???????
?gr?ya?a pray?ga?",,P,D,21.5x11.5,1 To 6, G- Prayoga   ,11,30,C,G,
1189,146/3,"????????
subh??it?",,PL,N.Na,20.5x3.5,1 To 3,Subhashita,7,45,Inc. ,G,
1190,146/3,"????? ??????????
agni k?ryavidhi?",,P,D,21x11.5,1 To 3, G- Prayoga   ,11,30,C,G,
1191,146/4,"?? ??? ?????
g? d?na vidhi?",,P,D,20x9.5,1 To 4, G- Prayoga   ,10,34,Inc.,G,
1192,147,"????? ?????
cha??ila vidhi?",,P,D,21.5x11,1 To 4,shrouta- sutra,10,27,C,GO,From Bodhayanasutra Scribe : Sadasiva 
1193,147/1,"????? ????????
aitar?ya br?hma?a",,PL,N.Na,49x5,1 To 81,Brahmana,9,80,C,G,Sakato1812 yearto1891
1194,147/10,"??????????????
?ivatatv?pani?at",,PL,N.Na,49x5,12 To 13,Upanisat,9,80,C,G,
1195,147/11,"??????? ???????
nak?atra c???ma?i",,PL,N. Na,49x5,46 To 56,Jautisha,9,80,Inc.,O,
1196,147/12,"???? ???????????? ???????
sarva pr?ya?citta pray?ga?",,PL,N.Na,49x5,57 To 67, G- Prayoga   ,9,80,Inc.,G,From Hemadri
1197,147/2,"???????????
aitar?y?ra?yaka",,PL,N.Na,49x5,82 To 102,aranyaka,9,80,C,G,
1198,147/3,"??? ?????????????
?k sarv?nukrama?i",,PL,N.Na,44x5,103 To 114,Vedanga,9,80,C,G,
1199,147/4,"?????????????
kaivaly?pani?at",,PL,N.Na,49x5,1 To ,Upanisat,9,80,C,G,
1200,147/5,"??????????????????
?v?t??vatar?pani?at",,PL,N.Na,49x5,1 To 1 To 5,Upanisat,9,80,C,G,
1201,147/6,"???????????????
atharva??r?pani?at",,“,N.Na,49x5,5 To 7,Upanisat,9,80,C ,G,
1202,147/7,"?????????????????
atharva??r??pani?at",,PL,N.Na,49x5,7,Upanisat,9,80,C,G,
1203,147/8,"????????????????????
r?map?rvat?pin?pani?at",,PL,N.Na,49x5,7 To 1 To 10,Upanisat,9,80,C,G,
1204,147/9,"????????????????????
r?m?ttarat?pin?pani?at",,PL,N.Na,49x5,10 To 11,Upanisat,9,80,C,G,
1205,148,"???????????
sam?saprakara?a?",,P,D,20x10,1 To 3,Vyakarana,23,45,Inc.,ODW,
1206,148/1,"???????? ?????
garbh?d?na vidhi?",,PL,N.Na,42x5,1 To 8, G- Prayoga   ,7,65,Inc.,OD,
1207,148/2,"???? ?????? ????????????
pak?a prad??a vrat?dy?pana?",,PL,N.Na,42x5,1 To 3,Vrata,9,100,C,OD,""""
1208,148/3,"????????? ????????????
lak?apu?pa vrat?dy?pana?",,PL,N.Na,42x5,3 To 4,Vrata,9,100,C,G,From : Skandapurana
1209,148/4,"????????? ?????
am?s?mav?ra vrata?",,PL,N.Na,42x5,4 To ,Vrata,9,100,C,GO,
1210,148/5,"??????????????????
prad??avrat?dy?pana?",,PL,N.Na,42x5,5 To 6,Vrata,9,100,Inc.,DW,
1211,149/1,"??????????????????????????
satyan?r?ya?a???ttaran?m?va?i?",,P,D,34x22,One,Stotra,35,32,C,O,
1212,149/1,"?????? ??????
vasi??a sa?hit?",,PL,N. Na,16.5x6,1 To 28,Tantra Mantragama,11,32,Inc.,G,
1213,149/10,"?????? ????
vin?yaka kavaca?",,PL,N.Na,16.5x6,11 To 1 To 14,Stotra,11,32,C,G,From : Bhavisottara Purana
1214,149/11,"??????? ????????
pa?c?vara?a st?tra?",,PL,N.Na,16.5x6,14 To 17,Stotra,11,32,C,G,
1215,149/12,"????????? ????????
ma?tr?va?i st?tra?",,PL,N.Na,16.5x6,17 To 19,Stotra,11,32,C,G,
1216,149/13,"?????????????
ga?apatyupani?at",,PL,N.Na,16.5x6,19 To 20 To 1,Upanisat,11,32,C,G,
1217,149/14,"?????? ???? ??? ????????
vin?yaka stava r?ja st?tra?",,PL,N.Na,16.5x6,20 To 1,Stotra,11,32,C,G,From : Bhavisottara Purana
1218,149/15,"??????????
ak?aradhy?na",,PL,N. Na,16.5x6,23 To 25 To 1,Tantra Mantragama,11,32,Inc.,G,From: Vasista Samhita
1219,149/16,"????? ???? ????????
ga?apati h?daya st?tra?",,P,N.Na,16.5x6 ,25 To 1 To 26,Stotra,11,32,C,G,From : Padmapurana
1220,149/17,"????? ???? ?????
ga?apati m?l? ma?tra",,PL,N.Na,16.5x6,1 To ,Stotra,11,32,C,G,
1221,149/19,"????? ?????????????
ga?apati sahasran?m?va?i?",,P,N.Na,16.5x6,1 To 11,Stotra,11,32,C ,G,
1222,149/2,"??? ????? ????
mah? ga?apati p?j?",,PL,N.Na,16.5x6,1 To 20, pooja,11,32,C,G,
1223,149/2,"??? ???
yuga ?la?",,P,D,34x22,1 To 3,Jautisha,35,32,C ,G,
1224,149/20,"??????????????? ?????
n?si?h?yut?k?ara ma?tra",,PL,N.Na,16.5x6,1 To 14, G- Prayoga   ,11,32,C,G,
1225,149/3,"?????? ????
vin?yaka p?j?",,PL,N.Na,16.5x6,20 To 33, pooja,11,32,C,G,
1226,149/4,"???? ?????
ku?da lak?a?a",,PL,N.Na,16.5x6,1 To 10,G- Prayoga   ,11,32,Inc.,G,Including Kunda Mantapa Laksana
1227,149/5,"????? ??? ???????
agni janana pray?ga?",,PL,N.Na,16.5x6,19 To 29, G- Prayoga   ,11,32,Inc.,G,
1228,149/6,"???????? ????
dv?rap??ha p?j?",,PL,N.Na,16.5x6,one, pooja,11,32,C,G,
1229,149/7,"????? ?????
ma?tra darpa?a",,PL,N.Na,16.5x6,1 To 20,Veda - Mantra,11,33,C,G,
1230,149/8,"?????????? ?????
brahmay?di ny?sa",,PL,N. Na,16.5x6,1 To 3,Tantra Mantragama,11,32,Inc.,G,
1231,149/9,"?????  ???????
ga?apati  stavar?ja",  Vyasa,PL,N.Na,16.5x6,1 To 11 To 1,Stotra,11,32,C,G,From : Bhavisottara Purana 
1232,150,"???????? ?????? ????????
adhy?tma r?m?ya?a st?tra?",, P,D,21.5x11,One,Stotra,14,37,C,G,From : Bala Kanda 
1233,150/1,"??????????????
ku?alav?p?khy?na?",,PL,N.Na,34x5,1 To 2,Purana,9,50,Inc.,O,From : Jaimini Bharata 
1234,150/2,"??? ??????????
m?gha m?h?tmya?",,PL,N.Na,16.5x6,119 To 139,Purana,8,74,Inc. ,O,""""
1235,150/3,"????? ??????????
vai??kha m?h?tmya?",,PL,N.Na,16.5x6,140 To 168,Purana,8,74,Inc. ,O,From : Skanda Purana 
1236,151,"???????????????
adhy?tmar?m?ya?a?",,P,D,21x15,1 To 916,Itihasa,14,25,C,G,"Saka : 1777, Year : 1856 Raksasa sam "
1237,151/1,"?????????????????
sarasvaty????ttara",,PL,N.Na,24.5x5,1 To 2,Stotra,12,18,C,G,
1238,151/2,"???????? ?????
navar?tri vrata?",,PL,N.Na,24.5x5,1 To 27,Vrata,10,42,C,G ,""""
1239,151/3,"??? ??????
laghu ny?sa?",,PL,N.Na,24.5x5,5 To 8, pooja,10,42,C,G,
1240,151/4,"????????????????? ?????
pr??aprati??h?pan? vidhi?",,PL,N.Na,24.5x5,9 To 10, pooja,10,42,C,G,
1241,151/5,"?????? ?????
tvarita rudra",,PL,N.Na,24.5x5,10 To 11,Veda - Mantra,10,42,C,G,
1242,152,"?????? ??????
?gv?da sa?hit?",,PL,N.Na,35x5.5,  110Folios,Samhita,7,52,C,O,1to7 Folios Tulu Script
1243,152/1,"?????????? ?????
brahmat?raka stava?",,P,D,26x11,1 To 10,Stotra,9,35,C,G,
1244,152/2,"???????
kanakadh?r?",Sankaracarya,P,D,26x11,10 To 16,Stotra,9,35,C,G,
1245,152/3,"????????????? ????????
apar?dhak?am?pa?? st?tra?",Sankaracarya,P,D,26x11 ,16 To 18,Stotra,9,35,C,G,
1246,152/4,"???? ?????
ga?g? stava?",Jagannatha,P,D,26x11,16 To 23,Stotra,9,35,C,G,
1247,152/5,"??????  ?????
g?vi?da  stava?",,P,D,26x11,23 To 24,Stotra,9,35,C ,G,
1248,153/1,"?????????
sukh???aka?",Vyasa,P,D,15x9.5,1 To 2,Stotra,8,20,C,G,
1249,153/1,"????? ????????????
agni prati??h?pan?",,PL,N.Na,20x4,1 To 5,Veda - Mantra,5,25,Inc.,OD,
1250,153/2,"???????? ???? ?????
navar?tr? p?j? vidhi?",,PL,N.Na,20x4,6 To 30, pooja,5,25,C,OD,From : skandapurana
1251,153/2,"??????????????
b?lak??????aka?",,P,D,16x9.5,1 To ,Stotra,11,17,C,G,"Sa - 1753, Year - 1832, Khara sam, "
1252,153/3,"???????????? ?????
siddhivin?yaka vrata?",,PL,N.Na,20x4,31 To 52,Vrata,5,25,C,O,From : Skanda Purana
1253,153/3,"????????????
k?labhairav???aka",,P,D,16x10,1 To 2,Stotra,11,17,C,G,
1254,153/4,"?? ???? ?????
g? padma vrata?",,PL,N.Na,20x4,53 To 63,Vrata,5,25,C,OD,From: Padmapurana
1255,153/4,"??????????
s?t?la??aka?",,P,D,15.5x10.5,1 To 2,Stotra,14,22,C,G,From : Bhavisottara Purana
1256,153/5,"???? ????
bh?mi p?j?",,PL,N.Na,20x4,64 To 66, pooja,5,25,Inc.,OD,
1257,153/5,"???? ????
d?v? kavaca?",,P,D,15x10,1 To 3,Stotra,9,20,Inc.,G,
1258,153/6,"????? ???? ?????
yamun? p?j? vidhi?",,PL,N.Na,20x4,67 To 71, pooja,5,25,C,OD,
1259,153/6,"?????? ????????
yamag?t? st?tra?",Vyasa,P,D,16x10,1 To 4,Stotra,9,17,C,G,From : Skanda Purana
1260,153/7,"????????? ????
ana?tavrata? kalpa",,PL,N.Na,20x4,72 To 88 To 1,Vrata,5,25,C,OD,
1261,153/7,"?????????? ???? ????????
mah?lak?m? h?daya st?tra?",,P,D,15.5x10.5,1 To 10,Stotra,14,22,C,GO,"Saka - 1700, Year - 1779, Vilambi sam"
1262,153/8,"???? ???????? ???? ???
ana?ta caturda?? vrata kath?",,PL,N.Na,20x44,88 To 1 To 99,Vrata-Katha,5,25,C,OD ,From : Bhavisottara purana
1263,153/8,"??? ????? ??? ????????
r?ma stava? r?ja st?tra?",,P,D,15x9.5,1 To 9,Stotra,12,21,C,G,
1264,153/9,"????? ???????
bh??ma stavar?ja",Vyasa,P,D,15.5x10.5,1 To 11,Stotra,9,17,C,G,From : Maha Bharata
1265,154,"?????????? ????????
g?t?g?vi?da vy?khy?",Laksmana Suri,PL,N.Na,20x4.5,1 To 64,Kavya,10,36,Inc.,DW,
1266,154/1,"???? ?????
?r? s?kta",,P,D,15.5x10.5,1 To 4,Veda - Mantra,12,20,C,G,"Saka 1742, Year 1821. Vikramsam kartika Guruvara, Scribe : Balakrishna"
1267,154/2,"??????? ?????
g?yatr? s?kta",,P,D,15.5x10.5,1 To 2,Veda - Mantra,10,20,C,G,
1268,155,"?????????? ????????
g?t?g?vi?da vy?khy?",,PL,N.Na,41x4,1 To 85,Kavya,8,85,C,GO,
1269,155/1,"????????? ????
ana?tavrata? kalpa",,P,D,16x10.5,21 To 29,Vrata,12,20,C,G,
1270,155/2,"???? ???????? ???? ???
ana?ta caturda?? vrata kath?",,P,D,16x10.5,29 To 36,Vrata-Katha,12,20,C,G,""""
1271,155/3,"?????????? ???? ???
va?as?vitr? vrata kath?",,P ,D,15x10.5,62 To 68,Vrata-Katha,12,20,C ,G,From : Bhavisottara purana
1272,156/1,"??????????
var?hapur??a?",,PL,N.Na,51x5,15 To 34,Purana,8,96,Inc. ,ODW,
1273,156/1,"??????????? ?????
sa?dhy?p?san? vidhi?",,P,D,14.5x9.5,1 To 11, G- Prayoga   ,8,16,Inc.,GO,
1274,156/2,"????? ??????
ska?da pur??a?",,PL,N.Na,51x5,35 To 89,Purana,8,96,Inc.,ODW,
1275,156/2,"??????? ???????
pu?y?ha pray?ga?",,P,D,15.5x11,1, G- Prayoga   ,9,20,C,G,"Saka 1783, Yearto 1862, Durmati Sam, Pausa Sudhah Astami"
1276,156/3,"??????????? ???????
c?turm?sya pray?ga?",,P,D,15.5x10.5,1 To 3,shrouta- G- Prayoga   ,13,19,C,G,Scribe : Apabhatta 
1277,156/4,"???????? ?????
kany?d?na vidhi?",,P,D,15.5x10,1 To 2, G- Prayoga   ,12,20,C,G,
1278,156/5,"?????? ???????
vi??u ?r?ddha",,P,D,15.5x10,One, G- Prayoga   ,12,20,C,G,
1279,157,"????? ??? ???
pall? patana ?la?",,P,D,10x15.5,1 To 6,Jautisha,18,16,C,G,
1280,157/1,"????? ??????
ska?da pur??a?",,PL,N.Na,35x5,1 To 107,Purana,8,55,Inc.,O,Kasi Kanda
1281,157/2,"??????? ??????????
mall?ri m?h?tmya?",,PL,N.Na,35x5,13 To 31,Purana,8,55,Inc.,O,From : Brahmanda Purana 
1282,158,"????? ??????
avyaya nir?pa?a",,P,D,14x11,1 To 2,Vyakarana,11,15,C ,G,
1283,158,"???????????
kal?prak??ika",Nrisimha Suri,PL,N.Na,38x3.5,14 To 83,Sahitya,4,55,Inc.,OD,
1284,159,"??????? ?????? ????
pi???daka kriy? ??k?",,P,D,15.5x10,1 To 5,Smriti,12,20,Inc.,G,"Tika Script Devanagari, "
1285,159/1,"?????????????? ?????
s?mav?ram?v?sy? vrata?",,PL,N.Na,21x5,1 To 13,Vrata,8,35,C,G,
1286,159/10,"?????? ??????? ?????
vin?yaka caturth? vrata?",,PL,N.Na,21x5,40 To 1 To 42,Vrata,8,35,C,G,
1287,159/11,"?????? ???? ???
vin?yaka vrata kath?",,PL,N.Na,21x5,42 To 45,Vrata-Katha,8,35,C,G,From : Padma purana 
1288,159/12,"?? ???? ?????
g? padma vrata?",,PL,N.Na,21x5,45 To 47,Vrata,8,35,C,G,
1289,159/13,"????? ???? ???
da?a?la? vrata kath?",,PL,N.Na,21x5,54 To 56,Vrata-Katha,8,35,Inc. ,G,From : Padmapurana
1290,159/14,"????????????????
?ivasahasran?m?va?i?",,PL,N.Na,21x5,56 To 66,Stotra,8,35,C,G,
1291,159/15,"???????????????????
?iva???ttarast?tra?",,PL,N.Na,21x5,67 To 68,Stotra,8,35,C,G ,
1292,159/16,"????????? ?????
?ivar?tri vrata?",,PL,N.Na,21x5,75 To 82,Vrata,10,35,Inc.,G,From : Skandapurana
1293,159/17,"?????? ????? ?????
n?si?ha jaya?t? vrata?",,PL,N.Na,21x5,80 To 81,Vrata,10,40,Inc.,G ,
1294,159/18,"?????????? ?????
k???ajaya?t? vrata?",,PL,N.Na,21x5,81 To 82,Vrata,10,40,C,G,
1295,159/19,"???? ????? ?????
v?mana jaya?t? vrata?",,PL,N.Na,21x5,82 To 1 To 84,Vrata,10,40,C,G,
1296,159/2,"???????? ?????
??ipa?cam? vrata?",,PL,N.Na,21x5,9 To 17,Vrata,8,35,C,G,
1297,159/20,"????????? ?????
?ivar?tri vrata?",,PL,N.Na,21x5,84 To 85 To 1,Vrata,10,40,C ,G,
1298,159/21,"????? ????
tu?as? p?j?",,PL,N.Na,21x5,85 To 1 To 87, pooja,10,40,C,G ,From : Vamanapurana
1299,159/22,"??????? ????
sarasvat? p?j?",,TU,N.Na,21x5,87 To 1 To 90, pooja,10,40,C ,G,
1300,159/23,"??????? ???? ?????
bal??dra p?j? vidhi?",,PL,N.Na,21x5,90 To , pooja,10,40,C,G ,From : Bhavi Sottara Purana
1301,159/24,"????????? ?????
tu?gabhadr? vrata?",,PL,N.Na,21x5,90 To 1 To 91,Vrata,10,40,C,G,
1302,159/25,"?????? ???????? ?????
vaiku??ha caturda?? vrata?",,PL,N.Na,21x5,74 To 76,Vrata,10,40,C,G,
1303,159/3,"????? ???? ?????
yamun? p?j? vrata?",,PL,N.Na,21x5,1 To 2,Vrata,8,35,C,G,
1304,159/4,"????????? ????
ana?tavrata? kalpa",,PL,N.Na,21x5,17 To 30,Vrata,8,35,C,G,From: Visnu Dharmottarapurana
1305,159/5,"?????? ?????
s?mav?ra vrata?",,PL,N.Na,21x5,31 To 36,Vrata,8,35,C,G,From : Skandapurana
1306,159/6,"?????????? ?????
svar?agaur? vrata?",,PL,N.Na,21x5,29 To 30,Vrata,8,35,C,G,
1307,159/7,"?????????? ???? ???
svar?agaur? vrata kath?",,PL,N.Na,21x5,30 To 1 To 31,Vrata-Katha,8,35,C,G,""""
1308,159/8,"????????????? ?????
?r?va?adv?da?? vrata?",,PL,N.Na,21x5,31 To 1 To 35,Vrata,8,35,C,G,
1309,159/9,"????????????? ???? ???
?r?va?adv?da?? vrata kath?",,PL,N.Na,21x5,35 To 40,Vrata-Katha,8,35,C,G,From : Bhavisottara purana
1310,160/1,"???? ????
ma?ga?a kavaca?",,P,D,11x7,1 To 2,Stotra,8,13,C,G,
1311,160/1,"??????? ??????
nak?atra nigha??u",,PL,N. Na,19x3.5,1 To 2,Jautisha,6,34,C,O,
1312,160/10,"????????????
?kavi??a??ad??a",,PL,N.Na,19x3.5,57 To 61,Jautisha,6,34,C,G,
1313,160/11,"???? ???????
na??a pra?n?",,PL,N. Na,19x3.5,61,Jautisha,6,34,Inc.,GO,
1314,160/12,"????????????
gaj??dram?k?a",,PL,N.Na,19x3.5,1 To 16,Purana,6,34,C,G,From : VIII Skanda
1315,160/2,"??????? ????
g?yatr? kavaca?",,P,D,12.5x8,1 To 3,Stotra,8,14,C,G ,
1316,160/2,"???? ??????
r??i nigha??u",,PL,N. Na,19x3.5,2 To 2 To 1,Jautisha,6,34,C,O,
1317,160/3,"????? ???? ????
ga?apati ga???a kavaca?",,P,D,12.5x8,1 To 3,Stotra,8,14,C,GO,From : Ganesh Purana 
1318,160/3,"????? ??????
sth?na nigha??u",,PL,N. Na,19x3.5,3,Jautisha,6,34,C,O,
1319,160/4,"??????? ????
sudar?ana kavaca?",,P,D,12.5x9,1 To 7,Stotra,13,22,C,OD,"From : Athrvanarahasya, Eshwara prokta "
1320,160/4,"???? ??????
graha nigha??u",,PL,N. Na,19x3.5,3 To 4,Jautisha,6,34,C ,O,
1321,160/5,"????????? ????????
rudr?k?a st?tra?",,P,D,12.5x9,1 To 2,Stotra,10,15,C,G,From : Brahmottarakanda
1322,160/5,"???? ??????
lagna s??khya",,PL,N. Na,19x3.5,4 To 29,Jautisha,6,34,Inc.,O,
1323,160/6,"????????????? ????
dak?i??m?rti pa?jara",,P,D,12x7,1 To 4,Stotra,12,20,Inc.,ODW,
1324,160/6,"?????? ???
rajasvala ?la?",,PL,N. Na,19x3.5,30 To 31,Jautisha,6,34,C,O,
1325,160/7,"????????????? ????????
dak?i??m?rti st?tra?",Markandeya,P,D,12x8.5,1 To 8,Stotra,12,25,Inc.,G,
1326,160/7,"????? ???? ???
nitya graha ?la?",,PL,N.Na,19x3.5,34 To ,Jautisha,6,34,Inc.,O,
1327,160/8,"????????? ????
y?tr???i cakra",,PL,N. Na,19x3.5,34 To 44,Tantra Mantragama,6,37,Inc.,O,
1328,160/9,"?????? ????
sa?gha??a cakra",,PL,N. Na,19x3.5,45 To 57,Jautisha,6,34,Inc.,O,
1329,161,"???????
r?m?ya?a?",,PL,N.Na,14.5x4,1 To 109,Itihasa,10,34,Inc,G,"Sundara kanda, Saka : 1780, "
1330,161,"????????????
divy?pani?at",,P,D,12.5x7.5,1 To 7,Upanisat,8,15,C ,G,
1331,162,"????????? ??????????
tu?gabhadr? m?h?tmya?",,PL,N.Na,24.5x6,1 To 74,Purana,11,40,C,G,"Scribe : Krsnananda krodana sam,"
1332,162,"???????
?tmab?dha",,P,D,14.5x8,1 To 3,Jautisha,14,30,C,G,
1333,163,"?????? ????????
hariva??a vy?khy?",    Visvanatha Pandita,PL,N.Na,46x4.5 ,1 To 109,Itihasa,7,90,Inc.,OD,Durmukha Sam Krishna - 10
1334,163,"???? ??????? ????
janma patrik? l?khana",,P,D,11x8.5,1 To 4,Jautisha,12,18,C,G,Saka - 1771 Year - 1850 Saumya Sam
1335,164,"????? ???
ma?tra k??a",,P,D,13.5x8,1 To 5,Tantra Mantragama,10,18,Inc.,OD,
1336,164/1,"??????? ??????? ??????
sa?vatsara pratip? nir?aya",,PL,N. Na,22x4,1 To 57,Jautisha,7,48,Inc.,G,
1337,164/2,"??????????? ??????
?a?pa?c??ik? d?pik?",,PL,N. Na,22x4,58 To 71,Jautisha,7,48,Inc.,G,
1338,164/3,"??????? ??????
nak?atra nigha??u",,PL,N. Na,22x4,71 To 1 To 72,Jautisha,7,48,C,G ,
1339,164/4,"???? ??????
graha nigha??u",,PL,N. Na,22x4,72 To 73,Jautisha,7,48,C,G,
1340,164/5,"???? ??????
r??i nigha??u",,PL,N. Na,22x4,73,Jautisha,7,48,Inc.,G,
1341,165,"??? ?????? ?????
??pa vim?cana ma?tra",,P,D,12.5x8,1 To 3,Veda - Mantra,8,17,C,G,
1342,165/1,"??? ??????????
m?gha m?h?tmya?",,PL,N.Na,33x5,1 To 51,Purana,10,56,C,G,From : Vayu Purana
1343,165/2,"???????? ?????
yajurv?da ma?tra",,PL,N.Na,33x5,1 To 11,Veda - Mantra,10,56,Inc,G,
1344,165/3,"??????? ??????????
k?rtika m?h?tmya?",,PL,N.Na,33x5,1 To 29,Purana,10,56,C,G,""""
1345,165/4,"?????? ?????
pray?ga vidhi?",,PL,N.Na,33.5,2 To 11, G- Prayoga   ,10,56,Inc.,O,
1346,165/6,"????? ??????????
vai??kha m?h?tmya?",,PL,N.Na,33x5,1 To 10,Purana,10,56,C,OD,From : Skanda Purana
1347,165/6,"?????? ????
r?m?ya?a ca?p?",Laksmana Suri,PL,N.Na,33x5,1 To 15,Campu,10,56,Inc.,OD,Yuddha Kanda
1348,165/7,"???? ???????
tarka sa?graha?",Annam Bhatta,PL,N.Na,33x5,1 To 5,Nyaya,10,56,Inc.,DW,
1349,166,"???? ???????
n??i par?k?e",,P,D,14.5x9,24Folios,Vaidya,12,22,Inc.,OD,
1350,166/1,"?????? ???????
pray?ga p?rij?ta",??????,PL,N.Na.,24x5.5,1 To 69, G- Prayoga   ,8,38,Inc.,G,
1351,166/2,"????????? ?????
sapi???kara?a vidhi?",,PL,N.Na,24x5.5,70 To 72, G- Prayoga   ,8,38,Inc.,G,
1352,166/3,"????? ?????
p?l??a vidhi?",,PL,N.Na,24x5.5,72 To 72 To 1, G- Prayoga   ,8,38,C,G,
1353,166/4,"???? ????????? ?????
pa?caka mara?a???ti? vidhi?",,PL,N.Na.,24x5.5,73, G- Prayoga   ,8,38,C,G,
1354,166/5,"?? ???
pada d?na",,PL,N.Na,24x5.5,74 To , G- Prayoga   ,8,38,C,G,
1355,166/6,"????? ???
agni n?ma",,PL,N.Na,24x5.5,74 To 1, G- Prayoga   ,8,38,C ,G,
1356,166/7,"????? ??????? ?????
putra svik?ra vidhi?",????,PL,N.Na,24x5.5,74 To 1, G- Prayoga   ,8,38,C,G,
1357,167,"???? ???
graha ?la?",,PL,N. Na,26x5,1 To 12,Jautisha,8,36,Inc.,G,
1358,167/1,"?????????? ????????
ma?ikar?ik? st?tra?",,P,D,15x10,1 To 3,Stotra,10,15,C,OD,
1359,167/2,"??????? ????????
mahimn? st?tra?",  Puspadantha,P,D,15.5x10.5,1 To 6,Stotra,12,19,C,G,"Sa - 1740, Year - 1819 Bahudanya Sam, "
1360,167/3,"??????? ????
ve?ka???a kavaca?",Vyasa,P,D,14x9.5,One,Stotra,12,24,C,G,From : Padma Purana 
1361,167/4,"????????? ????????
janmarahasya st?tra?",Vyasa,P,D,16x11,1 To 4,Stotra,12,21,C,G,From : Bhavisottara Purana
1362,167/5,"??? ???????? ????????
r?ma sahasran?ma st?tra?",,P,D,13.5x10,1 To 10,Stotra,14,19,C,G,From : Tatva Sangraha Ramayana
1363,167/6,"??????????? ?????
a?vatthap?j? vidhi?",,P,D,17x11,1 To 3, pooja,11,20,C,G,
1364,168,"?????????? ?????
satyan?r?ya?a vrata?",,P,D,15.5x10,1 To 10,Vrata,8,18,C,GO ,"From : Skandapurana Bhavasam, Pusya "
1365,168,"??????????? ???
sm?ty?rtha s?ra",,PL,N.Na,15x4,29 To 87,Smriti,10,30,Inc.,G,
1366,169,"?????? ?????
aup?san? vidhi?",,PL,N.Na,20x6,18Folios, G- Prayoga   ,10,37,Inc.,GO,
1367,169/1,"?? ??? ?????
g? d?na vidhi?",,P,D,15.5x10.5,1 To 3, G- Prayoga   ,15,27,C,G,
1368,169/2,"???????????? ????
a?vatth?panayana vidhi",,P,D,17.5x12.5,1 To 3, G- Prayoga   ,10,20,C,G,
1369,170,"?????? ???????
v?stu pray?ga?",???,PL,N.Na,31x5.5,54 To 66, G- Prayoga   ,9,54,Inc,OD,
1370,170/1,"???????????
rudr?dhy?ya",,P,D,15.5x10.5,2 To 7,Veda - Mantra,11,22,Inc,O,
1371,170/2,"??? ?????
saura ma?tra",,P,D,17x10,1 To 4,Veda - Mantra,14,28,Inc. ,OD,
1372,170/3,"??? ?????
r?ja s?kta",,P,D,17x11,1 To 15,Veda - Mantra,7,20,C,G,
1373,171,"??? ???????
?aiva ratn?kara",,PL,N. Na,48x5.5,1 To 41,Veerashaiva,8,76,Inc.,ODW ,
1374,171/1,"??? ??????
?a? karma?i",,P,D,17.5x11,1 To 2,Yoga,11,27,C,G,
1375,171/2,"?????????? ?????????
n??i?uddhi pr???y?ma",,P,D,17.5x11,1 To 1 To 2,Yoga,11,27,C,G,
1376,171/3,"????????? ?????
pr???y?ma vidhi?",,P,D,17.5x11,2 To 4,Yoga,11,27,C,G,
1377,172,"?????????? ??????
a??avik?ti pram??a",???????? ?????,P,D,16x10 ,1 To 3,Vedanga,7,19,C,G,
1378,172/1,"???? ????
d?v? h?daya",,PL,N.Na,17x5.5,1 To 2,Stotra,10,28,C,OD,
1379,172/10,"?????? ?????
ny?sa? vidhi?",,PL,N.Na,17x5.5,1 To 6, pooja,10,28,Inc. ,OD,
1380,172/11,"????????
da?a?l?ki",,PL,N.Na,17x5.5,1 To 4,Grahyasutra,10,28,C,OD,From : Asvatayana 
1381,172/12,"?????????? ????????
b?lasarasvat? st?tra?",,PL,N.Na,17x5.5,5 To 6,Stotra,10,28,C,OD,
1382,172/13,"??? ??????
bh?ta suddi",,PL,N. Na,17x5.5,1 To 2 To 1,Tantra Mantragama,10,28,C,OD,
1383,172/14,"???? ????
d?v? h?daya",,PL,N.Na,17x5.5,4 To 6,Stotra,10,28,C ,OD,
1384,172/15,"???? ??????????
d?v? m?h?tmya?",,PL,N.Na,17x5.5,1 To 2,Purana,10,28,Inc.,DW,""""
1385,172/16,"?????? ????????
rajasvala st?tra?",,PL,N.Na,17x5.5,2 To 3,Stotra,10,28,C,OD,
1386,172/17,"?????????
uttarag?t?",,PL,N.Na,17x5.5,1 To 9,Gita,10,28,Inc. ,OD,
1387,172/2,"?????? ????????
argal? st?tra?",,PL,N.Na,17x5.5,3 To 4,Stotra,10,28,C,OD ,
1388,172/3,"???? ????????
k?laka st?tra?",,Tu,N.Na,17x5.5,4 To 5 To 1,Stotra,10,28,C,OD ,
1389,172/4,"?????? ????
durg? kavaca?",,PL,N.Na,17x5.5,5 To 1 To 10,Stotra,10,28,C,OD,
1390,172/5,"???? ?????
da?a?ga ny?sa",,PL,N.Na,17x5.5,10 To 12, G- Prayoga   ,10,28,C,OD,
1391,172/6,"???? ??????????
d?v? m?h?tmya?",,PL,N.Na,17x5.5,14 To 67,Purana,10,28,C,ODW,""""
1392,172/7,"??????? ?????
sarasvat? s?kta",,PL,N.Na,17x5.5,68 To 72,Veda - Mantra,10,28,C,GO,
1393,172/8,"??????? ?????
lak?m? s?kta",,PL,N.Noc,17x5.5,72 To 73,Veda - Mantra,10,28,C,CD,
1394,172/9,"???? ?????
d?v? s?kta",,PL,N.Na,17x5.5,73 To 1,Veda - Mantra,10,28,Inc.,OD,
1395,173/1,"???? ????????
?abda r?p?va?i?",,P,D,15.5x11,1 To 8,Vyakarana,12,20,Inc.,G ,
1396,173/1,"??????? ???????
?r?ddha pray?ga?",,PL,N.Na,20x6,1 To 33, G- Prayoga   ,9,38,C,D ,Asvatayaniya
1397,173/2,"??????? ?????
p??in?ya s?tra",,PL,N.Na,20x6,1 To 4,Vyakarana,9,38,Inc.,OD,
1398,173/2,"??? ??????
b?la prabh?da",,P,D,13.5x11,1 To 2,Vyakarana,14,22,Inc.,G,
1399,174/1,"??????? ??????
nak?atra nigha??u",,P,D,11x17,1 To 6,Jautisha,19,15,Inc.,G ,
1400,174/1,"??? ???????
pa?u s?l?va?i",,PL,N.Na,29x5,1 To 6,Jautisha,9,60,C ,OD,
1401,174/10,"????? ????????
s?rya st?tra?",,PL,N.Na,29x5,One,Stotra,9,60,C,OD,
1402,174/11,"???????????
k??????aka?",,PL,N.Na,29x5,46,Stotra,9,60,C,GO ,
1403,174/12,"????? ????
k???a kavaca?",,PL,N.Na,29x5,47 To ,Stotra,9,60,C,OD ,
1404,174/13,"??????? ????????
pa?c?yudha st?tra?",,PL,N.Na,29x5,47 To ,Stotra,9,60,C,OD,
1405,174/14,"????? ?????? ??? ????????
k???a dv?da?a n?ma st?tra?",,PL,N.Na,29x5,48 To ,Stotra,9,60,C,OD,
1406,174/16,"?????????????????
mah?lak?my???aka?",Agastya,PL,N.Na,29x5,48 To 1,Stotra,9,60,C,OD,From : Kasi Kanda
1407,174/18,"??? ????? ????
mah? ga?apati p?j?",,PL,N.Na,29x5,1 To 5, pooja,9,60,Inc.,O,
1408,174/19,"??????????????? ?????
n?gaprati??h?pan? vidhi?",,PL,N.Na,24.5x4,1 To 6,Shanti,7,30,C,OD,
1409,174/2,"??? ????? ??????
k?la vidh?na paddhati",,PL,N.Na,29x5,7 To 10,Jautisha,9,60,Inc.,OD,
1410,174/2,"???? ??????? (?????)
n??i vijñ?na (vivara?a)",,P,D,16x10.5,1 To 2,Jautisha,11,18,Inc.,GO,
1411,174/3,"????? ??? ???
pall? patana ?la?",,PL,N. Na,29x5,10 To 1 To 11,Jautisha,9,60,C,G ,
1412,174/4,"????? ???? ?????
yamun? p?j? vidhi?",,PL,N.Na,29x5,1 To 2, pooja,9,60,C,G,From : Padmapurana
1413,174/5,"??? ???? ?????
madana ana?ta vrata?",,PL,N.Na,29x5,2 To 7,Vrata,9,60,C,OD,
1414,174/6,"??????? ???? ???
madan?na?ta vrata kath?",,PL,N.Na,29x5,7 To 1 To 11,Vrata-Katha,9,60,Inc.,OD,From : Bhavisottara purana
1415,174/6,"?? ???????? ????????
g? s?vitr? st?tra?",Vyasa,PL,N.Na,29x5,One,Stotra,9,60,Inc.,OD,From : Mahabharata
1416,174/7,"?????? ?????
m?nasika sth?na",,PL,N.Na,29x5,One,Stotra,9,60,Inc.,OD,
1417,174/8,"???? ????????
n??i st?tra?",Vyasa,PL,N.Na,29x5,45 To ,Stotra,9,60,C,ODW,
1418,174/9,"?????? ????????
navagraha st?tra?",Vyasa,PL,N.Na,29x5,45 To 1,Stotra,9,60,Inc.,OD,
1419,175,"?????????
bhagavadg?t?",Vyasa,PL ,N.Na,26x5,41 To 93,Gita,7,20,Inc.,OD,
1420,175,"???????? ???????
subh??it? sa?graha?",,P,D,16.5x10,One,Subhashita,12,23,Inc.,G,
1421,176,"????????????? ????
dak?i??m?rti p?j?",,P,D,16x11.5,1 To 51, pooja,13,21,C,GO,"Saka : 1762, Year - 1841, Savarisam"
1422,176/1,"????????
gurug?t?",,PL,N.Na,33x6,1 To 6,Gita,8,60,C,G,From : Skanda Purana 
1423,176/2,"???? ????
guru kavaca?",,PL,N.Na,33x6,6 To ,Stotra,8,60,C ,G,
1424,176/3,"??????
upag?t?",,PL,N.Na,33x6,7 To 8,Gita,8,60,Inc.,G ,
1425,176/4,"???????? ???????????
ku??alin? ?aktimahim??",,PL,N.Na,33x6,9 To 11,Yoga,8,60,Inc.,G,
1426,176/5,"????? ???????
?l?ka sa?graha?",,PL,N.Na,33x6,one,General,10,65,Inc.,G,
1427,176/6,"??? ??????????????
?k sa?hit?nukrama?i",,PL,N.Na,33x6,226 To 238,Vedanga,12,60,Inc.,G,
1428,177,"????? ???????
?l?ka sa?graha?",,PL,N.Na,35x5,1 To 17,General,7,55,C,G,
1429,177,"??????? ??????
?r?va?i nir?aya",,P,D,15.5x10,10, G- Prayoga   ,9,17,Inc,G,
1430,178,"????????? ????????
bhagavadg?t? vy?khy?",Sridhara Svami,PL,N.Na,21x5,1 To 111,Gita,11,47,Inc.,GO,Subodhini 
1431,178,"???????? ????
ga?g?lahari ??k?",Dalapati Rama,P,D,23x8,1 To 20,Stotra,14,58,C,G,
1432,179,"????????? ????????
?i?up?lavadha vy?khy?",Mallinatha,PL,N.Na,35x3,1 To 85,Kavya,6,60,Inc.,OD,"Subhakrit Sam Margasirsha Bahula - 30, "
1433,179/1,"??????? ?????
upa?girasa ma?tra",,P,D,20.5x8,1 To 12,Veda - Mantra,4,10,C,G,
1434,179/2,"???????? ???? ?????
av??akha?ga r?va?a ma?tra",,P,D,20.5x8,12 To 13,Tantra Mantragama,4,10,C,G,
1435,180/1,"?????? ?????
brahma s?tra",Vyasa,PL,Kan,26x6,9,Jautisha,9,40,Inc.,G,
1436,180/1,"??? ?????
d?va ma?tra",,P,D,20x10,1 To 3,Veda - Mantra,10,28,C,G,
1437,180/2,"???????????????
adhy?tmar?m?ya?a?",,PL,N.Na,26x6,1 To 136,Itihasa,13,54,C,G,
1438,180/2,"????? ?????
?yur ma?tra",,P,D,20x10,3 To 1 To 4,Veda - Mantra,10,28,C,G,
1439,180/3,"??????? ???? ?????
svasti v?cana ma?tra",,P,D,20x10,1 To ,Veda - Mantra,10,28,C,G,
1440,180/4,"??????? ?????
saubh?gya ma?tra",,P,D,20x10,5 To 1 To 1,Veda - Mantra,10,28,C,G,
1441,180/5,"????? ?????
???khala ma?tra",,P,D,20x10,5 To 6,Veda - Mantra,10,28,C,G,
1442,180/6,"??? ?????
d?va ma?tra",,P,D,20x10,6 To 8,Veda - Mantra,10,28,C,G,
1443,181,"??? ??????????
m?gha m?h?tmya?",,PL,N.Na,36x3.5,1 To 79,Purana,7,60,C,OD ,From : Skanda Purana
1444,181,"????? ???
agni n?ma",,P,D,20x10,1 To 2, G- Prayoga   ,12,37,C,G,Scribe : Mahadeva
1445,182/1,"??????? ??????????
k?rtika m?h?tmya?",,PL,N.Na,29x3,1 To 62,Purana,6,56,Inc.,G,""""
1446,182/1,"??? ????? ????????
?iva bhuja?ga st?tra?",Ravanesvara,P,D,16.5x10.5,3 To 1,Stotra,8,23,C,G,
1447,182/2,"??????? ??????????
k?rtika m?h?tmya?",Ravanesvara,PL,N.Na,29x3,63 To ,Purana,6,56,Inc.,G,From: Padama Purana
1448,182/2,"???? ??? ????????
g?t? s?ra st?tra?",,P,D,16.5x10.5,4 To 12,Stotra,8,23,C,G,
1449,182/3,"??? ??????????
m?gha m?h?tmya?",,PL,N.Na,36x3.5,12Folios,Purana,7,60,Inc. ,O,
1450,182/4,"?????????? ??????????
madr??gasya m?h?tmya?",,PL,N.Na,36x3.5,1 To ,Purana,7,60,C,GOD,
1451,183,"???????????????
atharva??r?pani?at",,P,D,17x11,1 To 4,Upanisat,7,18,C,G,
1452,183/1,"???????????? ??????
aitar?y?pani?at bh??ya?",,PL,N.Na,46x6,106 To 126,Upanisat,12,112,Inc.,OD,
1453,183/10,"?????? ?????? ????
?gv?da sa?hit? ??k?",,PL,N.Na,46x6,171 To 182,Samhita,12,112,Inc,OD,
1454,183/11,"?????? ?????
pram??a lak?a?a",,PL,N. Na,46x6,182 To 183,Dvaita,12,112,Inc.,O,
1455,183/12,"??? ?????
kath? lak?a?a",,PL,N. Na,46x6,183 To 183 To 1,Dvaita,12,112,Inc. ,OD,
1456,183/13,"???? ??????
karma nir?aya",,PL,N. Na,46x6,183 To 1 To 187,Dvaita,12,112,Inc.,OD ,
1457,183/14,"?????? ???????
tattva sa?khy?na",,PL,N. Na,46x6,187,Dvaita,12,112,C,O ,
1458,183/15,"?????? ?????
tattva viv?ka",,PL,N. Na,46x6,187 To 187 To 1,Dvaita,12,112,Inc. ,G,
1459,183/16,"?????? ????
m?yav?da kha??ana",,PL,N. Na,46x6,187 To 1,Dvaita,12,112,C,O ,
1460,183/17,"?????? ???????
tattva prak??aka",,PL,N. Na,46x6,187 To 188,Dvaita,12,112,C,OD,
1461,183/18,"?????????????????
prapa?cam?tyavanum?na",,PL,N. Na,46x6,188,Dvaita,12,112,C,OD,
1462,183/19,"???????????? ??????
vi??utattva nir?aya",,PL,N. Na,46x6,193 To 196 To 1,Dvaita,12,112,Inc. ,OD,
1463,183/2,"??????????????? ??????
???v?sy?pani?ad bh??ya?",,PL,N.Na,46x6,126 To 127,Upanisat,12,112,C,G,
1464,183/20,"????????
mah?bh?rata?",,PL,N.Na,46x6,196 To 201,Itihasa,12,112,Inc.,OD,Upto II Pariccheda
1465,183/3,"??? ????????????? ??????
sat pra?n?pani?at bh??ya?",,PL,N.Na,46x6,127 To ,Upanisat,12,112,C,G,
1466,183/4,"?????????????? ??????
t?lavak?r?pani?ad bh??ya?",,PL,N.Na,46x6 ,121 To 128,Upanisat,12,112,C,G,
1467,183/5,"?????????? ??????
ka?hak?pani?at bh??ya?",,PL,N.Na,46x6,128 To 130,Upanisat,12,112,C,G,
1468,183/6,"??????????????? ??????
m????ky?pani?ad bh??ya?",,PL,N.Na,46x6,130 To 1,Upanisat,12,112,C,OD,
1469,183/7,"??????????????? ??????
atharva??r?pani?at bh??ya?",,PL,N.Na,46x6,132,Upanisat,12,112,C,GO,
1470,183/8,"?????????????? ??????
taitir?y?pani?at bh??ya?",,PL,N.Na,46x6,132 To 133 To 1,Upanisat,12,112,C,G,
1471,183/9,"????????? ??????
bhagavadg?t? bh??ya?",Anand Tirtha,PL,N.Na,46x6 ,137 To 171,Gita,12,112,C,GO,
1472,184/1,"???? ?????
?r? rudra",,P,D,17.5x11.5,1 To 6,Veda - Mantra,8,20,C,G,
1473,184/1,"???????? ??? ??????
k??m???a h?ma pray?ga",,PL,N.Na,37x3,1 To 4, G- Prayoga   ,5,75,C,GO,
1474,184/2,"??? ????? ?????
laghu ny?sa rudra",,P,D,17x4.5,1 To 17, pooja,9,20,C,G,"Saka, 1799 Year 1878 "
1475,184/2,"?? ????? ????
jala mi?ra kalpa",,Tu,Te,37x3,5 To 7, G- Prayoga   ,5,75,Inc.,O,
1476,184/3,"??? ?????
vapana vidhi?",,PL,Te,37x3,8 To 33, G- Prayoga   ,5,75,Inc ,G,
1477,184/4,"?????? ?????
sm?ti darpa?a",,PL,N.Na,37x3,58 To 101,Smriti,6,68,Inc.,OD,
1478,184/5,"???? ??????
?atatapa sm?ti",Satatapa,PL,N.Na,37x3,102 To 119,Smriti,6,68,C,OD,
1479,184/6,"?????? ??????
?tr?ya sm?ti",Atrei,PL,N.Na,37x3,119 To 1 To 123,Smriti,6,68,Inc.,OD,"I, II, III, IV Adhyaya"
1480,184/7,"?????? ??????
sa?varta sm?ti",,PL,N.Na,37x3,123 To 1 To 130,Smriti,6,68,C,G,
1481,184/8,"????? ??????
par??ara sm?ti",,PL,N.Na,37x3,141 To 1 To 156,Smriti,6,68,C,OD ,
1482,185,"???????? ??????????
sidd??ta mukt?va?i?",Madhava Bhatta,PL,N.Na,34x3,1 To 123,Nyaya,7,42,Inc.,OD,Folio No : 22 to 63 : Kannada Script 
1483,185/1,"??? ????????
?iva m?nasap?j?",Madhava Bhatta,P,D,17x11,One,Stotra,12,28,C,G,
1484,185/2,"????? ????
manis? pa?caka",Madhava Bhatta,P,D,17x11,1 To 2,Stotra,12,28,C,G,
1485,186,"????????? ????????
r?m?rcan? ca?drik?",,PL,N.Na,35x3.5, To , pooja,7,53,Inc.,DW,
1486,186/1,"???????? ?????
??ipa?cam? vrata?",,P,D,17x10.5,1 To 14,Vrata,10,20,C,ODW,"From : Brahamottara Purana, Angirasa "
1487,186/2,"???????????? ?????
siddhivin?yaka vrata?",,P,D,16x11,17 To 20,Vrata,14,29,Inc.,G,
1488,186/3,"????? ??????? ?????
s?ma?ta caturth? vrata?",,P,D,16x11,1 To 6,Vrata,14,29,Inc.,G,
1489,187/1,"????????????????
satyamity?pani?at",,PL,N.Na,48x5.5,14,Upanisat,10,84,C,G,
1490,187/1,"????? ??? ??????
pavam?na h?ma k?rik?",,P,D,17x10.5,1 To 8,Veda - Mantra,13,27,C,G,"Saka 1789 year 1868, Prabhav Sam krisna, Sivatithi Marthanda Vara"
1491,187/10,"???????  ????? ????
g?yatr?  stava? r?j?",Yajnavalkya,PL,N.Na,48x5.5 ,31 To 32 To 1,Stotra,10,84,C,G,
1492,187/11,"??????? ?????????
hanum?n m?l?ma?tra",,PL,N.Na,48x5.5,32 To 1 To 34,Stotra,10,84,C,G,
1493,187/12,"????? ?????
ga?apati ma?tra",,PL,N.Na,48x5.5,34 To 35 To 1, pooja,10,84,C,G,
1494,187/13,"???????????????? ????????????
k?rtav?ry?rjuna kavac????ttara",,PL,N.Na,48x5.5 ,35 To 1 To 42,Stotra,10,84,C,G,
1495,187/14,"???????????????? ????????
k?rtav?ry?rjuna st?tra?",,PL,N.Na,48x5.5,41 To 42,Stotra,10,84,C,G,
1496,187/2,"????????? ??????? ????
trail?kya vy?m?ha kavaca?",,PL,N.Na,48x5.5,14 To 15,Stotra,10,84,C,G,From : Rudrayamala 
1497,187/2,"???? ?????
ma??ala d?vat?",,P,D,17x10.5,1 To 4,Veda - Mantra,10,24,C,G,
1498,187/3,"??? ???????
havana prakara?a?",,PL,N.Na,48x5.5,16 To 17,Tantra Mantragama,10,84,Inc.,G,
1499,187/4,"?? ?????
japa vidhi?",,Tu,N.Na,48x5.5,18 To 19, G- Prayoga   ,10,84,C ,G,
1500,187/5,"???????? ??????
?r?cakra ny?sa?",,PL,N.Na,48x5.5,19 To 21, pooja,10,84,C,G,
1501,187/6,"??? ????? ?????
laghu ny?sa rudra",,PL,N.Na,48x5.5,22 To 25, pooja,10,84,C,G,
1502,187/7,"??? ???? ??????
mah? ???a?a ny?sa?",,PL,N.Na,48x5.5,25 To 29, pooja,10,84,C,G,
1503,187/8,"????? ???????? ?????
?uddha ?aktim?la ma?tra",,PL,N.Na,48x5.5,29 To 30,Stotra,10,84,C,G,From : Rudrayamala
1504,187/9,"?????????????
v?d??t?pani?at",,PL,N.Na,48x5.5,30 To 1 To 31,Upanisat,10,84,C,G,
1505,188/1,"??? ?????
h?ma lak?a?a",,PL,N.Na,49x5,1 To 7 To 1,Shanti,9,85,C ,G,
1506,188/10,"???? ??????
k?tu ???ti?",,PL,N.Na,49x5,15 To 1 To 16,Shanti,9,85,C ,G,Yamaloka 
1507,188/101,"????????? ??? ??????
vi??gha?ik? janana ???ti?",,PL,N.Na,49x5,80 To 1,Shanti,9,85,C,G,Vradda Gargyokta 
1508,188/102,"??????????? ??? ??????
vyatip?t?di janana ???ti?",????,PL,N.Na,49x5,81 To ,Shanti,9,85,C,G ,""""
1509,188/103,"??????????? ?????????? ??????
vyatip?t?di pratham?rthava ???ti?",,N.Na,35x3 ,49x5,81 To 1,Shanti,9,85,C,G ,Vroddha Gargyokta
1510,188/104,"????? ??????? ?????????? ??????
graha?a pras?ti pratham?rthava ???ti?",,PL,N.Na,49x5 ,82 To 83,Shanti,9,85,C,G.,
1511,188/105,"????????? ??? ??????
?rdhvada?ta janana ???ti?",,PL,N.Na,49x5,83 To ,Shanti,9,85,C,G,
1512,188/106,"????????? ??? ??????
?kanak?atra janana ???ti?",,PL,N.Na,49x5,83,Shanti,9,85,C,G,Vrddha Gargokta
1513,188/111,"????? ???????? ??? ??????
k???a caturda?? janana ???ti?",,PL,N.Na,49x5,85 To ,Shanti,9,85,C,G ,Saunaka
1514,188/112,"????? ???????? ??? ??????
k???a caturda?? janana ???ti?",,PL,N.Na,49x5,85 To ,Shanti,9,85,C,G ,Vraddha Gargyokta
1515,188/113,"???? ??? ??????
dar?a janana ???ti?",????,PL,N.Na,49x5 ,85 To 1,Shanti,9,85,C,G.,
1516,188/114,"???? ??? ??????
dar?a janana ???ti?",,PL,N.Na,49x5,86 To 86 To 1,Shanti,9,85,C,G ,From : Jyotisastra
1517,188/116,"??????? ??? ??????
??l??? janana ???ti?",???,PL,N.Na,49x5 ,88 To 1 To 89,Shanti,9,85,C,G,
1518,188/117,"????? ??????? ??? ??????
j???a nak?atra janana ???ti?",,PL,N.Na,49x5,89 To 1,Shanti,9,85,C,G ,Vraddha Gargya
1519,188/118,"???????? ??????? ??? ??????
ti?y?di nak?atra janana ???ti?",,PL,N.Na,49x5,91,Shanti,9,25,C,G.,
1520,188/119,"?????? ??????? ??????? ??????
uttar? ?lgu?i nak?atra ???ti?",,PL,N.Na,49x5,91 To ,Shanti,9,85,C,G,
1521,188/120,"?????? ??????? ??????
citr? nak?atra ???ti?",,“,N.Na,49x5,91 To ,Shanti,9,85,C,G.,
1522,188/122,"?????? ??????? ??? ?????? 
vi??kh? nak?atra janana ???ti? ",,PL,N.Na,49x5,91 To 1,Shanti,9,85,C,G ,Gargyokta
1523,188/123,"???????? ???? ??? ??????
s?niv?li kuh? janana ???ti?",,PL,45x4 ,49x5,91 To 1,Shanti,9,85,C,G,From : Brahma Samhita 
1524,188/124,"???????? ??? ??????
s?niv?li janana ???ti?",,PL,45x4 ,49x5,92 To 1,Shanti,9,85,C,G ,Saunakiya
1525,188/125,"??????? ??? ??????
nak?atra ga??a ???ti?",,PL,N.Na,49x5,93 To 1,Shanti,9,85,C,G,
1526,188/126,"???????? ??? ??????
tithy?di ga??a ???ti?",,PL,N.Na,49x5,94 To ,Shanti,9,85,C,G,Gargyokta 
1527,188/130,"???????? ??????? ??????
k?ttik? nak?atra ???ti?",,PL,N.Na,49x5,96 To ,Shanti,9,85,C,G,
1528,188/131,"??????? ??????? ??????
?rdr? nak?atra ???ti?",,PL,N.Na,49x5,96 To ,Shanti,9,85,C,G ,
1529,188/133,"??????? ??????? ??? ??????
??l??? nak?atra janana ???ti?",,PL,N.Na,49x5,96 To 1,Shanti,9,85,C,G,
1530,188/136,"????? ??????? ??? ??????
j???a nak?atra janana ???ti?",,PL,N.Na,49x5,96 To 1,Shanti,9,85,C,G,
1531,188/139,"??????????? ?????????? ??????
vyatip?t?di pratham?rthava ???ti?",,N.Na,35x3 ,49x5,97 To ,Shanti,9,85,C,G ,Gautomokta
1532,188/140,"??????? ?????? ??????
vi?an??i rajasvala ???ti?",,PL,N.Na,49x5,97 To 1 To 98,Shanti,9,85,C,G,
1533,188/142,"??????? ?????????? ??????
caturthi pratham?rthava ???ti?",,PL,N.Na,49x5,99,Shanti,9,85,C,G.,
1534,188/143,"??????????? ??????
?a??hy?rthava ???ti?",,PL,49x5 ,49x5,99 To ,Shanti,9,85,C,G ,
1535,188/144,"?????? ?????????? ??????
a??ami prathav?rthava ???ti?",,PL,N.Na,49x5,99 To ,Shanti,9,85,C,G,
1536,188/145,"???? ?????????? ??????
navami pratham?rthava ???ti?",,PL,N.Na,49x5,99 To ,Shanti,9,85,C,G,
1537,188/146,"?????? ??????
?k?da?? ???ti?",,PL,N.Na,49x5,99 To 1,Shanti,9,85,C,G,
1538,188/147,"??????? ??????
dv?da?? ???ti?",,PL,N.Na,49x5,99 To 1,Shanti,9,85,C,G,
1539,188/148,"??????? ?????????? ??????
caturthi pratham?rthava ???ti?",,PL,N.Na,49x5,99 To 1,Shanti,9,85,C,G.,
1540,188/150,"????????????? ??????
am?v?sy?rtava ???ti?",,PL,N.Na,49x5,99 To 1 To 100,Shanti,9,85,C,G,
1541,188/155,"????????????? ?????????? ??????
du??atithy?di pratham?rthava ???ti?",,PL,N.Na,49x5 ,102 To 102 To 1,Shanti,9,85,C,G,
1542,188/157,"???????? ???? ?????? ??????
s?niv?li kuh? rajasvala ???ti?",,PL,45x4 ,49x5,103,Shanti,9,85,C,G,Katyayaniyokta 
1543,188/158,"???? ??????
kap?ta ???ti?",,PL,N.Na,49x5,103 To 1 To 104,Shanti,9,85,C ,G,Vrddha Gargyokta
1544,188/159,"????? ?????? ??????
ja?b?ka prav??a ???ti?",,PL,N.Na,49x5,103 To 1 To 104,Shanti,9,85,C,G.,
1545,188/16,"???????????? ?????????
dusth?nasthita ?ani???ti?",,PL,N.Na,49x5, To ,Shanti,9,85,C,G,
1546,188/160,"??????? ?????? ??????
ana?v?ha prav??a ???ti?",,PL,N.Na,49x5,104 To ,Shanti,9,85,C,G,
1547,188/161,"?????? ??????? ??? ??????
r?hi?? nak?atra janana ???ti?",,PL,N.Na,49x5,104 To 1 To 105,Shanti,9,85,C ,G,Saunakiya
1548,188/162,"??????? ??????
r?makha??ana ???ti?",,PL,N.Na,49x5,105 To ,Shanti,9,85,C,G,From : Mandavya Samhita 
1549,188/163,"?? ??????
gaja ???ti?",,PL,N.Na,49x5,105 To ,Shanti,9,85,C ,G,Saunakiya 
1550,188/164,"???? ??????
a?va ???ti?",,PL,N.Na,49x5,105 To 1 To 106,Shanti,9,85,C,G,Saunakiya 
1551,188/165,"????????? ??? ?????
tril?yuta h?ma vidhi?",,PL,N.Na,49x5,106 To 1 To 107,Shanti,9,85,C,G,
1552,188/166,"??? ??? ?????
tila h?ma vidhi?",,PL,N.Na,49x5,107 To 107 To 1,Shanti,9,85,C,G.,
1553,188/167,"??? ??? ?????
tila h?ma vidhi?",,PL,N.Na,49x5,107 To 1 To 108,Shanti,9,85,C,G,
1554,188/168,"??? ??? ?????
tila h?ma vidhi?",,PL,N.Na,49x5,108 To 109,Shanti,9,85,C,G,
1555,188/169,"??????? ??????
?al?huti ???ti?",,PL,49x5 ,49x5,109 To ,Shanti,9,85,C,G,
1556,188/170,"????????? ?????
durv?h?ma vidhi?",,PL,N.Na,49x5,109 To 109 To 1,Shanti,9,85,C,G,Saunakiya 
1557,188/171,"???? ?????????? ??????
cauti ca?dradar?ana ???ti?",,“,N.Na,49x5,109 To 1,Shanti,9,85,C,G,
1558,188/175,"???????? ??????
k?trim? ???ti?",,PL,N.Na,49x5,112 To ,Shanti,9,85,C,G,
1559,188/177,"??? ??? ??????
k??a dahana ???ti?",,PL,N.Na,49x5,113 To ,Shanti,9,85,C,G,
1560,188/18,"???? ??????? ??????
a??a grahay?ga ???ti?",,PL,N.Na,49x5,21 To ,Shanti,9,85,C,G,
1561,188/180,"???? ??????
kuh? ???ti?",,PL,N.Na,49x5,113 To 1 To 115,Shanti,9,85,C ,G,From : Naradiyapurana
1562,188/181,"?????????
u?u???ti?",,PL,N.Na,49x5,115 To 116,Shanti,9,85,C,G,Saunakiya 
1563,188/182,"????? ??? ??????
g?mukha janana ???ti?",,PL,N.Na,49x5,116 To 1 To 117,Shanti,9,85,C,G.,
1564,188/183,"????????? ??????
?v?nada??a ???ti?",,PL,N.Na,49x5,117 To 1 To 118,Shanti,9,85,C,G,Saunakiya 
1565,188/184,"??????? ??????
svapn? ???ti?",,PL,N.Na,45x4,14 To 15,Shanti,7,80,C,G,
1566,188/185,"???? ????????
a??ha v?khy?ni",,PL,N.Na,49x5,120 To 122,Veda - Mantra,9,85,C,G,
1567,188/186,"??? ???? ?????
?ami p?j? vidhi?",,PL,N.Na,49x5,123 To 123 To 1, pooja,9,85,C ,G,
1568,188/188,"?????????? ??????
?v?n?r?ha?a ???ti?",,PL,N.Na,49x5,124 To ,Shanti,9,85,C,G ,""""
1569,188/19,"?????? ??? ??????
navagraha y?ga ???ti?",,PL,N.Na,49x5,21 To 1,Shanti,9,85,C,G,Yamalokta 
1570,188/190,"??? ??????
udaka ???ti?",,PL,N.Na,49x5,124 To 1 To 125,Shanti,9,85,C ,G,
1571,188/191,"????? ?????? ??? ?????
agni m??dya d?na vidhi?",,PL,N.Na,49x5 ,124 To 140,Shanti,9,85,C,G,
1572,188/192,"??????????? ??????
gav?dhy?r?ha?a ???ti?",,PL,N.Na,49x5,141 To ,Shanti,9,85,C,G,
1573,188/193,"??????? ??????
sarpapatana ???ti?",,PL,N.Na,49x5,141 To 141 To 1,Shanti,9,85,C,G,Saunakokta 
1574,188/194,"???????? ?????
?at?bhi??ka vidhi?",,N.Na,49x5 ,49x5,142,Shanti,9,85,C,G,Saunakiya 
1575,188/195,"???????? ?????
?at?bhi??ka vidhi?",,PL,N.Na,49x5 ,142 To 1 To 144,Shanti,9,85,C,G,
1576,188/196,"???????? ?????
?at?bhi??ka vidhi?",,PL,N.Na,49x5,144 To 145,Shanti,9,85,C,G ,Skanda Purana
1577,188/198,"??????????? ???? ??????
?ukr?ditya sa?dhi ???ti?",,PL,N.Na,49x5,146 To 1 To 147,Shanti,9,85,C ,G,Saunakiya
1578,188/199,"??? ???? ???? ??????
kuja r?hu sa?dhi ???ti?",,PL,N.Na,49x5,147 To ,Shanti,9,85,C,G,
1579,188/2,"????? ??????
s?rya ???ti?",,PL,N.Na,49x5,7 To 1 To 8,Shanti,9,85,C,G ,Yamalokta 
1580,188/200,"?? ???????? ??????
g? prasav?di ???ti?",,PL,N.Na,49x5,147 To 1 To 148,Shanti,9,85,C,G.,Smrti Sangraha 
1581,188/201,"????? ??????
narapatana ???ti?",,PL,N.Na,49x5,148 To ,Shanti,9,85,C,G,Brahmandapurana 
1582,188/202,"???? ????????? ??????
ta??ka prati??? ???ti?",,PL,N.Na,49x5,148 To 148 To 1,Shanti,9,85,C,G,
1583,188/203,"?????? ????????? ??????
udy?na prati??? ???ti?",,PL,N.Na,49x5,148 To 1 To 149,Shanti,9,85,C,G,
1584,188/205,"?????? ??????
ugraratha ???ti?",,PL,N.Na,49x5,149 To 151,Shanti,9,85,C ,G,
1585,188/206,"???????? ??????
dusvapna ???ti?",,PL,N.Na,49x5,151 To 1 To 152,Shanti,9,85,C ,G,Sauna Kiya
1586,188/207,"????? ???????? ???? ?????
sahasra br?hma?a bh?jana vidhi?",,PL,45x4 ,49x5,152 To 154,Shanti,9,85,C ,G,From : Atri Samhita
1587,188/208,"?????? ???????
pray?ga p?rij?ta",??????,PL,N.Na.,49x5,155 To 161, G- Prayoga   ,9,85,Inc. ,G,
1588,188/209,"?????? ??? ?????
v?stu h?ma vidhi?",???,PL,N.Na,49x5,162 To 179,Shanti,9,85,C ,G,
1589,188/21,"??????? ???? ??????
grahay?ga di?? ???ti?",,PL,N.Na,49x5,23 To 1 To ,Shanti,9,85,C ,G.,
1590,188/210,"?????? ??? ?????
v?stu h?ma vidhi?",????,PL,N.Na,49x5,180 To 188,Shanti,9,85,C,G,
1591,188/211,"????? ??? ?????
pavam?na h?ma vidhi?",,PL,N.Na,49x5,188 To 196, G- Prayoga   ,9,85,C,G,
1592,188/212,"????? ?????????
rudra h?mapaddhati",,PL,N.Na,49x5,196 To 197,Shanti,9,85,C,G,Bodhayanokta 
1593,188/212,"???? ?????
?r? rudra",,PL,N.Na,49x5,197 To ,Veda - Mantra,9,85,Inc.,G,
1594,188/213,"???? ??????? ?????
?tura sa?ny?sa vidhi?",,PL,N.Na,49x5,202, G- Prayoga   ,9,85,C,G,
1595,188/214,"??? ??????? ?????
yati sa?sk?ra vidhi?",,PL,N.Na,49x5,203 To 205, G- Prayoga   ,9,85,C ,G,
1596,188/215,"???? ???? ?????
guru p?j? vidhi?",,PL,N.Na,49x5,205 To , pooja,9,85,C,G,
1597,188/216,"?????? ???
dh?tri h?ma",,PL,N.Na,49x5,205 To 1 To 206, pooja,9,85,C ,G,
1598,188/217,"????? ??????????? ????????????
upav?ta jinadagdhan??ana pr?ya?citta",,PL,N.Na,49x5,206 To 206 To 1, G- Prayoga   ,9,85,C,G,
1599,188/218,"????????????
brahm?stra",,PL,N. Na,49x5,207 To 1,Tantra Mantragama,9,85,C,G,
1600,188/219,"????????????
?gn?y?stra",,PL,N. Na,49x5,206 To 1,Tantra Mantragama,9,85,C,G,
1601,188/22,"????????? ??????
sa?kr??ti ???ti?",,PL,49x5 ,49x5,25 To ,Shanti,9,85,C,G,
1602,188/220,"???????????? ?????
p??upat?stra ma?tra",,PL,N. Na,49x5,206 To 1,Tantra Mantragama,7,85,C,G,"Including Aghorastra, Sudarshana Stra"
1603,188/221,"????? ??? ?????
rudra h?ma vidhi?",,PL,N.Na,49x5,23Folios,Shaivagama,9,85,Inc.,G,
1604,188/222,"??????????
ma?ga????aka?",Kalidasa,PL,N.Na,49x5,One,Stotra,10,110,C ,G,
1605,188/23,"????? ??????
upar?ga ???ti?",,PL,N.Na,49x5,24 To 1 To 25,Shanti,9,85,C,G,Saunakiya 
1606,188/24,"?????????? ?????? ??????
s?ryaca?dra r?par?ga ???ti?",,PL,45x4 ,49x5 ,25 To 1 To 27,Shanti,9,85,C,G,Yamalokta 
1607,188/25,"???? ??????
kuh? ???ti?",,PL,N.Na,49x5,27 To 28,Shanti,9,85,C,G ,From : Mar Kandeya Purana
1608,188/26,"???? ??????
kuh? ???ti?",,PL,N.Na,49x5,28 To ,Shanti,9,85,C,G ,Gargyokta
1609,188/27,"?????? ??????
i??ak? ???ti?",,PL,N.Na,49x5,29 To 30 To 1,Shanti,9,85,C,G,From : Siva Siddhantha Kamyakhanda 
1610,188/28,"????? ?????????
r?va?ta p?j?vidhi?",,PL,N.Na,49x5,30 To 1, pooja,9,85,C,G,Saunakokta
1611,188/29,"?????? ????
ca??ik? p?j?",,PL,N.Na,49x5,30 To 1 To 31, pooja,9,85,C,G,
1612,188/3,"????? ??????
ca?dra ???ti?",,PL,N.Na,49x5,8 To 1 To 10,Shanti,9,85,C,G. ,Yamalokta 
1613,188/30,"????? ??????
k?tya ???ti?",,PL,N.Na,49x5,31 To ,Shanti,9,85,C,G,Saunakiya 
1614,188/31,"????? ??????
?atru ???ti?",,PL,N.Na,49x5,31 To ,Shanti,9,85,C ,G,
1615,188/32,"???????? ????????
gulmar?ga hara???ti?",,PL,N.Na,49x5,31 To 1 To 32,Shanti,9,85,C,G.,
1616,188/33,"???????? ????????
ku??ar?ga hara???ti?",,PL,N.Na,49x5,33 To 33 To 1,Shanti,9,85,C,G,
1617,188/34,"???????? ?????
vardh?pan? vidhi?",,PL,N.Na,49x5,33 To 1 To 34, pooja,9,85,C,G,
1618,188/35,"???????? ????
cira?j?vi p?j?",,PL,N.Na,49x5,34 To 34 To 1, pooja,9,85,C,G,
1619,188/37,"?????? ??????? ??? ??????
r?hi?? nak?atra janana ???ti?",,PL,N.Na,49x5,35 To 1,Shanti,9,85,C,G,Saunakiya 
1620,188/39,"??????? ??????? ??????
?rdr? nak?atra ???ti?",,PL,N.Na,49x5,36,Shanti,9,85,C,G,
1621,188/4,"?????? ??????
a?g?raka ???ti?",,PL,N.Na,49x5,10 To 11,Shanti,9,85,C ,G,Yamalokta 
1622,188/42,"??????? ??????? ??? ??????
??l??? nak?atra janana ???ti?",,PL,N.Na,49x5,37 To ,Shanti,9,85,C,G,
1623,188/45,"?????? ??????? ??????? ??????
uttar? ?lgu?i nak?atra ???ti?",,PL,N.Na,49x5,38 To ,Shanti,9,85,C,G,
1624,188/46,"????? ??????? ??????
hast? nak?atra ???ti?",,PL,N.Na,49x5,38 To 1,Shanti,9,85,C,G,
1625,188/47,"?????? ??????? ??????
citr? nak?atra ???ti?",,PL,N.Na,49x5,38 To 1 To 39,Shanti,9,85,C,G,
1626,188/48,"?????? ??????? ??????
sv?ti nak?atra ???ti?",,PL,N.Na,49x5,39 To 39 To 1,Shanti,9,85,C,G,
1627,188/49,"?????? ??????? ??? ?????? 
vi??kh? nak?atra janana ???ti? ",,PL,N.Na,49x5 ,39 To 1,Shanti,9,85,C,G,
1628,188/50,"??????? ??????? ??????
anur?dh? nak?atra ???ti?",,PL,N.Na,49x5,40 To ,Shanti,9,85,C,G,
1629,188/51,"????? ??????? ??? ??????
j???a nak?atra janana ???ti?",,PL,N.Na,49x5,40 To 40 To 1,Shanti,9,85,C,G,
1630,188/54,"????????? ??????? ??????
uttar????a nak?atra ???ti?",,PL,N.Na,49x5 ,41 To 41 To 1,Shanti,9,85,C,G,
1631,188/55,"??????? ??????
abhijit ???ti?",,PL,N.Na,49x5,41 To 1,Shanti,9,85,C,G,
1632,188/56,"???????? ??????? ??????
k?ttik? nak?atra ???ti?",,PL,N.Na,49x5,34 To 1 To 35,Shanti,9,85,C,G,
1633,188/56,"????? ??????? ??????
?rava?a nak?atra ???ti?",,PL,N.Na,49x5,41 To 1 To 42,Shanti,9,85,C,G,
1634,188/57,"??????? ??????? ??????
dhani??? nak?atra ???ti?",,PL,N.Na,49x5,42 To ,Shanti,9,85,C,G,
1635,188/58,"????? ??????? ??? ??????
?atat?ra nak?atra janana ???ti?",,N.Na,49x5 ,42to1,9,Shanti,85,C,G,,
1636,188/60,"?????? ??????? ??????
uttar? bh?drapada ???ti?",,PL,N.Na,49x5 ,43 To 43 To 1,Shanti,9,85,C,G,
1637,188/61,"????? ??????? ??????
r?vat? nak?atra ???ti?",,PL,N.Na,49x5,43 To 1,Shanti,9,85,C,G,
1638,188/62,"??????? ?????????????
a?vin? nak?atra???ti?",,PL,N.Na,49x5,43 To 1 To 44,Shanti,9,85,C,G,
1639,188/65,"???????? ??????
dusvapna ???ti?",,PL,N.Na,49x5,44 To 1,Shanti,9,85,C,G,
1640,188/67,"???????? ??????
sara??r?ha?a ???ti?",,PL,N.Na,49x5,45 To 1 To 46,Shanti,9,85,C,G,Yamalokta 
1641,188/69,"????? ???????? ??????
gav?di g?h?r?ha?a ???ti?",,PL,N.Na,49x5 ,47 To ,Shanti,9,85,C,G,
1642,188/7,"????? ??????
?ukra ???ti?",,PL,N.Na,49x5,12 To 1 To 13,Shanti,9,85,C ,G,Yamalokta 
1643,188/70,"???????? ?????? ??????
v?k??di vaik?ti ???ti?",,PL,N.Na,49x5,47 To 1 To 48,Shanti,9,85,C,G,From : Saptarsi Prokta Dharmasastra 
1644,188/71,"???? ?????????? ????? ??????
div? nak?atr?di dar?ana ???ti?",,PL,N.Na,49x5,49 To 49 To 1,Shanti,9,85,C,G,
1645,188/72,"????? ???????? ????? ??????
?v?ta k?kamaithuna dar?ana ???ti?",,PL,49x5 ,49to1to50,9,Shanti,85,C,G,G,
1646,188/73,"??? ????? ????? ??????
k?ka sa?y?ga dar?ana ???ti?",,PL,N.Na,49x5 ,50 To 50 To 1,Shanti,9,85,C,G,
1647,188/74,"??? ????? ?????? ??????
k?ka hasti prav??a ???ti?",,PL,N.Na,49x5,50 To 1 To 51,Shanti,9,85,C,G,Yamalokta 
1648,188/76,"????????? ??????
divaj?ta?va ???ti?",????,PL,N.Na,49x5,52 To 53,Shanti,9,85,C,G,
1649,188/77,"??? ?????? ??????
a?ga spa?dana ???ti?",,PL,N.Na,49x5,53 To 53 To 1,Shanti,9,85,C,G,
1650,188/8,"??????? ??????
?anai?cara ???ti?",,PL,N.Na,49x5,13 To 1 To 14,Shanti,9,85,C,G,Yamalokta 
1651,188/81,"?????????? ??? ??????
tripu?kara y?ga ???ti?",,PL,N.Na,49x5,56 To ,Shanti,9,85,C ,G,From Muktavali 
1652,188/83,"???? ??????
kadal? ???ti?",,PL,N.Na,49x5,57 To 57 To 1,Shanti,9,85,C,G,Saunakiya 
1653,188/84,"???? ????? ??????
sasya vik?ra ???ti?",,PL,N.Na,49x5,58 To ,Shanti,9,85,C,G,
1654,188/85,"???? ??? ??? ??????
?i?u da?ta janana ???ti?",,PL,N.Na,49x5,59 To ,Shanti,9,85,C,G,
1655,188/87,"???????????
utpala???ti?",,PL,N.Na,49x5,59 To 1,Shanti,9,85,C,G,From : Bhavisyottarapurana
1656,188/88,"???????????
utpala???ti?",,PL,N.Na,49x5,60 To 63,Shanti,9,85,C,G ,Bhodhayaniya
1657,188/89,"?????? ??????
?ithili ???ti?",,PL,N.Na,49x5,63 To 67,Shanti,9,85,C,G ,"From : Smrti Sarasamccaya, Puranokta"
1658,188/90,"???? ???? ??????
sarva jvara ???ti?",,PL,N.Na,49x5,67 To 1,Shanti,9,85,C,G,
1659,188/91,"??? ???? ??????
??ta jvara ???ti?",,PL,N.Na,49x5,67 To 1 To 68,Shanti,9,85,C ,G,
1660,188/92,"??????? ??????
t?pajvara ???ti?",,PL,N.Na,49x5,68 To ,Shanti,9,85,C,G,
1661,188/95,"???????? ??? ??????
s?niv?li janana ???ti?",,PL,45x4 ,49x5,13 To 1 To 14,Shanti,9,85,C,G,From : Jyotisarnava 
1662,188/96,"?????????? ??????
sarv?dbhuta ???ti?",,PL,N.Na,49x5,74 To 1 To 76,Shanti,9,85,C ,G,Saunakiya
1663,188/97,"?????? ??????
valm?ka ???ti?",,PL,N.Na,49x5,76 To 1 To 77,Shanti,9,89,C ,G,Saunakiya
1664,188/98,"??????? ??????
a?anigh?ta ???ti?",,PL,N.Na,49x5,77 To 78,Shanti,9,85,C,G,Saunakiya 
1665,188/99,"????? ??? ??????
g?mukha janana ???ti?",,PL,N.Na,49x5,78 To 80,Shanti,9,85,C,G.,From Jyotisarnava
1666,189,"????? ????????
bh?gavata vy?khy?",,PL,N.Na,49x5.5,1 To 138,Purana,11,92,Inc.,G ,"I, II, III, IV, V, VI Skanda"
1667,189,"?????? ???
pa?c??ga ?la?",,P,D,17x10.5,1 To 2,Jautisha,11,25,C,G,"Sa-1793, Year-1872, Prajotpatti Sam, "
1668,190,"??????
bh?gavata?",,TU,N.Na,28x5,1 To 262,Purana,17,72,Inc.,OD,I To XII Skanda
1669,190,"????????? ????
bhagavadg?t? ??k?",,P,D,17x11,1 To 4,Gita,14,28,Inc.,G,"Script : Devanagari, Language : Kannada"
1670,191,"???? ?????? ????????
k??ava paddhati vy?khy?",Visvanatha ,P,D,20x12.5,1 To 75,Jautisha,17,36,C,G,"Subhakrit Sam, Scribe : Balakrishna"
1671,191/1,"????????????
vi??upur??a?",Vyasa,PL,N.Na,39x5.5,1 To 57,Purana,10,72,Inc.,G,
1672,191/2,"??????????? ????????
vi??upur??a vy?khy?",Sridhara,PL,N.Na,39x5.5,1 To 57,Purana,10,72,Inc.,G,"I, II, III Amsa"
1673,192,"????? ??????????
k???a m?h?tmya?",Vyasa,P,D,31x10.5,1 To 115,Purana,9,43,C,GO,"Roudri sam, Asvijamasa, Sukla paksa, "
1674,192/1,"????? ??????????
vai??kha m?h?tmya?",Vyasa,PL,N.Na,35x4,1 To 62,Purana,6,55,C,G,""""
1675,192/2,"????????? ????????
b?hajj?taka vy?khy?",,PL,N. Na,35x4,60 To 70,Jautisha,6,55,Inc.,Go ,
1676,193,"???????????????
adhy?tmar?m?ya?a?",,PL,N.Na,41x3.5,1 To 161,Itihasa,6,64,Inc.,O,"Inc.. Yuddha, Ananya and kiskinda "
1677,193,"????????
ca?dral?ka",Jayadeva ,P,D,30x10.5 ,8Folios,Alankara,9,42,Inc.,OD,
1678,194,"????????????? ??????? ????????
dak?i??m?rti st?tra vy?khy?",,P,D,32x10,1 To 4,Stotra,12,65,Inc.,G,
1679,194,"??????????????
svapnav?savadatta",Subandhu,PL,N.Na,43.5x4,1 To 14,Gadya - Katha,9,82,C,OD,
1680,195,"??????????????
kir?t?rjun?ya?",Bharavi,PL,N.Na,19x4.5,2 To 105,Kavya,12,35,Inc.,ODW,1-17th Sarga
1681,195/1,"????????? ?????
lak?avarti vrata?",,P,D,20.5x10,one,Vrata,15,35,Inc.,G,
1682,195/2,"???????? ?????
??ipa?cam? vrata?",,P,D,21x10,1 To 3,Vrata,12,31,C,G ,From: Maha Bharata
1683,195/3,"?????????? ?????
k???ajaya?t? vrata?",,P,D,20x7.5,1 To 7,Vrata,9,30,C,Go,
1684,196,"??? ?????
bh?sa ma?jari",Bhattakalnka,PL,N.Na,35x3.5,6 To 101,Vyakarana,6,58,Inc.,OD,
1685,196/1,"??? ????? ????????
?iva bhuja?ga st?tra?",Ravanesvara,P,D,20.5x10,1 To 2,Stotra,10,30,C,G ,
1686,196/2,"?????? ????
n?si?ha kavaca?",,P,D,21.5x8.5,1 To 2,Stotra,7,21,Inc.,G ,
1687,196/3,"???????? ????????
?iv?par?dha st?tra?",Sankaracarya,P,D,21.5x11.5,1 To 2,Stotra,10,30,C,G,
1688,196/4,"????????? ????????
?aniy???aka st?tra?",,P,D,21x10.5,One,Stotra,12,31,C,G,"Saka - 1756, Year - 1835, Jayasam"
1689,196/5,"?????  ???????
ga?apati  stavar?ja",,P,D,21.5x9.5,One,Stotra,10,45,C,G,"From : Rudrayamala Sa-1738, "
1690,197,"???? ?????????
dharma prav?tti",,PL,N.Na,28x3,1 To 204, G- Prayoga   ,6,40,Inc. ,OD,
1691,197/1,"????? ????
m?rga ?akuna",,P,D,21.5x10,1 To 2,Jautisha,15,40,C,G,
1692,197/2,"??? ????????
laghu ci?t?ma?i",,P,D,19.5x9.5,1 To 2,Jautisha,10,30,C,G,
1693,197/3,"???????
abda?la?",,P,D,21.5x8.5,1 To 2,Jautisha,14,46,Inc. ,G,
1694,197/4,"?????? ????
paddhati bh??a?a",,P,D,20x10,1 To 13,Jautisha,13,37,Inc.,Go,
1695,197/5,"??????? ????????
muh?rta m?rt???a",,P,D,21x10,6Folios,Jautisha,14,37,Inc.,G,
1696,197/6,"???? ????????
tithi ci?t?ma?i",,P,D,20.5x9.5,1 To 2,Jautisha,12,40,C ,G,
1697,197/7,"?????? ??? ???
dv?da?a bh?va ?la?",,P,D,22.5x9,One,Jautisha,10,40,C,G,
1698,198/1,"??????????????
kir?t?rjun?ya?",,PL,N.Na,34x3.5,1 To 12,Kavya,6,60,Inc.,OD,
1699,198/1,"????????? ???????
sth?l?p?ka pray?ga?",,P,D,19.5x10,1 To 23, G- Prayoga   ,8,27,C,OD,"Raudrisam, Vaisaka Bhahulato13, Sukravara"
1700,198/2,"???????????????
n?mali?g?nu??sana?",,P,N.Na,34x3.5,1 To 101,Nighantu,6,60,Inc.,OD,
1701,198/2,"????? ??????? ?????
n??di ?r?ddha vidhi?",,P,D,19x10.5,1 To 3, G- Prayoga   ,9,17,Inc.,O,
1702,199,"??? ??????????
m?gha m?h?tmya?",,PL,N.Na,40x3.5,26 To 79,Purana,6,70,Inc.,OD,From : Vayu Purana 
1703,199/1,"???? ???????
svara paribh???",,P,D,21x10,1 To 9,Samhita,12,25,Inc.,G,
1704,200,"???? ????????
dh?tu r?p?va?i?",,P,D,19.5x10,1 To 3,Vyakarana,14,45,Inc.,DW ,
1705,200/1,"????????????
mah?v?r???aka?",Nagacandra,PL,D,22x3.5,1 To 15,Jaina,4,35,Inc.,OD,
1706,200/2,"?????? ????????
jin?laya st?tra?",Bhagacandra,PL,D,22x3.5,17 To 25,Jaina,4,35,C,G,
1707,200/3,"?????? ????????
?k?bh?va st?tra?",      Vadiraja,PL,D,22x3.5,16 To 30,Stotra,4,35,C,G,"Meterial - Palm leaf, Script : Devanagari, "
1708,200/3,"??????????????
?k?bh?vast?tra?",Vadiraja suri,PL,D,22x3.5,16 To 30,Jaina,4,35,C,G,
1709,201,"?????? ???????
sm?ti sa?graha?",,PL,N.Na,35x3.5,1 To 118,Smriti,6,60,Inc.,ODW,
1710,201,"?????? ?????
vibh?ti vidhi?",,P,D,21.5x8.5,1 To 2, G- Prayoga   ,9,33,C,G,
1711,202/1,"?????? ??? ???????
sm?ti s?ra sa?graha?",,PL,N.Na,35x3,1 To 42,Smriti,7,47,Inc.,OD,
1712,202/1,"??????? ??????
trip?da ???ti?",,P,D,21x10,One To ,Shanti,10,26,C ,G,Saunakokta 
1713,202/2,"???????? ?????
??ipa?cam? vrata?",,P,D,21x10,2 To 4,Vrata,10,26,Inc.,G,
1714,202/2,"??? ???? ??????
?a? ??ti nir?aya",,PL,N.Na,35x3,1 To 14, G- Prayoga   ,7,47,Inc ,DW,
1715,202/3,"???????? ???? ???
??ipa?cam? vrata kath?",,P,D,21x10,4 To 7,Vrata-Katha,10,26,Inc.,OD ,
1716,202/3,"????? ??????????
agni k?ryavidhi?",,PL,N.Na,35x3,1 To 2, G- Prayoga   ,6,40,C,G,
1717,203,"??????? ???????
s?hitya ratn?kara",Dharma Suri,PL ,N.Na,34x4,1 To 29,Alankara,10,80,Inc.,GOD,
1718,203,"??????? ??????? ???????
sv?tma nir?pa?? prakara?a?", Sankaracarya,""" ",D,11x22,1 To 4,Jautisha,44,27,C,G,
1719,204,"?????? ??????
pram??a paddhati",Ananda Tirta,PL,N.Na,31x3,1 To 95,Nyaya,6,42,Inc.,DW,
1720,204,"??????
nigha??u",,P,D,20.5x10,8folios,Nighantu,10,27,Inc.,OD,
1721,205,"???? ???
?na?da y?ga",,P,D,21.5x10.5,1,Yoga,10,35,C,G,
1722,205/1,"?? ?????
nara cakra?",,PL,N. Na,43.5x3.5,1,Jautisha,7,85,C,OD,
1723,205/2,"?????? ???? ????
sarvat? bhadra cakra",,PL,N. Na,43.5x3.5,2 To 18,Jautisha,7,85,C,OD,Vasista Gargoyokta
1724,205/3,"??????????
var??c?rya",,PL,N. Na,43.5x3.5,19 To 33,Jautisha,7,85,Inc.,OD,
1725,205/4,"?????? ??????
adbhuta ???ti?",??????,PL,N.Na,43.5x3.5 ,33 To 1 To 35 To 1,Shanti,7,85,Inc.,OD,
1726,205/5,"?????????? ???????
punaspa?dan? pray?ga?",,PL,N.Na,43.5x3.5,35 To 1 To 44, G- Prayoga   ,7,85,Inc. ,OD,
1727,205/6,"??? ???
h?ra s?ra",,PL,N. Na,43.5x3.5,45 To 49,Jautisha,7,85,Inc.,OD ,
1728,205/7,"????
da??aka",,PL,N.Na,43.5x3.5,49 To 1 To 50,Stotra,7,85,C,G,
1729,205/8,"????? ???????
viv?ha pray?ga?",,PL,N.Na,43.5x3.5,51 To 54, G- Prayoga   ,7,85,Inc,OD,
1730,205/9,"??????????? ??????
a?viny?di ???ti?",,PL,N.Na,43.5x3.5,56 To ,Shanti,7,85,C,GO,
1731,206,"??? ???? ?????
d?va p?j? vidhi?",,PL,N.Na,14.5x5,1 To 11, pooja,9,25,Inc.,OD,
1732,206,"?????????
bhagavadg?t?",,P,D,17.5x10,1 To 180,Gita,5,15,C,G ,Illustrated Bhagavad Gita
1733,207/1,"???? ????
d?v? kavaca?",Hari Hara,PL,N.Na,21x5,8 To ,Stotra,10,35,C ,OD,
1734,207/1,"???????? ????? ?????
??val?yana ?rauta s?tra",????????,P,D,20.5x16.5 ,One,shrouta- sutra,17,24,Inc.,G,
1735,207/2,"?????? ????
ca??ik? h?daya",,PL,N.Na,21x5, To ,Stotra,10,35,Inc.,OD,
1736,207/2,"???? ????? ???
dharma si?dhu s?ra",???????????????,P,D ,20.5x16.5,1 To 11, G- Prayoga   ,17,24,Inc.,G,
1737,207/3,"????????? ????????
sapta?atik? st?tra?",,PL,N.Na,21x5,6Folios,Stotra,10,35,Inc.,OD,
1738,207/3,"?????? ????????
padavar?a paribh??ya",,P,D,16x22,1 To 2,Vyakarana,17,32,C,G,
1739,207/4,"?? ?????????? ????????
pada var?asa?khy? viv?tti",,P,D,16x22,1 To 2,Vedanga,17,32,C,G,
1740,207/5,"???? ???????
k?raka prakara?a?",,P,D,20.5x14.5,1 To 5,Vyakarana,24,38,Inc.,G,
1741,208/1,"???????? ????????? (??????)
trya?baka p?j?vidhi? (ny?sa?)",,PL,N.Na,26.5x5,1 To , pooja,11,56,C,G,
1742,208/1,"???????? ????????
r?marak?? st?tra?",Visvamitra,P,D,18.5x12,1 To 5,Stotra,7,14,C,GO,
1743,208/2,"???????????????
a?vatthast?tra?",,PL,N.Na,26.5x5,1 To 3,Stotra,11,56,C,G ,From : Brahmanda Purana 
1744,208/2,"??? ????
?iva kavaca?",,P,D,18.5x12,1 To 15,Stotra,7,14,C,GO,From : Skanda Purana 
1745,208/3,"?? ???? ?????
g? p?j? vidhi?",,P,D,18.5x12,1 To 6, pooja,7,14,C,G,"From : Padmapurana, Scribe : Sadasiva"
1746,208/3,"??????? ????????
?anai?cara st?tra?",,PL,N.Na,26.5x5,3 To 5 To 1,Stotra,11,56,C,G,From : Brahmanda Purana 
1747,208/4,"???????
r?m?ya?a?",,PL,N.Na,26.5x5,1 To 78,Itihasa,11,56,Inc,GO,"Balakanda citra banu sam, "
1748,208/4,"??? ?????
d?va s?kta",,P,D,18.5x12,1 To 5,Veda - Mantra,7,14,C,G,
1749,209,"????? ??????
bha??i k?vya?",Bhatti,PL,N.Na,27x4,27 To 112,Kavya,8,45,Inc.,OD,VI Sarga - XXII sarga 
1750,209,"???????? ??? ?????
kul?r?ava mah? rahasya",,P,D,30x7.5,1 To 114,Tantra Mantragama,6,43,C,G,
1751,210,"?????? (???)
pa?c??ga (jay?)",,P,D,21x8,1 To 16,Jautisha,12,37,Inc.,GO,Saka-1756 - 1835
1752,210/1,"???????? ?????
??ipa?cam? vrata?",,PL,N.Na,20x4.5,1 To 6,Vrata,10,32,C,G,
1753,210/2,"???????? ???? ???
??ipa?cam? vrata kath?",,PL,N.Na,20x4.5,6 To 13,Vrata-Katha,10,32,C,G,From : Brahmanda purana
1754,211,"?????? ??????????
k?v?ri m?h?tmya?",,PL,N.Na,23.5x5.5,29 To 124,Purana,9,38,Inc. ,OD,-
1755,211,"???? ??????? ????
janma patrik? l?khana",,P,D,11x26,OneSheet,Jautisha,30,26,C ,GO,Saka 1764-1837
1756,212,"???? ??????? ????
janma patrik? l?khana",,P,D,11x26,One,Jautisha,30,28,C,G ,Picture 1806 Year
1757,212/1,"?????? ??????? ?????
vin?yaka caturth? vrata?",,PL,N.Na,21x5,1 To 14,Vrata,9,30,C,OD,
1758,212/2,"?????? ???? ???
vin?yaka vrata kath?",,PL,N.Na,,21x5,Vrata-Katha,14&18,9,30,C,OD
1759,213,"???????
r?m?ya?a?",,PL,N.Na,52x6,1 To 211,Itihasa,10,90,Inc,G,
1760,213,"?????? ???
sm?ti s?ra",,P,D,26.5x12,1 To 27,Smriti,6,42,Inc.,OD,
1761,214,"???????
k?l?m?ta",,P,D,20x8,1 To 6,Yoga,10,30,Inc.,G,
1762,214,"??????????????? ????????
n?mali?g?nu??sana? vy?khy?",,PL,Te,35x3.5,55folios,Nighantu,5,38,Inc.,O,
1763,215,"??? ?????
r?ma na?d?ya",Ramananda,PL,Te,36x3.5,1 To 131,Jautisha,7,60,Inc.,G,
1764,215/1,"??????? ?????????? ?????
pratim? sa?pr?k?a?a vidhi?",,P,TU,21x9.5,1 To 3,Tantra Mantragama,9,30,C,GO,SaunaKokta
1765,215/2,"????????? ?????? ???????????? ?????
sa?k?ipta kal?rca prati??h?pan? vidhi?",,PL,TU,21x9.5 ,3 To 1 To 4,Tantra Mantragama,9,30,C,GO,Scribe : Hari Hara Bhide
1766,216,"???? ??????? ???????
tatva sa?graha? r?m?ya?a?",,PL,Te,38x3,1 To 113,Itihasa,7,62,Inc.,G,Inc.. Bala Kanda to Kiskinda Kanda
1767,216/1,"???? ???????? ?????? ????????
madhya siddh??ta kaumudi vy?khy?",Varadaraja,P,D,30x10.5,25 To 121,Vyakarana,10,40,Inc.,DW,
1768,216/2,"???????? ??????
siddh??ta kaumudi",Varadaraja,P,D,30x10.5,137 To 156,Vyakarana,9,40,Inc.,ODW,
1769,217,"?????? ????????
raghuva??a vy?khy?",Mallinatha,PL,Te,29x3,55 To ,Kavya,7,58,Inc.,ODW,IV to X Sarga
1770,217/1,"????????????????
?ivasahasran?m?va?i?",Mallinatha,P,D,16.5x7.5,9 To 15,Stotra,10,20,Inc.,O ,
1771,217/2,"?????????
bhagavadg?t?",Mallinatha,P,D,16.5x7.5,1 To 74,Gita,8,20,Inc.,G ,
1772,218,"???????? ?????
uttarar?ma carita?",Bhava Bhuti,PL,Te,43.5x4,1 To 22,Nataka,9,90,C,ODW,"Beginning 1-3 Folios, Telugu Script , 4-"
1773,218,"????????????? ?????
vidy?nu??sana? ma?tra",,P,D,36x20,1 To 27,Jaina,13,42,Inc. ,OD,
1774,219,"???????
r?m?ya?a?",,PL,Te,38x3,1 To 178,Itihasa,6,52,Inc,O ,Yuddhakanda
1775,219/1,"??????? ?????? ????
lak?m? n?r?ya?a h?daya",,P,TU,16.5x12,1 To 17 To 1,Stotra,12,18,C,GO,
1776,219/2,"?????????? ????
sapta?l?ki g?t?",,P,Tu,16.5x12,17 To 1 To 18,Gita,12,18,C,GO,
1777,220,"????? ????????
pata?jala mah?bh??ya",Patanjali,PL,Te,38x3.5, To ,Vyakarana,6,70,Inc.,ODW,
1778,220/1,"??????? ?????? ????
lak?m? n?r?ya?a h?daya",,P,TU,16.5x12,1 To 17 To 1,Stotra,12,18,C,GO,
1779,220/2,"?????????? ????
sapta?l?ki g?t?",,P,Tu,16.5x12,18 To 1 To 19,Gita,12,18,C ,GO,
1780,221,"???????? ???? ?????
navar?tr? p?j? vidhi?",,P,Tu,16.5x9,37 To 38, pooja,17,25,Inc.,OD,
1781,221,"??????????? ??????
brahmas?tra bh??ya?",Srikanta,PL,Te,48.5x4.5,1 To 80,shaiva,10,60,C,G,
1782,222,"???????????????
adhy?tmar?m?ya?a?",,PL,Te,36x3,1 To 23,Itihasa,5,50,Inc.,OD,Yuddha kanda
1783,222,"???????
r?m?ya?a?",,P,Tu,21x11,1 To 173,Itihasa,9,22,Inc,O ,"Sundana kanda, pramoda sam, "
1784,223,"???? ?????
?r? rudra",,PL,Te,20x3,2 To 39,Veda - Mantra,5,22,Inc.,OD,
1785,223/1,"??????? ?????
v?gdh?na vidhi?",???????? ,P,Tu,21x11.5,2 To 7, G- Prayoga   ,11,20,Inc,OD,
1786,223/2,"??????? ???????
madhuparka pray?ga?",???? ????,P,Tu,21x11.5,8 To 13, G- Prayoga   ,11,20,C,GO,
1787,223/3,"???????? ?????
kany?d?na vidhi?",,P,Tu,21x11.5,13 To 23 To 1, G- Prayoga   ,11,20,C,GO,
1788,223/4,"??????????
ak?at?r?pa?a",,P,Tu,21x11.5,23 To 1 To 24, G- Prayoga   ,11,20,C,GO,Scribe : Rama Krishna Bhatta 
1789,224,"?????????
bhagavadg?t?",,PL,Te,21x3.5,18 To 50,Gita,7,34,Inc.,ODW ,
1790,224/1,"??????????? ???????
n?rad?ya?l?ka sa?graha?",,P,Tu,19x12,1 To 3 To 1,General,12,18,Inc.,OD,
1791,224/10,"????? ???????
viv?ha pray?ga?",,P,Tu,19x12,25 To 1 To 28, G- Prayoga   ,12,18,C ,OD,
1792,224/11," ??????? ????
 aru?dhat? p?j?",,P,Tu,19x12,28 To 1, pooja,12,18,C ,OD,
1793,224/12,"????? ??????? ???
vrata? visarjana h?ma",,P,Tu,19x12,28 To 1, G- Prayoga   ,12,18,C,G,
1794,224/13,"?????? ?????
aup?san? vidhi?",,P,Tu,19x12,29 To , G- Prayoga   ,12,18,C,GO,
1795,224/14,"???????? ?????
vai?vad?va vidhi?",,P,Tu,19x12,29 To 1 To 32, G- Prayoga   ,12,18,C ,GO,
1796,224/2,"???? ??????????
v??? ma?ga????aka?",,P,TU,19x12,3 To 1 To 6,Stotra,12,18,C,OD,
1797,224/3,"????? ?????? ?????
kany? samarpa?a vidhi?",,P,TU,19x12,6 To 1 To 11, G- Prayoga   ,12,18,C,GO,"Scribe : Tulu, Tika to Language, Kannada "
1798,224/4,"??? ????? ???????
v?da vrata? pray?ga?",,P,Tu,19x12,11 To 1 To 14, G- Prayoga   ,12,18,C,GO,
1799,224/5,"?????????? ????????? ??????
brahmac?ri vrata?l?pana nir?aya",,P,TU,19x12 ,14 To 1 To 15, G- Prayoga   ,12,18,C,G,
1800,224/6,"???????? ???????
sam?vartana pray?ga?",,P,Tu,19x12,15 To 1 To 21, G- Prayoga   ,12,18,C,GO,
1801,224/7,"??????? ??? ???????
caturth? h?ma pray?ga?",,P,Tu,19x12,21 To 1 To 23, G- Prayoga   ,12,18,C,G,
1802,224/8,"??????? ???????
pu?y?ha pray?ga?",,P,Tu,19x12,23 To 1 To 24, G- Prayoga   ,12,18,C,GO,
1803,224/9,"????????? ???????
sth?l?p?ka pray?ga?",,P,Tu,19x12,24 To 1 To 25, G- Prayoga   ,12,18,C,G,
1804,225/1,"??????????????
kuc?l?p?khy?na?",Prabhu,PL,Te,45x3.5,1 To 28,Purana,7,62,C,G,In Telugu Language 
1805,225/1,"?????????
mah?sa?kalpa",,P,Tu,17x10.5,1 To 2, G- Prayoga   ,12,16,C,OD,
1806,225/2,"???????????????????
hari?ca?dr?p?khy?na?",,PL,Te,45x3.5,29 To 108,Purana,7,62,C ,G,"In Telugu Language Sa-1772, "
1807,225/2,"??????? ???
nak?atra ?la?",,P,TU,17x10.5,1 To 21,Jautisha,9,15,Inc.,OD ,
1808,226,"???????????????
adhy?tmar?m?ya?a?",,P,Tu,21.5x10,1 To 130,Itihasa,13,25,Inc.,G,From : Yuddha kanda 45 sarga 46 slokas
1809,226/1,"????? ??????
vijaya? vil?sa?",Venkataraja,PL,Te,35x3.5,1 To 55,Kavya,7,60,C,G,In
1810,226/2,"????????
vasucarita?",Ramaraja Bhusana,PL,Te,35x3.5,1 To 124,Kavya,7,60,C,G,"In Telugu Language, citrabanu sam, "
1811,227,"??????? ????????
muh?rta m?rt???a",Narayana,PL,Te,33x3.5,7Folios,Jautisha,6,43,Inc.,ODW,
1812,227/1,"???? ?????? ????
lagna pram??a ??k?",,P,TU,15.5x10,1 To 51,Jautisha,9,15,Inc.,OD,
1813,227/2,"???? ???????? ????
j?taka ca?drik? ??k?",AuàùÙu|Bj,P,TU,15.5x10,53 To 99,Jautisha,9,15,Inc.,Go,
1814,227/3,"?????? ????
str? j?taka",,P,TU,15.5x10,100 To 141,Jautisha,9,15,Inc.,O,
1815,228/1,"????? ???????? ????????
lalit? sahasran?ma st?tra?",,P,TU,16x10,1 To 24,Stotra,11,21,C,G,
1816,228/1,"?? ????
gha?a cakra",,PL,Te,29.5x3,1 To 7,Jautisha,6,31,Inc.,OD,In Telugu Language
1817,228/2,"?????????
uttarag?t?",,PL,Te,29.5x3,21 To 36,Gita,6,31,Inc.,OD ,
1818,228/2,"???????????????????????
lalit????ttara?atan?m?va?i?",,P,TU,16x10,24 To 1 To 27,Stotra,11,21,C,G,
1819,229,"????? ???? ????????
bh?gavata ca?p? vy?khy?",Akkayya Suri,PL,Te,37x3.5,1 To 87,Campu,7,58,C,G,
1820,229,"?????? ??????
?gv?da sa?hit?",,P,TU,20x10.5,1 To 19,Samhita,11,15,C,DW,
1821,230/1,"?????????? ?????
k?d?r??vara vrata?",,P,Tu,16.5x10,1 To 14,Vrata,13,20,Inc.,O ,Scribe : Simha Bhatta
1822,230/1,"??????? ????????
mah?bh?rata vy?khy?",,PL,Te,45x3.5,1 To 115,Itihasa,6,65,Inc,G ,Dronaparva Vibhava sam Asvayuja 
1823,230/2,"?????????? ???? ???
mah?lak?m? vrata kath?",,P,Tu,16.5x10,14 To 1 To 26,Vrata-Katha,13,20,C,ODW ,From : Skanda purana
1824,230/2,"????? ????????
bh?gavata vy?khy?",,PL,Te,45x3.5,116 To 159,Purana,6,65,Inc. ,G,In Telugu Language
1825,230/3,"?????????? ???? ???
k?d?r??vara vrata kath?",,P,Tu,16.5x10,26 To 1 To 33,Vrata-Katha,13,20,C,ODW ,
1826,230/4,"???? ??? ???
?a?kara gha??a kath?",,P,Tu,16.5x10,33 To 1 To 35,Vrata-Katha,13,20,C,OD,From : Skanda purana 
1827,231,"??? ??????
mah? ny?sa?",,P,Tu,17x10.5,2 To 30, pooja,13,15,Inc.,GO,
1828,231,"???? ??????? ????????
tarka sa?graha? ca?drik?",Mukunda Bhatta,PL,Te,46.5x4,1 To 31,Nyaya,10,76,C,ODW,
1829,232/1,"??????????? ????
s?ryan?r?ya?a p?j?",,P,Tu,16.5x10.5,1 To 8, pooja,9,17,C,GO,
1830,232/1,"???????????????
???v?sy?pani?at",,PL,Te,44.5x5,1,Upanisat,10,85,C ,G,
1831,232/2,"?????????? ????
mah?lak?m? kavaca?",,P,TU,16.5x10.5,9 To 10,Stotra,9,17,C,GO,
1832,232/2,"?????????????
t?lavakar?pani?at",,PL,Te,44.5x5,1 To 2,Upanisat,10,85,C,G,
1833,232/3,"???? ???? ?????
graha p?j? vidhi?",,P,TU,16.5x10.5,1 To 16, pooja,8,18,Inc.,GO,
1834,232/3,"?????????
ka?h?pani?at",,PL,Te,44.5x5,2 To 1,Upanisat,10,85,Inc. ,G,
1835,232/4,"????????????? ??????????
arkapu?kar??i m?h?tmya?",,PL ,Te,44.5x5,1 To 31,Purana,10,85,C,G,From : Padma Purana
1836,232/4,"???? ???????
a?b? stuti?",,P,Tu,16.5x10.5,1 To 7,Stotra,11,14,C,OD,
1837,232/5,"?????? ??????? ?????
vin?yaka caturth? vrata?",,PL,Te,44.5x5,5 To 7,Vrata,10,85,C,G ,From : Skanda Purana
1838,233,"??????????? ????
s?ryan?r?ya?a p?j?",,P,Tu,17x11,1 To 14, pooja,12,21,C,G,
1839,233,"?????? ????? (?????? ??????)
kanyak? carita? (dvipada k?vya?)",Madhavadasa,PL,Te,37x3.5,1 To 175,Kavya,7,70,C,ODW,In Telugu Language
1840,234,"?????????? ?????
satyan?r?ya?a vrata?",,P,Tu,17x11,1 To 31,Vrata,11,24,C,GO,
1841,234,"???? ????? ???????
vijaya bhairavi pa?c?kara?a",,PL,Te,37x4,9 To 27,Jautisha,6,42,Inc.,OD,In Telugu Language 
1842,235,"????? ????????
bh?gavata vy?khy?",Citra Ketu,PL,Te,43x3,1 To 44,Purana,7,66,Inc.,ODW ,VI Skanda
1843,235/1,"???????????? ?????
dv?da??k?ar? ma?tra",,P,TU,16x10,One,Shaivagama,18,14,C,GO,
1844,235/2,"??????? ?????
?ivap?j? vidhi?",,P,TU,16x10,1 To 19,Shaivagama,18,14,C,GO,
1845,235/3,"??????? ????????
?anai?cara st?tra?",Vyasa,P,TU,16x10,1 To 6,Stotra,11,20,C,G,From : Kasi Kanda 
1846,235/4,"?????????????? ????????
vi??usahasran?ma st?tra?",Vyasa,P,TU,16x10,7 To 20,Stotra,11,20,C,GO,"From : Mahabharatasanti parva, "
1847,235/5,"??? ???????? ????
?ani tray?da?? p?j?",,P,TU,16x10,21 To 31, pooja,11,20,C,GO,
1848,236,"????????????
v?d??taprak??a",,PL,Te,42x3.5,1 To 24,Jautisha,6,60,Inc.,ODW,
1849,236/1,"????????
pad??k?ni",,P,TU,15.5x20,1 To 8,Jautisha,24,15,Inc. ,OD,
1850,236/2,"?????????
k?l?dhyayana",,P,TU,15.5x20,9 To 10,Jautisha,17,25,Inc.,GO,
1851,237/1,"??????????? ????????
?ivasahasran?ma st?tra?",,P,TU,19.5x16,1 To 16,Stotra,16,20,C,G ,
1852,237/1,"?????????
?abdama?jari",,PL,Te,42x3,1 To 36,Vyakarana,7,68,Inc.,ODW,
1853,237/10,"?????? ???? ???
s?mav?ra vrata kath?",,P,Tu,19.5x16,46 To 1 To 50,Vrata-Katha,16,20,C,G,From : Bhavisottara purana
1854,237/2,"???? ?????? ????
pak?a prad??a p?j?",,P,Tu,19.5x16,16 To 1 To 17, pooja,16,20,C,G,
1855,237/2,"??????
dh?tupatha",Panini,PL,Te,42x3,37 To 42,Vyakarana,7,68,Inc.,ODW,
1856,237/3,"????????? ???????
?ivar?tri arghya?",,P,TU,19.5x16,17 To , pooja,16,20,C,G,
1857,237/3,"???? ??????
dh?tu v?tti",Sayana (Madhava),PL,Te,42x3,43 To 47,Vyakarana,7,68,Inc.,ODW,
1858,237/4,"??? ???????? ????
?ani tray?da?? p?j?",,P,TU,19.5x16,17 To 17 To 1, pooja,16,20,C ,G,
1859,237/4,"???? ??????
li?ga nir?aya",,PL,Te,42x3,49 To 66,Vyakarana,7,68,C,ODW,Including Rupalinga Nirnaya
1860,237/5,"?????????????? ????????
vi??usahasran?ma st?tra?",,P,TU,19.5x16,18 To 31,Stotra,16,20,C,G ,
1861,237/6,"????? ???? ?????
yamun? p?j? vrata?",,P,TU,14.5x16,31 To 1 To 34 To 1,Vrata,16,20,C ,G,
1862,237/7,"????????? ????
ana?tavrata? kalpa",,P,Tu,19.5x16,34 To 1 To 39,Vrata,16,20,C ,G,
1863,237/8,"???????? ???????????
ana?tavrata kath?vy?khy?",,P,Tu,19.5x16,39 To 44 To 1,Vrata-Katha,16,20,C,G,Script : Tulu Language Tika - kannada
1864,237/9,"?????? ????????????
s?mav?ra vrat?dy?pana?",,P,TU,19.5x16 ,44 To 1 To 46,Vrata,16,20,C,G,
1865,238,"????????? ????????
?i?up?lavadha vy?khy?",Mallinatha,PL,Te,39x3,5 To 47,Kavya,6,64,Inc.,OD,
1866,238/1,"??????? ?????
v?gdh?na vidhi?",,P,TU,20.5X16,1 To 5, G- Prayoga   ,13,22,C,GO,Scribe: Halekatta Rama Krishna Bhatta
1867,238/2,"??????? ???????
madhuparka pray?ga?",,P,Tu,20.5x16,5 To 1 To 9, G- Prayoga   ,13,22,C,GO,
1868,239,"??????? ????? ????????
muh?rta dar?ana vy?khy?",,P,TU,21x16,1 To 24,Jautisha,13,20,Inc.,Go ,"Script: Tulu, Kannada Language, "
1869,239,"??????? ????????
muh?rta m?rt???a",,PL,Te,42x3.5,2Folios,Jautisha,5,52,Inc. ,OD,
1870,240,"????? ???? ????????
anargha r?ghava vy?khy?",Murari,PL,Te,39x3,5 To 116,Nataka,6,75,Inc.,O,1-6 Ankas
1871,240/1,"??????????? ?????
a?vatthap?j? vidhi?",,P,Tu,21.5x17,1 To 3, pooja,20,25,C,OD,
1872,240/2,"???????? ???? ???
amas?mav?ra vrata kath?",,P,Tu,21.5x17,4 To 12,Vrata-Katha,20,25,C,G.O,""""
1873,240/3,"????????? ?????
am?s?mav?ra vrata?",,P,Tu,21.5x17,12 To 1 To 14 To 1,Vrata,20,25,C ,GO,
1874,241,"???????????????
n?mali?g?nu??sana?",,PL,Te,37x2.5,1 To 30,Nighantu,4,35,Inc.,OD,
1875,241/1,"????? ??? ??????
agni mukha k?rik?",,P,TU,21x10.5,1 To 11 To 1, G- Prayoga   ,11,20,Inc.,GO,"Sam 1898 to year 1977, Anala Sam "
1876,241/2,"????? ??? ?????
n??di mukha vidhi?",,P,Tu,21x16.5,12 To 26, G- Prayoga   ,11,20,C,Go,
1877,242,"?????????? ?????
tattv?rtha darpa?a",,PL,Te,20x2.5,1 To 118,Dvaita,5,40,Inc.,OD,Telugu Language
1878,242,"??? ?????? ?????
udaka ???ti? vidhi?",,P,Tu,17x21,6 To 58, G- Prayoga   ,13,12,Inc.,ODW,
1879,243/1,"??????? ?????????
vai???ika ny?yam?l?",Bharatitirtha,PL,Te,34x5.5 ,1 To 69,Jautisha,12,58,C,ODW,
1880,243/1,"?????? ?????
sany?sa vidhi?",,P,Tu,19.5x16.5,1 To 6 To 9, G- Prayoga   ,11,17,C,G,
1881,243/10,"?????? ?????
p?rva?a vidhi?",,P,Tu,19.5x16.5,23 To 25, G- Prayoga   ,11,17,C,G,"Bahudhanyasam, Jesta Suddha to 6, Guruvara"
1882,243/2,"????????????
??r?r?pani?at",,PL,Te,34x5.5,92,Upanisat,12,58,C,OD,
1883,243/3,"??????????????
sarvas?r?pani?at",,PL,Te,34x5.5,92 To 1 To 93,Upanisat,12,58,C,OD,
1884,243/3,"???? ??????? ?????
?tura sa?ny?sa vidhi?",,P,Tu,19.5x16.5,9 To 10, G- Prayoga   ,11,17,C,G,
1885,243/4,"?????? ?????
v?d??ta s?tra",,PL,Te,34x5.5,95 To 100,Jautisha,12,58,C,OD,
1886,243/4,"???? ??????? ?????
?tura sa?ny?sa vidhi?",,P,Tu,19.5x16.5,10, G- Prayoga   ,11,17,C ,G,
1887,243/5,"??? ??????? ?????
d?va sa?ny?sa vidhi?",,P,Tu,19.5x10.5,10 To 1 To 12, G- Prayoga   ,11,17,C,G,
1888,243/6,"??? ??????? ?????
yati sa?sk?ra vidhi?",,P,Tu,19.5x16.5,12 To 1 To 16, G- Prayoga   ,11,17,C ,G,
1889,243/7,"?????? ????? ?????? ?????
da??dina madhye kriy? vidhi?",,P,Tu,19.5x16.5,16 To , G- Prayoga   ,11,17,C,G,
1890,243/8,"?? ??????? ???????
da?a ?r?ddha pray?ga?",,P,Tu,19.5x16.5 ,16 To 1 To 19, G- Prayoga   ,11,17,C,G,
1891,243/9,"?????? ???
n?r?ya?a bali",,P,Tu,19.5x16.5,19 To 23, G- Prayoga   ,11,17,C,G,
1892,244,"?????? ????????
sm?ti ca?drik?",,PL,Te,41x3.5,47 To 187,Smriti,7,60,Inc.,ODW,
1893,244/1,"???????? ???? ?????
navar?tr? p?j? vidhi?",,P,Tu,20x14,1 To 24 To 1, pooja,16,22,C,GO,
1894,244/2,"????????? ?????
??rad?p?j? vidhi?",,P,Tu,20x14,25 To 26, pooja,16,22,Inc. ,GO,
1895,244/3,"???? ?????
?c?ra vidhi?",,P,Tu,20x14,25 To 46, G- Prayoga   ,16,22,C ,G,
1896,244/4,"???? ?????? ????
pak?a prad??a p?j?",,P,Tu,20x14,46 To 54, pooja,16,22,C,G,
1897,244/5,"???? ????????? ????????
ga???a dv?da?an?ma st?tra?",,P,Tu,20x14,1 To 1 To 1,Stotra,16,22,C,G,
1898,244/6,"??????? ????????
pa?camukh? st?tra?",,P,TU,20x14,1 To 1 To 2,Stotra,16,22,C,G,
1899,244/7,"????????? ????????
bilvapatra st?tra?",,P,TU,20x14,2 To 1 To 1,Stotra,16,22,C,G,
1900,244/8,"?????? ????????
prad??a st?tra?",,P,TU,20x14,3 To 1 To 4 To 1,Stotra,16,22,C,G,"From : Skanda Purana, "
1901,245,"??????? ????????
mah?bh?rata vy?khy?",Somayaji,PL,Te,49x5.5,1 To 271,Itihasa,12,98,Inc,Go,Salyaparva To Aranya parva 
1902,245/1,"?????? ???? ?????
brahma yajña vidhi?",,P,Tu,15.5x9,1 To 5, G- Prayoga   ,10,14,C,OD ,"Krodana Sam, Vaiskaka Suto8, Scribe : Mancabhatta"
1903,245/2,"????? ??? ?????
ga?apati h?ma vidhi?",,P,Tu,15.5x9,6 To 28, G- Prayoga   ,10,14,C,GO,
1904,245/3,"?????? ?? ????????? ????? ??????
bekk? n? mu??idare p?pavu bekk?",,P,Tu,15.5x9,29 To 30,General,10,14,Inc.,Go,Kannada Language
1905,245/4,"???? ????? ????
ba?dhu sa?ba?dha ??k?",,P,Tu,15.5x9,32 To 35,General,12,15,C,G,Language : Tika Kannada
1906,246,"?????? ????????
raghuva??a vy?khy?",Mallinatha,PL,Te,44x3.5,1 To ,Kavya,7,65,Inc.,ODW ,
1907,246/1,"????? ?????
sn?na vidhi?",,P,Tu,17x10.5,1 To 2 To 1, G- Prayoga   ,11,20,C,G,
1908,246/10,"????? ?????
k?aura vidhi?",,P,TU,17x10.5,39 To 39 To 1, G- Prayoga   ,11,20,C,G,Bodhayana 
1909,246/11,"??????? ??? ??????
?r?ddha k?la nir?aya",,P,Tu,17x10.5,39 To 1 To 42, G- Prayoga   ,11,20,Inc,Go,
1910,246/2,"??????????? ????????
siddhiga?apati m?nasap?j?", Haradattacarya,P,""" ",17x10.5,2 To 1 To 6 To 1, pooja,11,20,C,G,
1911,246/3,"????? ????
ga?apati p?j?",,P,Tu,17x10.5,6 To 1.7 To 1, pooja,11,20,C ,G,
1912,246/4,"????????? ?????
m?tyu?jaya ma?tra",,P,Tu,17x10.5,7 To 1 To 8 To 1, pooja,11,20,C,G,
1913,246/5,"???? ????????
d?v? st?tra?",,P,Tu,17x10.5,8 To 1 To 9 To 1,Stotra,11,20,C,G,
1914,246/6,"?? ??? ???
vara d??a ?la?",,P,TU,17x10.5,9 To 1 To 10,Jautisha,11,20,C,G,
1915,246/7,"??? ????????
d?na ca?drik?",,P,Tu,17x10.5,10 To 24, G- Prayoga   ,11,20,C,G,
1916,246/8,"????????? ????
m?tyu?jaya m?nasa",,P,TU,17x10.5,26 To 1 To 34,Stotra,11,20,C ,G,
1917,246/9,"????? ???????
?l?ka sa?graha?",,P,Tu,17x10.5,35 To 38,General,11,20,C,G,
1918,247,"???????
r?m?ya?a?",,PL,Te,45x3.5,1 To 752,Itihasa,8,73,Inc,OD,"Bala, Ayudhya, Aranya kanda"
1919,247/1,"????? ???? ?????
yamun? p?j? vidhi?",,P,Tu,10x15.5,3Folios, pooja,16,10,Inc.,O,
1920,247/10,"?????????? ?????
vi??up?j? vidhi?",,P,Tu,10x15.5,62 To 64, pooja,16,10,C,GO,
1921,247/2,"????????? ????
ana?tavrata? kalpa",,P,Tu,10x15.5,13Folios,Vrata,16,10,C,GO,
1922,247/3,"?????????????? ????????
vi??usahasran?ma st?tra?",,P,TU,10x15.5,19 To 1 To 22,Stotra,16,10,C,GO,
1923,247/4,"???????????????????
vi??usahasran?m?va?i?",,P,TU,10x15.5,22 To 1 To 39,Stotra,16,10,C,GO,
1924,247/5,"??????????????? ??????????
vi??uva???ttara ?atan?m?va?i?",,P,TU,10x15.5,40 To 42,Stotra,16,10,C,GO,
1925,247/6,"????? ????
tu?as? p?j?",,P,Tu,10x15.5,42 To 50, pooja,16,10,C,GO,
1926,247/7,"??????? ???? ?????
bal??dra p?j? vidhi?",,P,Tu,10x15.5,50 To 1 To 55, pooja,16,10,C,GO,
1927,247/8,"???? ????
bh?mi p?j?",,P,Tu,10x15.5,55 To 1, pooja,16,10,C ,GO,
1928,247/9,"?? ???? ?????
g? p?j? vidhi?",,P,Tu,10x15.5,58 To 61, pooja,16,10,C,GO,
1929,248,"??????????????? ????????
n?mali?g?nu??sana? vy?khy?",,PL,Te,42x3.5,1 To 234,Nighantu,7,68,Inc.,ODW,Telugu Language
1930,248,"????? ??? ??????
g?mukha janana ???ti?",,P,TU,16.5x10,1 To 7,Shanti,12,23,C,G.,Scribe : Ganapati Bhatta
1931,249,"??????
bh?gavata?",,TU,Te,51x3,1 To 265,Purana,7,75,Inc.,GO,I To X Skanda 
1932,249,"??????? ???????
up?karma pray?ga?",,P,Tu,15x10,1 To 7, G- Prayoga   ,12,16,C,G,
1933,250,"???????? ???? ?????
navar?tr? p?j? vidhi?",,P,Tu,16.5x10,1 To 38, pooja,12,18,Inc.,GO,
1934,250,"?????? ?????? ??????
??r?raka m?m??sa bh??ya?",Ramanujacarya,PL,Te,42.5x3 ,1 To 264,Vishistadvaita,5,85,C,GOD,
1935,251,"??????? 
r?m?ya?a? ",Sri Ranganatha,PL,“,51x5.5,1 To 403,Itihasa,12,106,Inc. ,OD,In Telugu Language Suba krutha sam 
1936,251/1,"???????? ??? ????
mah?ga?apati h?ma kalpa",,PL,TU,16.5x10.5,1 To 22, G- Prayoga   ,10,15,C,GO,
1937,251/2,"????? ??? ?????
ga?apati h?ma vidhi?",,P,Tu,16.5x10.5,22 To 24, G- Prayoga   ,10,15,C,GO,
1938,252,"????? ????????
bh?gavata vy?khy?",,PL,Te,47x3.5,1 To 294,Purana,6,76,Inc.,GO ,"X Skanda parabhava Sam, Bhadrapada, "
1939,252,"??????????? ?????
sa?dhy?p?san? vidhi?",,P,Tu,17x10,9Folios, G- Prayoga   ,11,13,Inc.,ODW,"Scribe : Ramakrishna Bhatta, Virodhikrtu sam Daksinayana, Pusya masa sukla paksa7, Somavara"
1940,253,"????? ????????
bh?gavata vy?khy?",,PL,Te,45x3.5,249 To 485,Purana,6,58,Inc. ,GO,In Telugu Language
1941,253,"????????? ????????
grah?ra?bhana vy?khy?",,P,Tu,16.5x10.5,1.3,Jautisha,9,12,C,Go,Script: Tulu Kannada : Language
1942,254,"??????
bh?gavata?",,TU,Te,21x3.5,28 To 39,Purana,8,35,Inc.,GO ,"I, II - III Skanda. In Telugu Language."
1943,254/1,"???????? ??? ??? ?????
vai?vad?va bali hara?a vidhi?",,P,Tu,16.5x10.5,6Folios, G- Prayoga   ,10,18,C,ODW,
1944,254/2,"????? ???????
viv?ha pray?ga?",,P,Tu,16.5x10.5,2Folios, G- Prayoga   ,10,18,C ,ODW,
1945,255,"????????? ????????
?i?up?lavadha vy?khy?",Srinivasa,PL,Te,42.5x3.5,1 To 25,Kavya,8,78,Inc.,OD,
1946,255/1,"??????????? ??????
agninir?aya k?rik?",,P,TU,17x11,1 To 3, G- Prayoga   ,10,15,C,GO,
1947,255/2,"?????????? ????
vighn??vara ma??ala",,P,Tu,17x11,3 To 4, pooja,10,15,C,G,
1948,255/3,"?? ???? ???????????
g? carma lak?a?ak?rik?",,P,TU,17x11,4 To 4 To 1,Tantra Mantragama,10,15,C,G,
1949,255/4,"??????? ???? ??????
pu?y?ha ma??ala k?rik?",,P,Tu,17x11,4 To 1 To 6, G- Prayoga   ,10,15,C,G,
1950,255/5,"????? ??? ???????
agni mukha pray?ga?",,P,Tu,17x11,7 To 15, G- Prayoga   ,10,15,C,GD,
1951,256,"???? ??????? ????????
tarka sa?graha? vy?khy?",Ramarudra Bhatta,PL,Te ,44x3.5,1 To 27,Nyaya,8,70,Inc.,OD,
1952,256/1,"??????? ???????? ?????
rudrajapa h?m?rcana vidhi?",,P,Tu,17x11,1 To 4, pooja,10,15,Inc.,G,
1953,256/3,"??? ???? ?????
d?va p?j? vidhi?",,P,Tu,17x11,1 To 7, pooja,10,15,Inc.,GO,
1954,256/4,"????? ??? ?????
ma?tra k??a vidh?na",,P,TU,17x11,1 To 6,Tantra Mantragama,10,15,C,GO,
1955,256/6,"??? ??????
mah? ny?sa?",,P,Tu,17x11,5 To , pooja,10,15,C,G,
1956,257,"?????? ????
r?m?ya?a ca?p?",Bhojaraja,PL,Te,45x3.5,3 To 49,Campu,6,62,Inc.,OD,
1957,257/1,"???????? ???????
grahaga?ita prakara?a?",,P,Tu,17x11,1 To 3,Jautisha,10,15,Inc.,GO,"Script : Tulu, Kannada Language"
1958,257/2,"???????? ?????
ma?ga?agaur? vrata?",,P,Tu,17x11,10Folios,Vrata,9,18,C,GO,
1959,257/3,"????????????? ????????
a?vatthan?r?ya?a st?tra?",,P,Tu,17x11,4Folios,Stotra,9,18,C,GO ,
1960,258,"?????? ????????
nir?aya vy?khy?",,PL,Te,45x3.5,4 To 45, G- Prayoga   ,5,70,Inc.,OD,
1961,258/1,"??????? ?????
bal??dra vrata?",,P,Tu,16x10,1 To 2,Vrata,8,12,C ,G,
1962,258/2,"???? ?????
j?taka da?a?la?",,P,TU,16x10,2 To 1 To 4,Jautisha,8,12,C,G,
1963,258/3,"???? ???? ??? ?????
dharma pi??a d?na vidhi?",,P,Tu,16x10,1 To 4, G- Prayoga   ,10,16,C,G,
1964,258/4,"???? ????
na??a j?taka",,P,TU,16x10,1 To 3,Jautisha,10,16,Inc. ,G,
1965,259,"???????????????
n?mali?g?nu??sana?",,PL,Te,35x2.5,1 To 42,Nighantu,3,40,Inc.,OD,Upto Varivarga
1966,259,"???????????
agninir?aya",,P,TU,17x11,1 To 23, G- Prayoga   ,9,20,Inc. ,G,
1967,260,"???? ?????? ??????
sarva sa?graha k?rik?",,P,Tu,17x11,1 To 15, G- Prayoga   ,12,17,Inc.,OD,
1968,260/1,"??? ??????
v?ra nir?aya",,PL,Te,23.5x3.5,61 To 63, G- Prayoga   ,8,34,Inc,OD,
1969,260/2,"???? ??????
navam? nir?aya",,PL,Te,23.5x3.5,63 To , G- Prayoga   ,8,34,C,OD,
1970,260/3,"????? ?????? ??????? ??????
da?amya ?k?da?? dv?da?? nir?aya",,PL,Te,23.5x3.5,63 To 1 To 75, G- Prayoga   ,8,34,Inc.,OD,
1971,261,"??? ????????
kal? prak??ika",Nrsimhasuri,PL,Te,44x3.5,26Folios,Sahitya,7,85,Inc.,ODW,
1972,261,"???????? ?????
vai?vad?va vidhi?",,P,Tu,13x15,1 To 6, G- Prayoga   ,16,20,C,OD,Scribe : Thimmayya
1973,262,"??? ????
d?va k?ra?a",,PL,Te,49x6,20 To 43,Jautisha,10,92,Inc. ,OD,
1974,262/1,"???? ????? ?????
ma??ala d?vat? ma?tra",,P,Tu,8.5x21,1 To 2, pooja,27,10,C,GO,
1975,262/2,"????? ??????? ??? ????
rudra tri?ati n?ma p?j?",,P,Tu,8.5x21,3 To 8, pooja,27,10,C,GO,
1976,263,"?????? ????
na?acarita n??aka",Nilakantha Diksita,PL,Te,41x3.5,37Folios,Nataka,6,72,Inc.,ODW,Scribe : Subraya
1977,263/1,"??????? ?????
v?rabhadra ya?tra",,P,TU,16.5x21,One,Tantra Mantragama,30,20,C,D,Kannada Vyakhya
1978,263/2,"????????? ??
m?tyu?jaya japa",,P,TU,16.5x21,One,Tantra Mantragama,30,20,C,D,
1979,263/3,"???????? ??? ??????
apam?tyu bh?ta pi??c?",,P,TU,16.5x21 ,One,Tantra Mantragama,30,20,C,G,
1980,263/4,"?????? ?????
??lini ya?tra",,P,Tu,16.5x21,one,Tantra Mantragama,30,20,C,D,
1981,263/5,"??? ?????
?araba ya?tra",,P,TU,16.5x21,One,Tantra Mantragama,30,20,C,D,
1982,263/6,"???? ?????? ?????
u?asu parih?ra ya?tra",,P,TU,16.5x21,One,Tantra Mantragama,30,20,C,D,
1983,264,"???????? ?????
r?dh?m?dhava sa?v?da",Venkatapati,PL,Te,38x3.5 ,28folios,Kavya,6,72,Inc.,ODW,"In Telugu Language, Scribe : Raghunatha"
1984,264/1,"??????? ?????
v?rabhadra ya?tra",,P,TU,14x19,1 To 1,Tantra Mantragama,20,20,C,D ,Kannada Language
1985,264/10,"??? ????? ?????? ?????
bh?ta pr?ta pi??ci ya?tra",,P,TU,14x19,6 To ,Tantra Mantragama,20,20,Inc.,D,
1986,264/11,"?????? ?????? ??????? ?????
brahma r?k?asa nirv??a ya?tra",,P,TU,14x19 ,8,Tantra Mantragama,20,20,C,G,Bala graha Yantra
1987,264/12,"???????
v??ag?gi",,P,Tu,14x19,9 To ,Tantra Mantragama,20,20,C,D,Including Aghora Yantra
1988,264/13,"???? ??????? ?????
ma??ala c???ma?i ya?tra",,P,Tu,14x19 ,10,Tantra Mantragama,20,20,C,G,
1989,264/14,"?????? ?????
durg? ya?tra",,P,TU,14x19,11,Tantra Mantragama,20,20,C,G,
1990,264/15,"?????????? ?????
ugranarasi?ha ya?tra",,P,TU,14x19,11 To 11 To 1,Tantra Mantragama,16,20,C,G,
1991,264/16,"?????? ?????
hanuma?ta ya?tra",,P,Tu,14x19,12 To 12 To 1,Tantra Mantragama,20,20,C,G,
1992,264/17,"????????? ??
m?tyu?jaya japa",,P,TU,14x19,13,Tantra Mantragama,20,20,C,G,
1993,264/18,"??? ???????? ?????
d?ha digba?dhana ma?tra",,P,TU,14x19,1,Tantra Mantragama,16,18,C ,G,
1994,264/19,"?????? ?????
?kar?a?a ma?tra",,P,TU,14x19,1 To 2,Tantra Mantragama,16,18,C,G,
1995,264/2,"????? ???? ?????
?akti agh?ra ma?tra",,P,Tu,14x19,2,Tantra Mantragama,20,20,C,G,
1996,264/20,"???? ?????? ?????
bh?tava ka??uva ma?tra",,P,TU,14x19,2,Tantra Mantragama,16,18,C,G,
1997,264/21,"???? ????? ????????
agh?ra ma?tra ucc??ane",,P,TU,14x19,2 To 1,Tantra Mantragama,16,18,C,G,
1998,264/22,"??????? ?????
sudar?ana ma?tra",,P,Tu,14x19,2 To 1,Tantra Mantragama,16,18,C,G,
1999,264/23,"????????? ??
m?tyu?jaya japa",,P,TU,14x19,3,Tantra Mantragama,16,18,C,G,
2000,264/24,"???? ????? ????????
agh?ra ma?tra ucc??ane",,P,TU,14x19,3 To 1,Tantra Mantragama,16,18,Inc.,D ,
2001,264/25,"????????? ??
m?tyu?jaya japa",,P,TU,14x19,4 To 1,Tantra Mantragama,16,18,C,G,
2002,264/26,"??????? ?????
?v??akal? ma?tra",,P,TU,14x19,14 To 1 To 15,Tantra Mantragama,16,20,C,G,
2003,264/27,"?????????? ?????
ugranarasi?ha ma?tra",,P,TU,14x19,15 To 15 To 1,Tantra Mantragama,16,20,C,G,
2004,264/28,"???????? ?????
nav?k?ar? ma?tra",,P,TU,14x19,15 To 1 To 16,Tantra Mantragama,16,20,C,G,
2005,264/3,"??? ???????? ?????
d?ha digba?dhana ma?tra",,P,TU,14x19,2 To 1,Tantra Mantragama,20,20,C,D,
2006,264/4,"????? ?????
r?vina ma?tra",,P,TU,14x19,2 To 1,Tantra Mantragama,20,20,C,D,
2007,264/5,"????? ????? ?????
ka??ara hi?iva ma?tra",,P,TU,14x19,2 To 1 To 3,Tantra Mantragama,20,20,C,D,Kannada Language
2008,264/6,"???? ????? ?????????????????
sarva ya?tra pr??aprati??h?pan?",,P,TU,14x19,3 To ,Tantra Mantragama,20,20,C,D,
2009,264/7,"??????? ???????? ?????
b?lagraha cikits? ya?tra",,P,Tu,14x19,3 To 1,Vaidya,20,20,C,D,Script : Tulu Kannada Language
2010,264/8,"??????? ?????
v?rabhadra ya?tra",,P,TU,14x19,5 To 5 To 1,Tantra Mantragama,20,20,Inc.,D,
2011,264/9,"?? ????? ?????
g? rak?? ya?tra",,P,TU,14x19,6 To 6 To 1,Tantra Mantragama,20,20,C ,G,
2012,265,"???? ??????????
d?v? m?h?tmya?",,P,Tu,17x10.5,3 To 40,Purana,10,16,Inc.,DW,""""
2013,265,"???? ??????? ????????
tarka sa?graha? vy?khy?",Annambhatta,PL,Te ,43x4,1 To 11,Nyaya,8,88,Inc.,O,
2014,266,"??????
bh?gavata?",Annambhatta,TU,Te,45x4,1 To 248,Purana,7,58,Inc.,OD,
2015,266,"?? ???
da?a h?ma",,P,Tu,28.5x23,1 To 6, G- Prayoga   ,20,22,C ,GO,
2016,267,"??????
bh?gavata?",,TU,Te,47x3.5,1 To 207,Purana,5,70,Inc.,G,"In Telugu Language, VII, VIII, IX, X,"
2017,267,"???????? ?????
vai?vad?va vidhi?",,P,Tu,32x21,Ove, G- Prayoga   ,40,20,C,ODW,
2018,268,"???? ??????????
m?y? m?l?pany?sa",,PL,Te,43x3.5,8,Jautisha,6,60,Inc.,ODW,
2019,268,"???? ?????
sa??a s?kta",,P,Tu,40x15.5,OneFolio,Veda - Mantra,55,22,C,OD,
2020,269,"???????? (????? ????)
garbhag?t? (m?k?a garbha)",Vyasa,P,Tu,39x15 ,One,Gita,49,20,C,G,From : Mahabharata
2021,269,"??????? ??????
sahaj?na?da vil?sa?",Timma,PL,Te,39x3,40Folios,Kavya,6,88,Inc.,OD,Telugu langauage
2022,270,"?????? ?????
nir?aya si?dhu",?????? ????,PL,Te,44.5x3.5,6 To 118, G- Prayoga   ,7,62,Inc.,OD,
2023,270,"???????? ??? ????
mah?ga?apati h?ma kalpa",,P,Tu,33x21,1 To 3, G- Prayoga   ,37,25,C,OD,
2024,271,"??????? 
r?m?ya?a? ",Sri Ranganatha,PL,“,39x2.5,2 To 340,Itihasa,6,58,Inc,OD,In Telugu Language
2025,271/1,"??????? ?????
g?yatr? bhuja?ga",Sri Ranganatha,P,Tu,20x15.5,One,Stotra,22,20,C,OD,From : Brahmanda Purana 
2026,271/2,"????????
c?r?ik?",,P,Tu,20x15.5,One,Stotra,22,20,C,OD ,
2027,272,"???????
r?mama?gala",Valmiki,P,TU,20.5x16.5,One,Stotra,33,18,C,OD,
2028,272,"???? ????
sam?sa cakra",,PL,Te,41x3.5,1 To 6,Vyakarana,5,43,C,ODW,
2029,273,"???????
r?mama?gala",,P,TU,21x16.5,One,Stotra,24,30,C,OD,
2030,273/1,"??? ??????
j?va prab?dha",Janardana Brahma,PL,Te,42.5x3.5 ,1 To 25,Vastu,6,67,C,G,In Telugu Language 
2031,273/2,"??? ????? ??? ????????
r?ma stava? r?ja st?tra?",,PL,Te,42.5x3.5,1 To 38,Stotra,6,67,C,G ,Telugu Language
2032,273/3,"???????? ?????
paratattva ras?yana",Phani Bhatta,PL,Te,42.5x3.5,1 To 48,Kavya,6,67,C,G,In Telugu Language
2033,273/4,"?????????
bhagavadg?t?",Phani Bhatta,PL,Te,42.5x3.5,2 To 35,Gita,6,67,Inc.,G ,In Telugu Language
2034,273/5,"??????? ????????
mah?bh?rata vy?khy?",Phani Bhatta,PL,Te,42.5x3.5,1 To 199,Itihasa,6,67,Inc,GOD ,Santiiparva In Telugu Language 
2035,274,"??????
pa?c??ga",,PL,Te,23x3,1 To 41,Jautisha,5,40,C,O,
2036,274/1,"???? ??????
d?v? ny?sa?",,P,Tu,17x10.5,1 To 4, pooja,10,20,C ,G,
2037,274/2,"?????????? 
d?vy?rgala ",,P,Tu,17x10.5,4 To 7,Stotra,10,20,C,G ,
2038,274/3,"???? ?????
d?v? k?laka?",,P,Tu,17x10.5,7 To 9,Stotra,10,20,C,G,
2039,274/4,"???? ????
d?v? h?daya",,P,Tu,17x10.5,9 To 12,Stotra,10,20,C,G ,From : Markandeya Purana 
2040,274/5,"???? ???????
d?v? stuti?",,P,Tu,17x10.5,12 To 14 To 1,Stotra,10,20,C,G,
2041,274/6,"???? ????
d?v? kavaca?",Vyasa,P,Tu,17x10.5,14 To 20,Stotra,10,20,C ,G,From : Markandeya purana
2042,274/7,"???? ??????????
d?v? m?h?tmya?",Vyasa,P,Tu,17x10.5,20 To 1 To 75,Purana,10,20,C ,G,""""
2043,275,"???? ?????
vidhi ras?yana",Appayadiksita,PL,Te,43.5x3.5,1 To 163,Yoga,7,58,Inc.,OD,
2044,275/1,"?????????? 
d?vy?rgala ",,P,Tu,17x10.5,1 To 3,Stotra,10,16,C,G ,
2045,275/2,"???? ?????
d?v? k?laka?",,P,Tu,17x10.5,3 To 5,Stotra,12,16,C,G ,
2046,275/3,"???? ????
d?v? kavaca?",,P,Tu,17x10.5,5 To 9,Stotra,12,16,C,G ,
2047,275/4,"???????? ??????
nav?k?ari ny?sa?",,P,Tu,17x10.5,10 To 11, pooja,12,16,C,G ,
2048,275/5,"???? ??????????
d?v? m?h?tmya?",,P,Tu,17x10.5,11 To 66,Purana,12,16,C,G ,""""
2049,276,"???????? ???? ?????
navar?tr? p?j? vidhi?",,P,Tu,16.5x12,1 To 65, pooja,12,16,C,GO ,Ist folio durga devin art scribe: 
2050,276,"????????? ???????? ????????
mah?vidy? st?tra? ma?trar?ja",,PL,Te,19x4,1 To 3,Stotra,7,25,Inc.,GO,
2051,277,"?????????????
n?r?ya??pani?at",,P,Tu,21.5x11,1 To 46,Upanisat,8,23,C ,ODW,Scribe: Narayana 
2052,277/1,"????? ??????
p?rva dinacari",Alvaru (Kulasekara),PL,Te,14x3.5,1 To 30,Stotra,6,17,C,OD,
2053,277/2,"?????? ????
muku?da m?l?",Alvaru,PL,Te,14x3.5,31 To 45,Stotra,6,17,C,G,
2054,278,"?????? ???? ?????
k?v?ri ?v??a ma?tra",,PL,Te,18x3,1 To 12,Vaidya,4,22,Inc.,GO,In Telugu Language
2055,278,"??? ???????
apara pray?ga?",,P,Tu,17x10.5,1 To 79, G- Prayoga   ,8,15,C,GO,
2056,279,"??????? ???????
ga?ama?tra sa?graha?",,PL,Te,20.5x3.5,2 To 33,Tantra Mantragama,7,30,Inc.,OD,"Vibuthi Yantra Chodamani Yantra, "
2057,279/1,"??????? ???????
caulakarma pray?ga?",,P,Tu,17x10.5,1 To 9, G- Prayoga   ,11,10,C,G,
2058,279/2,"???? ???? ???????
graha yajña pray?ga?",,P,Tu,17x10.5,10 To , G- Prayoga   ,11,10,C,G,
2059,279/3,"????? ???????
upanayana pray?ga?",,P,Tu,17x10.5,10 To 26, G- Prayoga   ,11,10,C,G,
2060,279/4,"???????????
anupravacan?ya",,P,Tu,17x10.5,26 To 29, G- Prayoga   ,11,10,C,G,
2061,279/5,"???? ??? ???????
m?dh? janana pray?ga?",,P,Tu,17x10.5,29 To 31, G- Prayoga   ,11,10,C,G,
2062,279/6,"??????? ???????
up?karma pray?ga?",,P,Tu,17x10.5,31 To 48, G- Prayoga   ,11,10,C,G,
2063,280,"?????? ???????
sm?ti sa?graha?",,PL,Te,33x5,2 To 158,Smriti,8,55,Inc.,OD,
2064,280/1,"????????? ?????
sapi???kara?a vidhi?",,P,Tu,18x11,1 To 39, G- Prayoga   ,9,22,C,G,
2065,280/2,"?????? ???? ?????
durg? p?j? vidhi?",,P,Tu,16.5x10,1 To 3, pooja,8,13,Inc.,G,
2066,280/3,"??????? ???? ??????
dhani??? pa?caka ???ti?",,P,Tu,16.5x10,1 To 3,Shanti,22,12,C,G,
2067,281,"????? ??? ???????
agni mukha pray?ga?",,PL,Tu,35x3.5,10 To 28, G- Prayoga   ,4,42,C,GO,
2068,281,"??? ???? ???????
j?ta karma pray?ga?",,P,Tu,15.5x20,1 To 3, G- Prayoga   ,20,16,C,G,
2069,281/1,"??????? ???????
pu?y?ha pray?ga?",,PL,Te,35x3.5,1 To 9, G- Prayoga   ,4,42,C,G,
2070,281/10,"???????????? ???
p?hitray?d??a h?ma",,PL,Te,35x3.5,46 To 47, G- Prayoga   ,4,42,C,G,
2071,281/11,"??????? ???????
caulakarma pray?ga?",,PL,Te,35x3.5,47 To 1 To 48, G- Prayoga   ,4,42,C,G,
2072,281/12,"????? ???????
upanayana pray?ga?",,PL,Te,35x3.5,48 To 63, G- Prayoga   ,4,42,C,GOD,
2073,281/13,"?????? ??? ?????
?r?va?a h?ma vidhi?",,PL,Te,35x3.5,63 To 68, G- Prayoga   ,4,42,Inc,OD,
2074,281/14,"??? ????? ???????
v?da vrata? pray?ga?",,PL,Te,35x3.5,68 To 73, G- Prayoga   ,4,42,Inc,G,
2075,281/15,"???????? ?????
utsarjana vidhi?",,PL,Te,35x3.5,73 To , G- Prayoga   ,4,42,C,G,
2076,281/16,"????? ???????
viv?ha pray?ga?",,PL,Te,35x3.5,88 To 91, G- Prayoga   ,4,42,C,GO,
2077,281/17,"????????? ??? ?????
g?haprav??a h?ma vidhi?",,PL,Te,35x3.5,91 To 94, G- Prayoga   ,6,50,C,GO,
2078,281/18,"????????? ???????
sth?l?p?ka pray?ga?",,PL,Te,35x3.5,94 To 96, G- Prayoga   ,6,50,C ,GO,
2079,281/19,"??? ???
???a h?ma",,PL,Te,35x3.5,96 To 98, G- Prayoga   ,7,55,Inc,Go,
2080,281/20,"?????????? ???????
anav?ra?bhan?ya pray?ga?",,PL,Te.,35x3.5,99 To 100, G- Prayoga   ,7,55,Inc.,ODW,
2081,281/21,"???????????
karma?y?c?ra",,PL,Te,35x3.5,1 To 23, G- Prayoga   ,4,55,Inc.,OD,
2082,281/22,"???? ???????
sa?dhi prakara?a?",,PL,Te,35x3.5,40 To 46,Vyakarana,5,45,Inc.,OD,
2083,281/3,"????? ???????
saraba?dha pray?ga?",,PL,Te,35x3.5,28 To 1 To 30, G- Prayoga   ,4,42,C,G,
2084,281/4,"???????? ?????
garbh?d?na vidhi?",,PL,Te,35x3.5,31 To 33 To 1, G- Prayoga   ,4,42,C ,G,
2085,281/5,"?????? ???????
pu?savana pray?ga?",,PL,Te,35x3.5,33 To 1 To 35, G- Prayoga   ,4,42,C ,G,
2086,281/6,"????? ???????
s?ma?ta pray?ga?",,PL,Te,35x3.5,35 To 37, G- Prayoga   ,4,42,C,G,
2087,281/7,"??? ???? ???????
j?ta karma pray?ga?",,PL,Te,35x3.5,37 To 43, G- Prayoga   ,4,42,C,G,
2088,281/8,"??????
n?makara?a",,PL,Te,35x3.5,43 To 1 To 45, G- Prayoga   ,4,42,C ,G,
2089,281/9,"?????????? ?????
annapr??ana vidhi?",,PL,Te,35x3.5,45 To 45 To 1, G- Prayoga   ,4,42,C ,G,
2090,282,"???? ???????????? ???????
sarva pr?ya?citta pray?ga?",,PL,Te,43x3.5,1 To 289, G- Prayoga   ,6,70,C,ODW,
2091,282/1,"????? ??? ?????
n??di mukha vidhi?",,P,Tu,21x17,1 To 2, G- Prayoga   ,13,22,Inc.,OD,
2092,282/10,"?????????? ?????
annapr??ana vidhi?",,P,Tu,21x17,43 To , G- Prayoga   ,13,22,C,OD,
2093,282/11,"??????? ???????
caulakarma pray?ga?",,P,Tu,21x17,44 To 47, G- Prayoga   ,13,22,C,OD ,
2094,282/12,"???? ???? ???????
graha yajña pray?ga?",,P,Tu,21x17,47 To 48, G- Prayoga   ,13,22,C,OD,
2095,282/13,"????? ???????
upanayana pray?ga?",,P,Tu,21x17,48 To 57, G- Prayoga   ,13,22,C,ODW,
2096,282/14,"???????????
anupravacan?ya",,P,Tu,21x17,57 To 59, G- Prayoga   ,13,22,C,OD,
2097,282/15,"???? ??? ???????
m?dh? janana pray?ga?",,P,Tu,21x17,59 To 60, G- Prayoga   ,13,22,C,OD,
2098,282/16,"??????? ???????
up?karma pray?ga?",,P,Tu,21x17,60 To 73, G- Prayoga   ,13,22,Inc.,ODW,
2099,282/17,"???????? ???????
sam?vartana pray?ga?",,P,Tu,21x17,73 To 80, G- Prayoga   ,13,22,Inc.,ODW,
2100,282/18,"???????? ???????
kany?vara?a pray?ga?",,P,Tu,21x17,80 To 83, G- Prayoga   ,13,22,C,ODW,
2101,282/19,"??????? ???????
madhuparka pray?ga?",,P,Tu,21x17,83 To 87, G- Prayoga   ,13,22,C,ODW,
2102,282/2,"????????? ???????
sth?l?p?ka pray?ga?",,P,TU,21x17,4 To 21, G- Prayoga   ,13,22,C,OD,
2103,282/20,"???????? ?????
kany?d?na vidhi?",,P,Tu,21x17,87 To 93, G- Prayoga   ,13,22,C,ODW,
2104,282/21,"????? ???????
viv?ha pray?ga?",,P,Tu,21x17,93 To 100, G- Prayoga   ,13,22,C ,OD,
2105,282/22,"????????? ??? ?????
g?haprav??a h?ma vidhi?",,P,Tu,21x17,100 To 102, G- Prayoga   ,13,22,C ,OD,
2106,282/3,"???????? ?????
garbh?d?na vidhi?",,P,Tu,21x17,21 To 25, G- Prayoga   ,13,22,C,OD,
2107,282/4,"?????? ???????
pu?savana pray?ga?",,P,Tu,21x17,25 To 30, G- Prayoga   ,13,22,C,OD,
2108,282/5,"????? ???????
s?ma?ta pray?ga?",,P,Tu,21x17,30 To 35, G- Prayoga   ,13,22,C,OD,
2109,282/6,"?????? ??? ???????
vi??u bali pray?ga?",,P,Tu,21x17,35 To 37, G- Prayoga   ,13,22,C,OD,
2110,282/7,"??? ???? ???????
j?ta karma pray?ga?",,P,Tu,21x17,38 To 41, G- Prayoga   ,13,22,C,OD,
2111,282/8,"??????
n?makara?a",,P,Tu,21x17,41 To 42, G- Prayoga   ,13,22,C,OD,
2112,282/9,"???????????
upani?krama?a",,P,Tu,21x17,42 To 43, G- Prayoga   ,13,22,C ,OD,
2113,283,"???? ??????????
d?v? m?h?tmya?",,P,Tu,20x10,1 To 43,Purana,13,25,C,OD,"Virodi sam, Asvija sukla Pancami, "
2114,283,"???? ?????? ?????? ????????
yajña valkya sm?ti vy?khy?",,PL,Te,41x3,2 To 107,Smriti,6,73,Inc.,OD,
2115,284,"???? ????? ???????
var?a k?tya sa?graha?",???????????? ???,PL,Te,51x5.5 ,1 To 101, G- Prayoga   ,9,82,Inc,G,
2116,285/1,"??????????
tirunim?m",,PL,Te,24x2.5,1 To 14,Jautisha,5,28,C ,G,Tn Telugu Language
2117,285/2,"?????? ???????
pray??a pra?n?",,PL,Te,24x2.5,10Folios,Jautisha,5,28,Inc.,GO,In Telugu Language
2118,286,"???? ???
r??i ?la?",,PL,Te,18.5x5,1 To 14,Jautisha,8,26,Inc.,O,
2119,287/1,"?????????
bhagavadg?t?",,PL,Tu,15.5x5.5,1 To 66,Gita,12,22,C,G ,
2120,287/2,"?????? ????
n?r?ya?a h?daya",,PL,TU,15.5x5.5,68 To 77,Stotra,12,22,Inc.,O ,
2121,287/2,"??????????? ???????
dharma??stra sa?graha?",,P,TU,13.5x21,1 To 100,Smriti,16,20,C,G,
2122,287/3,"??????? ???? ????????
lak?m? h?daya st?tra?",,PL,TU,15.5x5.5,77 To 1 To ,Stotra,12,22,Inc.,O,
2123,288,"?????????????? ????????
vi??usahasran?ma st?tra?",,PL,TU,14x5,1 To 24,Stotra,8,20,C,G,
2124,289,"??????? ????????
mah?bh?rata vy?khy?",,PL,Tu,63.5x4.5,1 To 121,Itihasa,9,100,Inc,G ,"Srimukha sam, Asvija bhahula Dasami "
2125,290,"????????
mah?bh?rata?",Vyasa,PL,Tu,65x5,1 To 324,Itihasa,10,100,Inc.,G,"Adivirata sabha, Anusasana "
2126,291,"???????
r?m?ya?a?",Valmiki,PL,Tu,68x6,1 To 207,Itihasa,15,135,C,GO,
2127,292,"?????? ?????
nir?aya si?dhu",?????? ????,PL,Tu,53x4.5,1 To 243, G- Prayoga   ,12,80,C,G,Scribe : Esvara narayana
2128,293,"?????? ???????
v?d??ta kalpataru",Amalananda,PL,TU,53x4.5 ,1 To ,Jautisha,11,118,C,GO,
2129,294,"??????? ????????
mah?bh?rata vy?khy?",,PL,Tu,63x5,156folios,Itihasa,7,90,Inc.,OD,Moksa Dharma parva
2130,295/1,"???????????????
adhy?tmar?m?ya?a?",,PL,Tu,51x5.5,1 To 9,Itihasa,16,78,Inc.,O ,Uttara Kanda
2131,295/2,"???????
r?mag?t?",,PL,Tu,51x5.5,10 To 1 To 11,Gita,16,78,C ,G,
2132,295/3,"?????? ????????
sm?ti ca?drik?",,PL,Tu,51x5.5,1 To 126, G- Prayoga   ,16,78,Inc.,G,
2133,295/4,"?????? ?????
nir?aya si?dhu",?????? ????,PL,Tu,51x5.5,126 To 1 To 132, G- Prayoga   ,16,78,Inc. ,G,
2134,295/5,"????????? ?????
kapila?a??h? vrata?",,PL,Tu,51x5.5,one,Vrata,10,78,C,G,
2135,296/1,"???? ???????
tarka sa?graha?",,PL,TU,48x4.5,1 To 4,Nyaya,10,65,C,G ,
2136,296/2,"????? ????????
ny?ya ca?drik?",Kesava Bhatta,PL,TU,48x4.5,1 To 20,Nyaya,10,65,C,G,
2137,296/3,"???????? ????????
sidd??ta ratn?va?i",Appadiksita,PL,TU,48x4.5,1 To 13,Nyaya,10,65,C,G,
2138,296/4,"???? ????????
bh??? paricch?da",Visvanatha,PL,TU,48x4.5,1 To 5,Nyaya,10,65,C,G,
2139,296/5,"???????? ??????????
sidd??ta mukt?va?i?",Visvanatha ,PL,TU,48x4.5,1 To 39,Nyaya,10,65,C,G,
2140,296/6,"???? ????????
?abda paricch?da",,PL,TU,48x4.5,1 To 18,Nyaya,10,65,C,G,
2141,296/7,"???? ????????
?abda paricch?da",,PL,TU,48x4.5,1 To 22,Nyaya,10,65,C,G ,
2142,296/8,"???? ??????? ????????
tarka sa?graha? vy?khy?",,PL,TU,48x4.5,1 To 14,Nyaya,10,65,Inc.,G ,
2143,296/9,"???? ??????? ????????
tarka sa?graha? ca?drik?",,PL,TU,48x4.5,1 To 21,Nyaya,10,65,Inc.,G ,
2144,297/1,"??????????????? ??????
???v?sy?pani?ad bh??ya?",,PL,Tu,48x5.5,1 To 4,Upanisat,13,78,C ,G,
2145,297/2,"???????????????
k?n?pani?adbh??ya",,PL,TU,48x5.5,5 To 19,Upanisat,13,78,C,G,
2146,297/3,"??????????? ??????
kath?k?pani?ad bh??ya?",,PL,Tu,48x5.5,19 To 33,Upanisat,13,78,C ,G,
2147,297/5,"????????????? ??????
pra?n?pani?at bh??ya?",,PL,Tu,48x5.5 ,44 To 1 To 55 To 1,Upanisat,10,78,C,G,
2148,297/6,"???????????? ??????
sa?hit?pani?ad bh??ya?",,PL,Tu,48x4.5,55 To 95,Upanisat,10,78,C,G,
2149,297/7,"??????????? ??????
kath?k?pani?ad bh??ya?",,PL,Tu,48x5.5,96 To 113,Upanisat,10,78,C,G,
2150,297/8,"????????? ??????
bhagavadg?t? bh??ya?",Sankaracarya,PL,Tu,48x5.5,114 To 196,Gita,10,78,C,G,Scribe : Vittala
2151,297/9,"??????????????? ????????
m????ky?panisad vy?khy?",,PL,Tu,48x5.5,197 To 220,Upanisat,10,78,C,G,Scribe : Vittala
2152,298,"???? ????????
nai?adha vy?khy?",Mallinatha,PL,TU,43.5x5,1 To 162,Kavya,9,82,Inc.,O,"Rambapura math, Sarasvati Bindura "
2153,299/1,"????????? ????????
?i?up?lavadha vy?khy?",Vidyamadhava,PL,TU,49x5,1 To 193,Kavya,13,65,C,G,
2154,299/2,"???? ???? ????????
amaru ?ataka? vy?khy?",Vemabhupala,PL,TU,49x5,194 To 222,Kavya,13,65,C,G,
2155,299/3,"???? ????
amaru ?ataka?",Sankaracarya,PL,TU,49x5,219 To 226,Kavya,13,65,C,G,
2156,300,"???????? ?????? ????????
siddh??ta kaumudi vy?khy?",Jhnanendra Sarasvati,PL,TU,49x5.5,1 To 123,Vyakarana,13,75,Inc.,G,
2157,301,"?????????? ???? ????????
mah?lak?m? h?daya st?tra?",,P,D,10x5,1 To 4,Stotra,5,17,Inc.,G,
2158,301/1,"????? ????????
bh?gavata vy?khy?",Sridhara,PL,Tu,49x5.5,1 To 181,Purana,12,70,Inc. ,G,"X, XI, XII Skanda"
2159,301/2,"?????? ??? ????????
vasi??a s?ra vy?khy?",Rama Krishna,PL,TU,49x5.5 ,182 To 249,Jautisha,12,70,Inc.,G,"ParaBhava Sam, Magha Sukla Paksa, "
2160,302,"????????? ?????
m?tyu?jaya ma?tra",,P,D,10x5,1 To 3, pooja,9,25,Inc.,G,
2161,302,"???? ?????? ?????? ????????
yajña valkya sm?ti vy?khy?",Vijnanesvara,PL,TU,49x5.5,No.No's,Smriti,"""",60,Inc.,ODW,
2162,303,"???? ?????? ?????? ????????
yajña valkya sm?ti vy?khy?",Vijnanesvara,PL,TU,47x3,1 To 153,Smriti,7,78,Inc.,OD,
2163,303,"???????
?tmab?dha",Vijnanesvara,P,D,13.5x6.5,One,Jautisha,12,40,Inc.,G ,
2164,304,"???????????? ?????
putr?tp?dana vidhi?",,P,D,11x7,1 To 2, G- Prayoga   ,11,23,Inc.,G,
2165,304/1,"??????? ?????? ????????
sa?k??pa ??r?raka vy?khy?",Vedananda,PL,TU,46x5 ,1 To 124,Jautisha,8,80,C,G,
2166,304/2,"??????????????? ??????
ch??d?gy?pani?at bh??ya?",,“,Tu,46x5,1 To 89,Upanisat,8,80,C,G,
2167,305,"???????
r?m?ya?a?",,PL,Tu,45x6,1 To ,Itihasa,15,75,Inc,GO,No. Page No's
2168,305,"?????? (???? )
pa?c??ga (?na?da )",,P,D,21.5x8,1 To 16,Jautisha,12,36,C,G ,"Sa- 1776, Year-1855"
2169,306,"????? ????????
ny?ya ca?drik?",Vidyasagara,PL,TU,56x5,1 To 131,Nyaya,8,88,C,OD,
2170,306,"??????
v?r?gama",,P,D,32x13.5,1 To 252,Shaivagama,7,28,Inc.,OD,"Uttara Bhaga, Viramaheshwara Tantra"
2171,307,"?????? ?????? ??????
?gv?da sa?hit? bh??ya?",,PL,TU,50x5.5,176Folois,Samhita,11,85,Inc,OD,
2172,307/1,"??????? ?????
?iv?daita ma?jari",Svaprabhananda ,P ,D,30x10.5,1 To 29,shaiva,10,50,C,OD,
2173,307/2,"??????
hariva??a",Vyasa,P,D,30x10.5,29 To 30,Itihasa,10,50,Inc.,OD,
2174,308,"??????????? ??????
bhavi?y?ttara pur??a?",Vyasa,PL,Tu,55x5,236Folios,Purana,10,65,Inc.,ODW,
2175,308,"???????? ?????
param??vara ta?tra",,P,D,29.5x11.5,2 To 118,Shaivagama,9,35,Inc.,G,
2176,309,"??????
bh?gavata?",,PL,Tu,71x5,1 To 99,Purana,10,118,Inc.,OD,I To VII Skanda
2177,309,"?????? ?????
p??upata ta?tra",,P,D,29.5x11.5,1 To 42,Shaivagama,8,25,C,OD,
2178,310,"??????? ????????
?ivag?t? vy?khy?",,P,D ,31x14,1 To 121,Gita,13,48,C,G,"Sa - 1775, Year - 1853, Pramathi nama "
2179,310/1,"????????? ????????
bhagavadg?t? vy?khy?",Ramakrsna Suri,PL,Tu,49x6,1 To 42,Gita,16,75,Inc. ,GO,
2180,310/2,"????????? ????????
?i?up?lavadha vy?khy?",Mallinatha,PL,TU,49x6,39 To 63,Kavya,16,75,Inc.,G,1-38 Folios Missing
2181,311,"????????????? ????
?abd??du??khara? ??k?",Sadasiva Bhatta,P,D,30x12.5 ,1 To 136,Nyaya,10,47,C,DW,
2182,311/1,"??? ?????? ???
?uka saptati kath?",,PL,TU,49x5.5,1 To 92,Gadya - Katha,12,54,C,G ,
2183,311/10,"????????????
aitar?y?pani?at",,PL,Tu,49x5.5,14 To 15,Upanisat,12,54,C,G,
2184,311/11,"?????????????
paramaha?s?pani?at",,PL,Tu,49x5.5,15 To 1,Upanisat,12,54,C,G,
2185,311/12,"?????????????
aru?y?pani?at",,PL,Tu,49x5.5,16,Upanisat,12,54,C ,G,
2186,311/13,"???????????
garbh?pani?at",,PL,Tu,49x5.5,16 To 17,Upanisat,12,54,C ,G,
2187,311/14,"?????????????
n?r?ya??pani?at",,PL,Tu,49x5.5,16 To 1 To 17,Upanisat,12,54,C ,G,
2188,311/15,"??????????
ha?s?pani?at",,PL,TU,49x5.5,17 To ,Upanisat,12,54,C,G,
2189,311/16,"???? ???????????
am?ta bi?dupani?at",,PL,TU,49x5.5,17 To 1 To 18,Upanisat,12,54,C,G,
2190,311/17,"???????????????
atharva??r?pani?at",,PL,Tu,49x5.5,18 To 19 To 1,Upanisat,12,54,C,G,
2191,311/18,"?????????????????
atharva??r??pani?at",,“,Tu,49x5.5,19 To 1 To 20,Upanisat,12,54,C,G,
2192,311/19,"???????? ????????????
k?l?gni rudr?pani?at",,PL,Tu,49x5.5,20 To 20 To 1,Upanisat,12,54,C,G,
2193,311/2,"???????????????
???v?sy?pani?at",,PL,Tu,49x5.5,1,Upanisat,12,54,C,G,
2194,311/20,"?????????????
brahm?pani?at",,PL,Tu,49x5.5,20 To 21,Upanisat,12,54,C,G,
2195,311/21,"?????????????
kaivaly?pani?at",,PL,Tu,49x5.5,21 To 21 To 1,Upanisat,12,54,C ,G,
2196,311/22,"?????? ?????
v?d??ta s?tra",,PL,TU,49x5.5,22 To 25,Jautisha,12,54,C,G,
2197,311/23,"????????
m?nasap?j?",,PL,Tu,49x5.5,one, pooja,12,54,C,G,
2198,311/24,"??????????????????
?v?t??vatar?pani?at",,PL,Tu,49x5.5,25 To 27,Upanisat,12,54,C,G,
2199,311/25,"?????????????????
b?had?ra?yak?pani?at",,PL,Tu,49x5.5,27 To 1 To 46,Upanisat,12,54,C,G,
2200,311/26,"????????????
pra?av?pami?at",,PL,TU,49x5.5,47,Upanisat,12,54,C ,G,
2201,311/27,"?????????
mah?pani?at",,PL,Tu,49x5.5,47 To 47 To 1,Upanisat,12,54,C,G,
2202,311/28,"?????????????????
?tmaprab?dh?pani?at",,PL,TU,49x5.5,47 To 1,Upanisat,12,54,C,G,
2203,311/29,"??????????????????
ma??alabrahma??pani?at",,PL,Tu,49x5.5,48 To 48 To 1,Upanisat,12,54,C,G,
2204,311/3,"??????????
k?n?pani?at",,PL,TU,49x5.5,1 To 2,Upanisat,12,54,C ,G,
2205,311/30,"???????????????
kau??takyupani?at",,PL,TU,49x5.5,48 To 1 To 49,Upanisat,12,54,C,G,
2206,311/31,"???????????????
ch??d?gy?pani?at",,PL,Tu,49x5.5,49 To 62,Upanisat,12,54,C,G,"Saka 1681toyear 1760 Bahudhnya sam, Pusya masa, Budhavara, Scribe: Venkatesh"
2207,311/32,"????????? ??
vaidy?m?ta rasa",,PL,Tu,49x5.5,1 To 11,Vaidya,11,65,Inc.,G,
2208,311/4,"?????????
ka?h?pani?at",,PL,Tu,49x5.5,2 To 5 To 1,Upanisat,12,54,C,G,
2209,311/5,"??????????
jabal?pani?at",,PL,Tu,49x5.5,5 To 1 To 6,Upanisat,12,54,C ,G,
2210,311/6,"?????????????
pra?n?pani?at",,PL,TU,49x5.5,6 To 8,Upanisat,12,54,C ,G,
2211,311/7,"????????????
mu??ak?pani?at",,PL,Tu,49x5.5,8 To 10,Upanisat,12,54,C,G,
2212,311/8,"???????????????
m????ky?pani?at",,PL,Tu,49x5.5,10 To 11,Upanisat,12,54,C ,G,
2213,311/9,"????????????????
taittir?y?pani?at",,PL,Tu,49x5.5,11 To 14,Upanisat,12,54,C,G,
2214,312,"?????????????????
b?had?ra?yak?pani?ad",,P,D,31x15.5,1 To 513,Upanisat,19,60,Inc.,OD,ItoVI Adhyaya 
2215,312/1,"????????? ????????
?i?up?lavadha vy?khy?",Mallinatha,PL,TU,49.5x6,1 To 34,Kavya,14,78,Inc.,G,"I - IV Sarga, Script : Tulu Vyakhya, "
2216,312/2,"????????? ????
bhagavadg?t? ??k?",Ramakrsna Suri,PL,Tu,49.5x6,43 To 66,Gita,14,78,Inc.,G,
2217,313,"???????? ?????
pa?cap?dika vivara?a",Praksatamya,PL,TU,48x6 ,1 To 103,Jautisha,14,78,C,OD,
2218,313,"????? ??????? ????
sa?ba?dha v?rtika ??k?",Ananda Jhana,P,D,31x15.5 ,1 To 103,Jautisha,19,60,C,G,
2219,314,"????????
mah?bh?rata?",Ananda Jhana,PL,Tu,45x4.5,1 To 244,Itihasa,11,60,Inc.,OD,Moksa Dharma parva
2220,314,"?????? ????????? ??????
v?ra?aiva ta?tr?kta nir?aya",,P,D,28.5x15,1 To 19,Veerashaiva,13,35,Inc.,OD,
2221,315,"????? ??????
ska?da pur??a?",,PL,Tu,50x4.5,1 To 210,Purana,11,86,Inc.,G,"Kasi kanda, Sri Mukha sam, Mesa Masa, "
2222,315,"???? ????????
nai?adha vy?khy?",Narayana,P,D,31x11,1 To 64,Kavya,7,40,Inc.,G,"Sa - 1687, Year - 1766, Parthiva sam, "
2223,316,"???????????????
n?mali?g?nu??sana?",Lingabhatta,P,D,31x11.5,1 To 50,Nighantu,7,30,Inc.,G,
2224,316/1,"????????????? ????????
mah?v?kyaviv?ka vy?khy?",,PL,TU,50x6,7 To 1 To 8,Jautisha,19,78,C,O,
2225,316/2,"????????? ????????
uttarag?t? vy?khy?",,PL,Tu,50x6,8 To 1 To 10,Gita,19,78,C,GO,Scribe : Nrsimha sastry
2226,316/3,"??? ????????
r?ma st?tra?",Saptarsies,PL,TU,50x6,10 To 11,Stotra,19,78,C,G,
2227,316/4,"??????????????? ??????
ch??d?gy?pani?at bh??ya?",,“,Tu,50x6,11 To 112,Upanisat,19,78,C,O,
2228,316/5,"?????????????? ??????
taitir?y?pani?at bh??ya?",,PL,Tu,50x6,113 To 139,Upanisat,19,78,C ,GO,
2229,316/6,"?????????????????
b?had?ra?yak?pani?at",,PL,Tu,50x6,140 To 160,Upanisat,19,78,C,OD,
2230,317,"?????? ??? ???????
v?d??ta s?ra prakara?a?",Sadananda,PL,""" ",34x4.5,1 To 177,Jautisha,11,48,C,G,Scribe: Nrsimha
2231,317,"?????? ???????? ??????
v?ra?aiva g?tr?di nir?aya",,P,D,26.5x11,1 To 40,Veerashaiva,7,34,C,G,
2232,318,"???????
r?m?ya?a?",,PL,Tu,50x5.5,1 To 172,Itihasa,13,65,Inc,ODW,Sundara - Yuddha Kanda
2233,318,"????? ????????
s???a ca?drik?",Krishna Bhatta,P,D,29.5x13,1 To 19,Nyaya,7,45,C,G,
2234,319,"???? ???? ????????
bh?rata ca?p? vy?khy?",Pitambara Suri,P,D,29.5x10.5,1 To 43,Campu,12,56,Inc.,G,III Stabakas
2235,319,"??????????????? ????????
n?mali?g?nu??sana? vy?khy?",,PL,Tu,47x4.5,1 To 150,Nighantu,9,62,C,G,
2236,320,"???????????????
n?mali?g?nu??sana?",,P,D,21x10,19 To 51,Nighantu,11,38,Inc.,OD,
2237,320,"?????? ??????
?gv?da sa?hit?",,PL,TU,45.5 x 6,1 To 131,Samhita,12,70,Inc.,OD,"V,VI,VII, VIII Astaka"
2238,321,"????? ????????
s???a ca?drik?",,P,D,24.5x11,1 To 7,Nyaya,16,50,C,G,
2239,321,"?????? ?????? (???????? ????)
?gv?da sa?hit? (sakalasmita padapa?a)",,PL,N.Na,40x5.5,46Folios,Samhita,11,100,C,ODW,
2240,321/1,"???? ???? ????????
bh?rata ca?p? vy?khy?",Narasimhacarya ,PL,TU,36x4,1 To 140,Campu,8,52,C,G,
2241,321/2,"??????? ????????
gha?akarpara vy?khy?",,PL,TU,36x4,1 To 5,Kavya,10,70,C,G,Scribe : Krishna Upadhyaya
2242,321/3,"???????? ?????
r?mak???a va?dan?",Mangesa kama,PL,Tu,36x4,1 To 12,General,10,70,Inc.,G,
2243,322,"????? ??????
ska?da pur??a?",Mangesa kama,P,D,25x13,15folios,Purana,8,30,Inc.,O ,Brahomottara Kanda 
2244,322,"?????? ????? ??????
??r?raka ny?ya nir?aya",Ananda Jhana,PL,TU,46.5x4.5 ,1 To 188,Jautisha,9,72,Inc.,G,
2245,323,"???????
?ivag?t?",Vyasa,P,D,21x10,1 To 75,Gita,9,25,C,G,"From : Padma Purana, Sa-1717, "
2246,323,"?????????
b?hajj?taka",Varahamihira,PL,TU,54.5x5,1 To 193,Jautisha,14,78,C,GO,"Saka- 1741, Year-1820"
2247,324,"??????????? ??????
brahmas?tra bh??ya?",Varahamihira,P,D,29.5x12.5,1 To 235,shaiva,7,50,C ,G,
2248,324,"?????? ??????
?gv?da sa?hit?",,PL,TU,48 x5,1 To 253,Samhita,10,82,C,OD,
2249,325,"???????? ??????
siddh??ta kaumudi",,PL,TU,34x4.5,1 To 257,Vyakarana,10,36,C,G,"Vibhava Sam Asada Suddha, "
2250,325,"?????????? ?????
s?mudrik? lak?a?a",,P,D,34x11,1 To 6,Jautisha,11,50,C,G,
2251,326,"??????????? ??????
bhavi?y?ttara pur??a?",PL,TU,Tu,49.5x6,1 To 142,Purana,14,72,Inc.,GO ,
2252,326,"??????? ????????
g?yatr? st?tra?",,P,D,30x10.5,1 To 2,Stotra,11,48,C,GO,
2253,327,"?????????
m?l?dhy?ya",Gopala,P,D,29.5x10.5,3 To 4,Vyakarana,13,54,Inc.,G,
2254,327,"?????? ??????
?gv?da sa?hit?",,PL,TU,37.5x5.5,1 To 99,Samhita,12,66,Inc.,Go,"V, VII Astaka"
2255,328,"???????
r?m?ya?a?",,PL,Tu,52x6,1 To 96,Itihasa,13,74,Inc,OD,Bala - Ayodhya Kanda
2256,328,"??????????????
v?d??tasiddh??ta",Gangadhara,P,D,24x12,25Folios,Jautisha,32,18,Inc.,OD,
2257,329,"?????????? ????????
g?t?g?vi?da vy?khy?",Laksmidhara,P,D,30.5x11,1 To 86,Kavya,5,48,C,G,
2258,329/1,"??????????
li?gapur??a?",Vyasa,PL,Tu,49x5.5,1 To 95,Purana,11,70,Inc.,G,
2259,329/2,"????????? ??????
brahm???a pur??a?",Vyasa,PL,Tu,49x5.5,42 To 110,Purana,11,70,Inc,GO,
2260,329/3,"??????????
garu?apur??a?",Vyasa,PL,Tu,49x5.5,112 To 126,Purana,11,70,Inc.,Go,
2261,330,"???????
r?m?ya?a?",Vyasa,PL,TU,52x6,1 To 211,Itihasa,15,98,Inc,G,Bala To Kiskinda kanda
2262,330,"?????????? ????????
vi??upa?jara st?tra?",Vyasa,P,D,7.5x6,1 To 63,Stotra,7,9,C,G,From : Brahmanda Purana 
2263,331,"??????
bh?gavata?",Vyasa,PL,Tu,58x4,1 To 291,Purana,9,80,C,OD,
2264,331,"???????? ?????? ????????
siddh??ta kaumudi vy?khy?",Vyasa,P,D,30x10,1 To 30,Vyakarana,10,75,Inc.,ODW,
2265,332,"??????
bh?gavata?",Vyasa,PL,Tu,46.5x5,1 To 273,Purana,12,58,Inc.,OD ,X Skanda
2266,332,"???????????? ????
sarvam?ladya?ta ??k?",,P,D,20.5x11,1 To 14,Dvaita,11,32,C,OD,
2267,333,"???? ???????? ?????
garbha kul?r?ava ta?tra",,P,D,30x8,1 To 41,Tantra Mantragama,6,45,C,OD,"Sa-1690, Year-1768, Sarvadhari Sam, "
2268,333,"?????? ??????
?gv?da sa?hit?",,PL,TU,38 x 6,1 To 197,Samhita,10,57,C,GO,"IV, VIII Astaka"
2269,334,"????? ????????
bh?gavata vy?khy?",,PL,Tu,45x5,1 To 220,Purana,12,82,Inc.,GOD,IX Skanda From : Tatparya Dipika
2270,334,"???????????
pa?car?tr?gama",,P,D,26x13,1 To 32,Tantra Mantragama,8,30,C ,G,
2271,335,"??? ???????? ??????
laghu siddh??ta kaumudi",,P,D,29x12,3 To 79,Vyakarana,10,40,Inc.,O,
2272,335/1,"?????? ?????
nai?adh?ya carita?",Sri Harsa,PL,TU,48x6,1 To 74,Kavya,12,78,C,G,
2273,335/2,"????? ??????
bha??i k?vya?",Bhatti,PL,TU,48x6,74 To 114,Kavya,12,78,C,G ,
2274,336,"??????
raghuva??a",Kalidasa,P,D,20.5x10,14,Kavya,10,30,Inc.,OD ,
2275,336,"?????? ?????
nir?aya si?dhu",?????? ????,PL,Tu,52x6,1 To 167, G- Prayoga   ,15,95,C,OD,"Saka to 1640 Year 1719, Vilambhi sam, Kartika Bahula 40"
2276,337,"???????????????
n?mali?g?nu??sana?",?????? ????,P,D,20x11,1 To 73,Nighantu,9,26,Inc.,G,"Saka 1785, Year 1863, Rudirodgari Sam, "
2277,337,"?????? ??????
?gv?da sa?hit?",,PL,TU,50 x 5,1 To 133,Samhita,12,70,Inc.,OD,Upto 8 Adhyaya of IV Astaka PINGLASAM
2278,338,"???????
r?m?ya?a?",,PL,TU,49x5.5,240 To 270,Itihasa,11,65,Inc ,OD,
2279,338,"??????????
kum?rasa?bhava?",Kalidasa,P,D,22.5x10,1 To 54,Kavya,7,25,Inc.,GO,
2280,339,"????????
mah?bh?rata?",Kalidasa,PL,Tu,45x4,1 To 273,Itihasa,9,74,Inc.,G,"Karna, salya, Gada, Esika, Striparvas "
2281,339,"????????
mah?bh?rata?",Kalidasa,PL,Tu,45x4,1 To 273,Itihasa,9,74,Inc.,G,"Karna, salya, Gada, Esika, Striparvas "
2282,339,"?????????????? ????????
vi??usahasran?ma st?tra?",Kalidasa,P,D,15x10,1 To 15,Stotra,10,17,Inc.,OD,
2283,340,"??? ???? ????????
mah? bh?rata t?tparya",Vadiraja,P,D ,20x16,103Folios,Dvaita,14,25,Inc.,ODW,"Script: Devanagari, Kannada Language, "
2284,340/1,"??????????????? ????
n?mali?g?nu??sana? ??k?",,PL,Tu,48x5.5,1 To 40,Nighantu,12,70,Inc.,O,
2285,340/2,"?????????
bhagavadg?t?",,PL,Tu,48x5.5,15Folios,Gita,12,70,Inc. ,O,
2286,341,"????? ??????
k?rma pur??a?",Vyasa,PL,Tu,32.5x5.5,1 To 185,Purana,14,43,C,G,
2287,341,"????????? ??????????
k???av??i m?h?tmya?",Vyasa,P,D,30x13,1 To 47,Purana,11,40,C,G,"Sa-1699, Year - 1778, Hemalambi sam, "
2288,342,"???????? ????????
abhijñ?na ??ku?tal?",Kalidasa,P,D,27x11.5,1 To 40,Nataka,12,30,C,G,"Parthiva Sam, Daksinayana Sravana "
2289,342/1,"??????? ??????? ????
harim??e st?tra ??k?",Bhagavadananda,PL,TU,33x5.5,1 To 48,Stotra,10,45,C,G,
2290,342/2,"????????? ????????
bhagavadg?t? vy?khy?",Bhagavadananda,PL,Tu,33x5.5,49 To 159,Gita,10,45,C ,G,""""
2291,343,"????? ????????
bh?gavata vy?khy?",,PL,Tu,58x5, To ,Purana,11,75,Inc.,ODW,"I, II, III, IV, V, VI, Skanda's"
2292,343,"??? ?????????
?aiva p?j?vidhi?",,P,D,18x12,1 To 13,shaiva,10,20,Inc. ,OD,
2293,344,"???????
r?m?ya?a?",,PL,TU,47x6,247 To 470,Itihasa,12,75,Inc,OD,Sundara to Uttara kanda
2294,344,"????????????????
taittir?y?pani?at",,P,D,20x10,1 To 51,Upanisat,9,26,C,O,
2295,345,"???????????
aitar?y?ra?yaka",,P,D,20x10,100 To 111,aranyaka,9,26,Inc.,Go,
2296,345,"?????????????????? ??????
b?had?ra?y?k?pani?ad bh??ya?",,PL,Tu,45x5,85Folios,Upanisat,9,90,Inc.,OD,
2297,346,"???????? ???? ??? ????
??ipa?cam? vrata kath? ??k?",,P,D,22x10.5,1 To 18,Vrata-Katha,11,25,C,GO,"Saka 1763, "
2298,346/1,"?????? ?????
n?si?ha bhuja?ga",Sankaracarya,PL,Tu,37x5,One,Stotra,9,52,C,G,
2299,346/2,"??????? ????????
kar?vala?ba st?tra?",Sankaracarya,PL,Tu,37x5,One,Stotra,9,52,C,G,
2300,346/3,"?????? ?????
nai?adh?ya carita?",Sri Harsa,PL,TU,37x5,52 To 132,Kavya,9,52,Inc.,GO ,
2301,347,"????? ?????????? ????????
ny?ya kusum??jali vy?khy?",,PL,TU,35x4,1 To 184,Nyaya,12,53,Inc.,ODW,
2302,347,"??????? ???????
pu?y?ha pray?ga?",,P,D,16x10,1 To 32, G- Prayoga   ,7,15,C,G,"Saka 1697, Year 1776, Manmathasam, Margasinsamasa krishna Paksa Thritiya Ravivara"
2303,348,"?????????? ???? ??? ????
svar?agaur? vrata kath? ??k?",,P,D,21.5x10.5,1 To 13,Vrata-Katha,9,28,C,G,"Saka 1763, 1842 Bhadra pada masa, "
2304,348/1,"???????? ????
subh??it? ?ataka?",,PL,TU,33x5,1 To 48,Subhashita,10,45,C ,G,
2305,348/2,"?????? ???????
ala?k?ra sa?graha?",Amrtananda yogi,PL,TU,33x5,85 To 133,Alankara,10,45,C,G,
2306,349,"???????? ???? ??? ????
harit??ika vrata kath? ??k?",,P,D,21x10.5,1 To 23,Vrata-Katha,9,28,C,G,"Saka : 1763, 1842 Plva nama Sam, "
2307,349/1,"????????????
brahmapur??a?",Vyasa,PL,Tu,49x6,101 To 187,Purana,14,75,Inc,OD,From : Brahmottara Kanda
2308,349/2,"????? ??????
ska?da pur??a?",Vyasa,PL,Tu,49x6,187 To 1 To 188,Purana,14,75,C,G,Brahma Narada Samvada
2309,349/3,"????? ??????
ska?da pur??a?",Vyasa,PL,Tu,49x6,188 To 215,Purana,14,75,Inc.,G,1-85 Adhyaya Sahyadri Kanda 
2310,349/4,"??????????
padmapur??a?",Vyasa,PL,Tu,49x6,117 To 143,Purana,14,75,Inc,G,From : Puskara Kanda 
2311,350,"?????????? ???? ??? ????
svar?agaur? vrata kath? ??k?",,P,Marati,21x11,1 To 4,Vrata-Katha,9,26,C,G,Script: Devanagari Tika : Kannada
2312,350,"?????????????
v?d??taprakara?a?",,PL,TU,42x4,1 To 92,Jautisha,7,52,Inc.,O,
2313,351,"?? ???
mana b?dha",Ramadasa,P,Mal,17x11.5,1 To 25,Kavya,9,20,C,G,"Sa - 1760, Year - 1839 Vilambi Sam, "
2314,351,"?????? ??????
?gv?da sa?hit?",,PL,TU,38 x 5.5,1 To 147,Samhita,12,53,C,G,IV Astaka
2315,352,"??????????????
s?tum?h?tmya?",,PL,Tu,38x6.5,4 To 56,Purana,12,55,Inc.,GO,From : Skanda Purana 
2316,352,"????????
ma?tras?ra",Nitya Natha,P,Marti,19.5x9,1 To 43,Tantra Mantragama,7,22,C,G,
2317,353,"??????
bh?gavata?",Nitya Natha,PL,Tu,37x5.5,1 To 210,Purana,13,54,Inc.,OD,"I, II, X, XI Skanda"
2318,353,"?????????? ?????
vikram?rka carita?",,P,Marati,21x15.5,1 To 40,Gadya - Katha,15,30,C,DW,"Plva sam Palguna Suddha Astami, "
2319,354/1,"??? ?????
hari vijaya?",,P,Marati,21.5x15.5,1 To 26,Purana,11,24,Inc.,OD,"1-V Adhyaya Saka - 1717, Year - 1796, "
2320,354/1,"??????? ?????
muh?rta darpa?a",Vidya Madhava,PL,TU,37.5x5.5,1 To 154,Jautisha,12,48,C,G ,
2321,354/2,"????????
mah?bh?rata?",Vidya Madhava,P,Mal,21.5x15.5,2Pages,Itihasa,11,24,Inc. ,OD,"Saka : 1717, Year : 1796, Pingala sam, "
2322,354/2,"???????
j?takas?ra",,PL,TU,37.5x5.5,1 To 7,Jautisha,10,40,Inc. ,G,I-II Adyaya
2323,355,"??????? ????????
pra?n? ci?t?ma?i",,P,Mar,12x15.5,1 To 100,Jautisha,11,14,Inc.,ODW,
2324,355/1,"???? ?????????
tarka prad?pik?",Sukamuni,PL,TU,37x4.5,1 To 124,Nyaya,9,82,Inc.,G,Up to III Paricceda
2325,355/2,"???? ??????
?abda nir?aya",,PL,TU,37x4.5,1 To 26,Nyaya,9,82,C,G,
2326,356,"??????? ????????
r?m?ya?a? vy?khy?",,P ,Marati,20x15,1 To 169,Itihasa,12,30,Inc.,O,
2327,356,"?????? ??????
?gv?da sa?hit?",,PL,TU,38 x 6,1 To 169,Samhita,12,64,Inc.,ODW,“
2328,357,"?????????
gurucarita?",Mayura,P,Marati,14x10,1 To 12,Gadya - Katha,6,14,C,G,
2329,357,"?????? ??????
?gv?da sa?hit?",,PL,TU,40x5,1 To 221,Samhita,9,55,C,OD,"V,VI,VII & VIII Astaka"
2330,358,"??? ????
bharata ca?p?",Ananta Bhatta,PL,TU,36x5.5,1 To 67,Campu,11,55,C,G,
2331,358,"?????? ????
h?tik? il?ja",,P,Hindi,17x24,1 To 53,General,18,11,Inc.,O,
2332,359,"???????
bhajanega?u",,P,Hindi,23x15,97Folios,General,9,10,Inc.,OD,
2333,359,"?????? ??????
?gv?da sa?hit?",,PL,TU,48 x 5,1 To 240,Samhita,10,62,C,ODW,
2334,360,"????????
mah?bh?rata?",,PL,Tu,56.5x4,222,Itihasa,8,90,Inc.,ODW,Sabhaparva 
2335,360,"???? ???????? ????
j?taka ca?drik? ??k?",Ananta Rama Suri,P,TU ,15.5x20,1 To 23,Jautisha,19,22,C,OD,
2336,361,"??????????? ??????
brahmas?tra bh??ya?",Vacaspati Misra,PL,TU ,57x5,218Folios,Jautisha,10,108,Inc.,ODW,
2337,361/2,"???????
r?mabhajan?",,P,Te,13x10,18 To 19,General,15,17,C,G,
2338,362,"?????? ???????
vasi??a r?m?ya?a?",Valmiki,PL,Tu,58x5,1 To 132,Itihasa,10,84,Inc.,Go,
2339,362/1,"????? ???
kanakamaya bila",,P,Te,25x20,1,General,20,20,Ine,ODW,
2340,362/10,"???? ??????????
ye? k??in?varalu",,P,Te,25x20,3,General,20,20,C ,OD,
2341,362/11,"??????
caragubama",,P,Te,25x20,3 To 1,General,20,20,C,OD,
2342,362/12,"???????? ????
adivyani m?lu",,P,Te,25x20,3 To 4,General,20,20,C ,OD,
2343,362/13,"????? ?????
citra m?nava?",,P,Te,25x20,4,General,20,20,C,OD,
2344,362/14,"????????
l?lagaiyadi",,P,Te,25x20,3,General,20,20,C,OD,
2345,362/15,"?????????
aduv?ramma",,P,Te,25x20,3 To 4,General,20,20,C ,OD,
2346,362/16,"???????? ????????
kannakalla niriyuni",,P,Te,25x20,5,General,20,20,C,OD,
2347,362/17,"????????? ????
r?dy?lani n??u",,P,Te,25x20,5,General,20,20,C ,OD,
2348,362/18,"???????
magav?dani",,P,Te,25x20,5 To 1,General,20,20,C,OD,
2349,362/19,"???? ????? ??????
m?rava g?p?la nisili",,P,Te,25x20,6,General,20,20,C,ODW,
2350,362/2 ,"???? ?????????
bh?m? r?m??vag?",,P,Te,25x20,1,General,20,20,C ,O,
2351,362/20,"??????? ??????
va?ak?garala daitri",,P,Te,25x20,2,General,20,20,C,OD,
2352,362/21,"?? ????? ?????
ye munira mu?cana",,P,Te,25x20,7,General,20,20,C,OD,
2353,362/22,"??????
v???ru",,P,Te,25x20,7,General,20,20,C,OD,
2354,362/23,"????? ???
yelar? ma?i",,PL,Te,25x20,7,General,20,20,C,OD,
2355,362/24,"????????? ?????
r?maca?dr? niday?",,P,Te,25x20,7,General,20,20,C,OD,
2356,362/25,"???? ??? ????? ??? ??
?r? raghu kaluvara ?ubha tara",,P,Te,25x20,8,General,20,20,C,OD,
2357,362/26,"?????? ??????
ye??u?a cunelu",,P,Te,25x20,8,General,20,20,C ,OD,
2358,362/3,"???????????????????
adut?nuly?runy?ye",,P,Te,25x20,1 To 1,General,20,20,C ,OD,
2359,362/4,"??????????
valavitubhavya",,P,Te,25x20,2,General,20,20,C,OD,
2360,362/5,"????? ????? ??????
murva g?p?la g?mini",,P,Te,25x20,2,General,20,20,C ,OD,
2361,362/6,"?????? ????? ????????????
alutanu vyat? ninnanid?tuna",,P,Te,25x20,2 To 1,General,20,20,C,OD,
2362,362/7,"?????????????
molur?mmanne",,PL,Te,25x20,2 To 1,General,20,20,C ,GO,
2363,362/8,"?? ???? ?????????????
ye ma??u betyerutalumi",,P,Te,25x20,2,General,20,20,C ,OD,
2364,362/9,"????????????
ninatri?pavale",,P,Te,25x20,3,General,20,20,C,OD,
2365,363/1,"????????? ??????
brahm???a pur??a?",,PL,Tu,50x5.5,1 To 44,Purana,14,80,Inc,GO ,
2366,363/1,"??? ??????
g?ha v?stu",,P,Te,13x20,5Leaves,Shilpa,16,10,Ine,OD,
2367,363/2,"??????????
garu?apur??a?",,PL,Tu,50x5.5,111 To ,Purana,14,80,Inc.,G,
2368,363/3,"??????????
li?gapur??a?",,PL,Tu,50x5.5,96 To 125,Purana,14,80,Inc. ,GO,
2369,364,"???? ?????? ?????? ????????
yajña valkya sm?ti vy?khy?",,PL,TU,54.5x5,137Folios,Smriti,12,80,Inc.,ODW,
2370,364,"?????
manab?dha",Ramadasa,P,Marati,15x11,1 To 29,General,10,16,C ,O,
2371,365,"????? ?????
sudh?ma carita?",,P,Marati,16x10,1 To 5,Gadya - Katha,10,20,Ine,O,
2372,365,"?????? ???????
v?d??ta kalpataru",,PL,TU,61x4.5,221,Jautisha,8,85,Inc.,ODW,
2373,366,"??????????????
s?tum?h?tmya?",,PL,Tu,38x4.5,1 To 203,Purana,6,50,C,G ,
2374,366,"??????? ????????
gaj??dra st?tra?",,P,Marati,15x11, To 2,Stotra,12,25,Ine,OD,
2375,367,"??? ????????????
d?sa b?dhan?krama?ika",,P,Marati,33x16.5,1 To 2,Stotra,19,45,Ine,GO,
2376,367/1,"??? ????? ?????
mah? v?kya vivara?a",Sankaracarya ,PL,TU,52x5.5 ,1 To 35,Jautisha,10,68,C,G,
2377,367/2,"??? ????
yati dharma",,PL,TU,52x5.5,36 To 45,Vishistadvaita,10,68,Inc. ,OD,
2378,368,"????????? ????????
?i?up?lavadha vy?khy?",Mallinatha,PL,TU,33x6,12 To 77,Kavya,11,48,Inc.,O,
2379,368,"????????? ???????
gurucarita? up?khya?",Narasimhasarasa,P,Marati,20.5x17,380Folios,Gadya - Katha,15,45,C,G,
2380,369,"?????? ????????
raghuva??a vy?khy?",Makki Bhatta,PL,TU,42x4,1 To 194,Kavya,10,55,Inc.,GO,
2381,370,"??????? ???
pak?atva v?da",,PL,TU,61x5,1 To 98,Nyaya,13,150,Inc.,ODW,
2382,371,"?????????????????? ??????
b?had?ra?y?k?pani?ad bh??ya?",,PL,TU,59x5,125Folios,Upanisat,7,70,Inc.,OD,
2383,372/1,"?????? ?????? ??????
??r?raka m?m??sa bh??ya?",Sankaracarya,PL,TU,48x5 ,1 To 170,Jautisha,11,100,C,ODW,
2384,373,"????? ?????? ????
vivara?a tattva d?pana",Akhandananda Muni,PL,TU ,45x5,135Folios,Jautisha,9,75,Inc.,OD,
2385,374/1,"?????????????????
b?had?ra?yak?pani?at",,PL,Tu,47x5, To ,Upanisat,9,85,C,G,
2386,374/2,"???????? ??????
siddh??ta kaumudi",,PL,TU,47x5,1 To 46,Vyakarana,9,85,Inc.,G,Scribe : Narayana Tunga
2387,375,"????? ?????? ????
vivara?a tattva d?pana",,PL,TU ,35x4.5,1 To 262,Jautisha,9,52,C,G ,
2388,376/1,"???? ????????? ??????
gautama dharmas?tra bh??y?",,PL,TU,34x5,1 To 169,dharmasutra,13,42,C,G,
2389,376/2,"????? ????? ?????? ????????
g?tra pravara nir?aya vy?khy?",??????????,""" ",Tu,34x5,169 To 1 To 188, G- Prayoga   ,13,42,Inc.,G,
2390,376/3,"???????????? (??????)
pr?ya?citta (paddhati)",????????,PL,Tu,34x5,188 To 196, G- Prayoga   ,13,42,C ,G,
2391,376/4,"?????? ???
n?r?ya?a bali",,PL,Tu,34x5,197 To 199, G- Prayoga   ,13,42,C ,G,
2392,376/5,"???????? ??? ??????
k??m???a h?ma pray?ga",,PL,Tu,34x5,199 To 1 To 200, G- Prayoga   ,13,42,C,G,
2393,376/6,"????? ??? ?????
ga?apati h?ma vidhi?",,PL,Tu,34x5,200 To 1 To 203, G- Prayoga   ,13,42,C,G ,
2394,377,"??????????????? ????
n?mali?g?nu??sana? ??k?",,PL,Tu,39.5x5,1 To 73,Nighantu,11,52,Inc.,Go,"Work sanskrit Script : tulu, Tika -"
2395,378/1,"??????????????? ????????
n?mali?g?nu??sana? vy?khy?",,PL,Tu,39x5,59 To 182,Nighantu,10,50,Inc.,OD,
2396,378/2,"????? ??????
a?g?ra sm?ti",,PL,TU,39x5,184 To 203,Samhita,10,50,C,G,
2397,378/3,"?????? ???
pray?ga s?ra",???????,PL,Tu,39x5,204 To 205, G- Prayoga   ,10,50,C,G,
2398,378/4,"??? ??????? ?????
mah? naiv?dya lak?a?a",,PL,TU,39x5,205 To 207, G- Prayoga   ,10,50,C,G,
2399,378/5,"???????????? ?????
pr?ya?citta vidhi?",,PL,Tu,39x5,207 To 1 To 209, G- Prayoga   ,10,50,C,G,
2400,378/6,"?????? ??????? ????
sa?graha ?r?ddha kalpa",,PL,Tu,39x5,210 To 220, G- Prayoga   ,10,50,C,G,
2401,379,"???????? ????? ?????
??val?yana g?hya s?tra",????????,PL,Tu,30x5.5,92Folios,Grahyasutra,11,52,Inc. ,ODW,
2402,380,"??????????????
tattvaci?t?ma?i",Ganesha,PL,TU,39x4,1 To 58,Nyaya,12,70,Inc.,OD,
2403,381,"?????? ????????
raghuva??a vy?khy?",Mallinatha,PL,TU,30x4.5,1 To 218,Kavya,9,44,Inc.,OD,
2404,381/3,"????????????
accut???aka?",,P,Kan,17x10.5,25,Stotra,8,20,C,G,
2405,381/4,"????????????
g?vi?d???aka?",Sankaracarya,P,Kan,17x10.5,26 To 27,Stotra,8,20,C,G,
2406,381/5,"???????????
g?p?l???aka?",Brahmanand,P,Kan,17x10.5,28 To 29,Stotra,8,20,C,G,
2407,381/9,"????????? ????????
annap?r?a st?tra?",Sankara Caryah,P,Kan,17x10.5,41 To 43,Stotra,8,20,C,G,
2408,382,"???????
r?m?ya?a?",Sankara Caryah,PL,TU,35.5x5,1 To 117,Itihasa,10,48,Inc,G,Sundara Kanda
2409,382,"?????? ??
navagraha japa",,P,Kan,21x17,1 To 31,Tantra Mantragama,,,,,
2410,383,"????? ??????
k?vya prak??a",Mammata,PL,TU,37x3,1 To 139,Alankara,5,54,C,ODW,
2411,383/10,"????????????
g?vi?d???aka?",Mammata,P,Kan,16x21,12 To 13,Stotra,16,20,C,O,
2412,383/11,"????????????? ????????
tripurasu?dari st?tra?",,P,Kan,16x21,13 To 14,Stotra,16,20,C,G,
2413,383/13,"?????????????
k?labairav???aka?",,P,Kan,16x21,14 To 15,Stotra,16,20,C,G,
2414,383/2,"?????????? ????????
ca?dra??khara? st?tra?",,P,Kan,16x21,5.5,Stotra,16,20,C,G,
2415,383/4,"????????????
accut???aka?",,P,Kan,16x21,6 To 7,Stotra,16,20,C,G,
2416,383/8,"?????????
ga?g???aka?",Kalidasa,P,Kan,16x21,10,Stotra,16,20,C,G,
2417,384,"????????
mah?bh?rata?",Kalidasa,PL,Tu,35x4,20Folios,Itihasa,11,68,Inc.,ODW,Santiparva
2418,385,"?????? ??????
?gv?da sa?hit?",,PL,TU,33x4.5,1 To 258,Samhita,9,52,Inc,OD ,"V,VI,VII, VIII Astaka"
2419,386/1,"??????
raghuva??a",Kalidasa,PL,TU,34x5,1 To 97,Kavya,11,40,C,G,
2420,386/2,"??????????
kum?rasa?bhava?",Kalidasa,PL,TU,34x5,98 To 132,Kavya,11,40,Inc.,G ,
2421,386/3,"??????? ????
?y?mal? da??aka",Kalidasa,PL,TU,34x5,1 To 2,Stotra,12,42,C,G,
2422,387,"???? ?????? ?????? ????????
yajña valkya sm?ti vy?khy?",Kalidasa,PL,TU,35.5x5,1 To 168,Smriti,9,50,Inc.,GO ,
2423,388,"??????????????
s?tum?h?tmya?",Kalidasa,PL,Tu,37x5,191 To 294,Purana,11,63,C,O ,""""
2424,389,"??????
bh?gavata?",Kalidasa,PL,Tu,34x4,149 To 283,Purana,10,45,Inc.,O ,"X, XI Skanda"
2425,389,"??????? ????
sadratna m?l?",Sankarvarman,PL,P,TU,16.5x10,Ganita,1&24,10 25,Ine,OD,
2426,390,"????? ??????
ska?da pur??a?",Sankarvarman,PL,Tu,33x4.5,1 To 86,Purana,12,40,Inc.,OD,Sahyadri Kanda 
2427,391,"???????????????
adhy?tmar?m?ya?a?",,PL,Tu,27x5,1 To 133,Itihasa,8,35,Inc.,GO,Upto kiskinda kanda
2428,392,"??????????
padmapur??a?",Vyasa,PL,Tu,35x4.5,30 To 175,Purana,10,46,Inc,O,
2429,393,"??????????????? ????????
n?mali?g?nu??sana? vy?khy?",,PL,TU,34x5.5,1 To 197,Nighantu,15,45,Inc.,G,
2430,394/1,"??? ??????????
m?gha m?h?tmya?",,PL,Tu,34x5.5,1 To 78,Purana,14,52,C,GO,From : Padma Purana 
2431,394/2,"????? ??????????
vai??kha m?h?tmya?",,PL,Tu,34x5.5,78 To 156,Purana,15,45,C ,G,
2432,394/3,"???? ??????????
k??i m?h?tmya?",,PL,Tu,34x5.5,157 To 230,Purana,15,45,C ,G,From : Brahma Vaivarta purana Virodhi 
2433,395,"??????????? ??????
brahmas?tra bh??ya?",Sankaracarya,PL,TU,51x5,94Folios,Jautisha,12,98,Inc.,ODW,
2434,396,"??????? ??????
muh?rta d?pik?",Vishnu Sarma,PL,TU,34x5,1 To 251,Jautisha,14,64,C,G,
2435,397,"???????? ??????
prakriya kaumudi",Vishnu Sarma,PL,TU,36x4.5,1 To 178,Vyakarana,8,55,Inc.,OD ,
2436,398,"?????????
b?hajj?taka",Varahamihira,PL,TU,53x5,76Folios,Jautisha,9,60,Inc.,OD,
2437,399,"???????? ??????
siddh??ta kaumudi",Varahamihira,PL,TU,34x4.5,1 To 68,Vyakarana,9,36,Inc.,G ,
2438,400,"??? ??????
s?ta sa?hit?",Varahamihira,PL,Tu,33.5x5.5,1 To 191,Purana,12,41,C,GO,From : Skanda purana 
2439,401,"?????????
gurucarita?",,P,D,19.5x14.5,PageMissing,Kavya,12,21,Inc.,G,
2440,401,"?????? ????????
raghuva??a vy?khy?",Makki Bhatta,PL,TU,28.5x4,151 To 239,Kavya,7,40,Inc.,O,
2441,402,"???? ???? ????????
tarka bh??? vy?khy?",,P,D, 29x11.5,34folois,Nyaya,9,40,Inc.,DW,
2442,402/1,"???????? ?????? ????????
siddh??ta kaumudi vy?khy?",,PL,TU,53x5.5,1 To 32,Vyakarana,13,88,Inc.,OD ,
2443,402/2,"??????? ?????????? ?????
vaiy?kara?a paribh????du ??khara?",,PL,TU,53x5.5,1 To 21,Vyakarana,13,88,Inc.,G ,
2444,403,"????????????
vi??upur??a?",,P,D,35x15,1 To 35,Purana,10,55,Inc.,OD ,
2445,403,"???????? ?????? ????????
prakriya kaumudi vy?khy?",Visvakarma,PL,TU,28x5,39 To 269,Vyakarana,12,42,Inc.,O,Up to Karaka
2446,404,"????????? ??????????
hastigiri m?h?tmya?",Visvakarma,P,D,36x15.5,1 To 44,Purana,11,46,C,GO,From : Brahmanda Purana 
2447,404/1,"?????????? ?????
?a?kar?c?rya carita?",,PL,TU,26x6,1 To 28,Kavya,15,28,C,G,
2448,404/2,"?????????
?a?karavijaya?",Anantananda Giri,PL,TU,26x6,1 To 103,Kavya,15,28,C,G,
2449,404/3,"???????????????
n?mali?g?nu??sana?",Anantananda Giri,PL,TU,26x6,1 To 57,Nighantu,15,28,Inc.,GO,
2450,405,"?????? ??????
?gv?da sa?hit?",,PL,TU,39 x 5,1 To 51,Samhita,8,45,Inc.,OD,"V Astaka, 8 Mandala"
2451,405,"????? ??? ???????
agni mukha pray?ga?",,P,D,16x10,1 To 14, G- Prayoga   ,13,20,C,G,Scribe : Datta Bhatta 
2452,406/1,"???????????? ?????? ????
siddhivin?yaka d?rv? p?j?",,P,D,17x11,1 To 9, pooja,13,25,C,G,
2453,406/1,"?????? ?????
nir?aya si?dhu",?????? ????,PL,Tu,31x5,1 To 59, G- Prayoga   ,12,48,Inc.,OD,
2454,406/2,"?????????? ?????
svar?agaur? vrata?",,P,D,17X11,11 To 13,Vrata,13,25,C,G,
2455,406/2,"??????????? ???
sm?ty?rtha s?ra",,PL,TU,31x5,1 To 55,Smriti,12,48,Inc.,OD,
2456,406/3,"?????????? ????
janm???ami p?j?",,P,D,17x11,13 To 16, pooja,13,25,C ,G,
2457,406/3,"?? ?????? ????????
?ata ?l?k? vy?khy?",???????????,PL,Tu,31x5,1 To 109, G- Prayoga   ,12,48,C,OD,
2458,406/4,"?????????????? ????????
k???????ttara st?tra?",,P,D,17x11,16 To 17,Stotra,13,25,C,G,
2459,406/5,"????????? ??? ?????
m?tyu?jaya h?ma vidhi?",,P,D,17x11,17 To 18,Tantra Mantragama,,,,,
2460,407/1,"???????? ?????
??ipa?cam? vrata?",,P,D,17x11,1 To 6,Vrata,12,20,C ,G,
2461,407/1,"??????? ??
?i?up?la vadha",Magha,PL,TU,35x6,1 To 30,Kavya,9,40,Inc.,OD,1 To 7 Sarga
2462,407/2,"???? ????
sam?sa cakra",,PL,TU,35x6,1 To 14,Vyakarana,9,40,Inc.,OD,Citrabanu Sam vaisaka Suddha - 10
2463,407/3,"???????? ????????????
??ipa?cam? vrat?dy?pana?",,P,D,17x11,13 To 14,Vrata,12,20,C,G,
2464,407/5,"?????????? ????
va?as?vitr? p?j?",,P,D,17x11,11 To 17,Vrata,9,20,C,G,
2465,408/1,"??????
raghuva??a",Kalidasa,PL,TU,31x3,1 To 14,Kavya,7,45,Inc.,GO,
2466,408/1,"??????? ??????
?r?va?i nir?aya",,P,D,17x21,1 To 2,Smriti,25,25,C,OD,From: Parasara Smrti
2467,408/2,"?????????????? ?????
a?vatth?dy?pana vidhi?",,P,D,17x21,1 To ,Vrata,27,25,Inc.,OD,
2468,408/2,"??????????
kum?rasa?bhava?",,PL,TU,31x3,43Folios,Kavya,7,45,Inc.,Go,1-8 Sarga
2469,408/3,"????????
m?ghasa?d??a",Kalidasa,PL,TU,31x3,16Folios,Kavya,7,45,C,GO,
2470,408/3,"???? ?????
?r? rudra",,P,D,17x11,1 To 2,Veda - Mantra,9,20,Inc.,OD,
2471,408/4,"?????? ?????? ?????
sa?ka??a arghya ma?tra",,P,D,17x11,1,Vaidya,10,23,C ,O,
2472,408/5,"?????? ???? ?????
sa?dhy? va?dana vidhi?",,P,D,17x10.5,3 To 5, G- Prayoga   ,10,20,Inc. ,OD.,
2473,408/6,"?????????? ?????
satyan?r?ya?a vrata?",,P,D,11x17,1 To 2,Vrata,22,13,Inc. ,OD,
2474,408/8,"???? ???????
sa?di prakara?a?",,P,D,11x17,,Vyakarana,1&2,20,17,Ine,OD
2475,409,"????????? ????????
bhagavadg?t? vy?khy?",,PL,Tu,37x4.5,1 To 102,Gita,10,60,Inc.,O ,
2476,409/1,"??????
nigha??u",,P,D,17x11,1,Nighantu,12,24,Ine,O,
2477,409/2,"??????? ?????
sa?graha? ?l?ka",,P,D,16x10,1,General,15,35,Ine,O,
2478,410,"???????? ?????? ????????
adhy?tma r?m?ya?a vy?khy?", ," """,Tu,25.5x4.5,1 To 117,Itihasa,10,48,Inc.,GO,
2479,410/1,"????? ???????
upanayana pray?ga?",,P,D,10x30,1 To 2, G- Prayoga   ,45,22,C,OD.,
2480,410/2,"??????? ???? ?????
b?lagraha sam?na vidh?na",,P,D,11x17,1,Vaidya,28,18,Ine ,O,
2481,410/3,"??????????
tilak???aka?",,P,D,10x16.5,1Folio,Stotra,25,16,C ,G,
2482,410/5,"??????? (???????)
a??apadi (dvit?ya)",,P,D,16x10,1,Gita,12,35,Ine,G,
2483,410/6,"??? ???? ????
janana karma vi?aya",,P,D,11x16.5,1 To 2, G- Prayoga   ,17,15,Inc.,O,
2484,410/7,"????????? ???
cakravivara?a kal?",,P,D,10x14,1 To 2,Tantra Mantragama,,,,,
2485,410/9,"?????? ??????? ?????
g?kar?a k??tra paricaya",,P,D,11x16,1 To 2,General,21,20,Ine ,OD,
2486,411,"?????? ??????
?gv?da sa?hit?",,PL,TU,25.5.x5,1 To 119,Samhita,12,30,Ine ,ODW,VII & VIII Astaka
2487,411/1,"??????? ???? ??????????
sa?k??pa d?v? m?h?tmya?",,P,D,16x10,1 To 2,Purana,13,25,C ,G,
2488,411/2,"????? ???????
?l?ka sa?graha?",,P,D,15.5x11,1 To 3,Itihasa,11,25,Ine,O,
2489,412,"??????
raghuva??a",Kalidasa,PL,TU,24.5x3.5,1 To 127,Kavya,8,32,C,G ,
2490,412/1,"???????? ????????
cara?avy?ha vy?khy?",,P,D,14.5x10,1 To 2,Vedanga,20,35,C,G.,
2491,412/2,"??? ?????? ?????
bh?ta ?uddhi vidhi?",,P,D,14x9,2Folios,Tantra Mantragama,,,,,
2492,412/3,"???? ????????
garu?a mah?ma?tra",,P,D,14x9,1 To 2,Tantra Mantragama,,,,,
2493,413,"????? ??????
bha??i k?vya?",Bhatti,PL,TU,27x5,1 To 60,Kavya,11,44,C,GO,
2494,413/1,"?????? ???? ?????
brahma yajña vidhi?",,P,D,15x10,1 To 5, G- Prayoga   ,13,22,Inc.,OD.,
2495,413/2,"??????? ?????
sa?graha? ?l?ka",,P,D,15x10,1 To 2,General,10,20,Ine,O,
2496,413/3,"??????? ????????
g?yatr? vy?khy?",,P,D,13x10,1,Smriti,16,20,C,G,
2497,413/4,"???????????????? ????????
k?rtav?ry?rjuna st?tra?",,P,D,15x9.5,1,Stotra,12,25,C ,GO,Saka: 1738 Year: 1816 Hemanta 
2498,413/5,"?????????? ???????????? 
ca?dr?par?ga pr?ya?citta ",,P,D ,14.5x31,1, G- Prayoga   ,36,20,Inc.,OD.,
2499,413/7,"????? ??????? ?????
s?rya namask?ra vidhi?",,P,D,21x15.5,1 To , G- Prayoga   ,25,25,Inc.,O,
2500,413/8,"??? ???
gau?a pa?tha",,P,D,21x15.5,1,General,23,20,Ine,OD,
2501,414,"?????? ???????
tr??aka v?tti?",Totakacarya,P,D,17x10.5,1 To 19,Chanda,9,24,C,GO,From: Shurthi Sara
2502,414/1,"???????? ??????
siddh??ta kaumudi",Totakacarya,PL,TU,27x4,1 To 42,Vyakarana,10,52,Inc.,GO,
2503,414/2,"???????? ??????
siddh??ta kaumudi",Totakacarya,PL,TU,27x4,1 To 42,Vyakarana,10,52,Inc.,GO,
2504,415/1,"???????? ??????
siddh??ta kaumudi",Anantacarya,TU,TU,28.5x5,1 To 73,Vyakarana,10,40,Inc.,O,
2505,415/10,"???? ?????
?r? s?kta",,P,D,15x10,1 To 6,Veda - Mantra,7,15,C,OD,
2506,415/2,"??????????????? ????
n?mali?g?nu??sana? ??k?",,PL,Tu,28.5x5,1 To 84,Nighantu,12,45,Inc.,Go,
2507,415/5,"????? ????????????
atharva ?ir??pani?at",,P,D,15x10.5,1 To 4,Upanisat,10,15,C,O.,
2508,415/6,"??????? ??? ?????? ?????
g?yatr? ??pa vim?cana ma?tra",,P,D,15.5x10.5,3 To 8,Tantra Mantragama,,,,,
2509,415/7,"??????????????? ?????
pr???gnih?tra vidhi?",,P,D,15x10,1 To 6, G- Prayoga   ,10,15,Inc.,Go.,
2510,415/8,"?????? ????? ????????
??am?cana ga?apati st?tra?",,P,D,15.5x10,1,Stotra,9,20,C,Go,From: Skandapurana
2511,416,"??????????? ??????????? ??????
a???dhy?yi s?trav?tti k?rik?",  Vamana Jayaditya,PL,""" ",34x6,1 To 218,Vyakarana,15,40,Inc.,GO,Upto IV Adhyaya
2512,416,"????? ?????
pavam?na ma?tra",,P,D,17x10,1 To 3,Veda - Mantra,11,22,Inc,O,
2513,417,"????????????? ????????
kir?t?rjun?ya vy?khy?",Vidya Madhava ,PL,TU,38x4,170Folios,Kavya,9,75,Inc.,OD,No End
2514,418,"?????? ????????? ????
tattva prad?pik? ??k?",Suka Prakasa,PL,TU,36x4.5 ,1 To 144,Jautisha,13,55,C,GO,
2515,418/2,"????? ?????
aup?sana vidhi?",,P,D,17x11,1 To 2, G- Prayoga   ,8,18,Inc.,OD,
2516,418/4,"?????? ??????? ???????
p?rva?a ?r?ddha pray?ga?",,P,D,17x10 ,1 To 2, G- Prayoga   ,11,28,Inc.,Go.,
2517,419/1,"???????????????
???v?sy?pani?at",,PL,Tu,45x4,1,Upanisat,9,78,C,G,
2518,419/10,"?????????????
t?lavakar?pani?at",,PL,Tu,45x4,14 To 1 To 15,Upanisat,9,78,C,G,
2519,419/11,"???????? ????????????
k?l?gni rudr?pani?at",,PL,TU,45x4,15 To 1 To 16,Upanisat,9,78,C,G,
2520,419/12,"?????????????
aru?y?pani?at",,PL,Tu,45x4,16 To 16 To 1,Upanisat,9,78,C,G,
2521,419/13,"?????????????
paramaha?s?pani?at",,PL,Tu,45x4,16 To 1 To 17,Upanisat,9,78,C,G,
2522,419/14,"???????????
garbh?pani?at",,PL,Tu,45x4,17 To 18,Upanisat,9,78,C,G,
2523,419/15,"?????????
mah?pani?at",,PL,TU,45x4,18 To 18 To 1,Upanisat,9,78,C,G,
2524,419/16,"?????????????????
?tmaprab?dh?pani?at",,PL,TU,45x4,18 To 1 To 19,Upanisat,9,78,C,G,
2525,419/17,"??????????????????
?v?t??vatar?pani?at",,PL,Tu,45x4,19 To 23,Upanisat,9,78,C,G,
2526,419/18,"??????????????
k?urik?pani?at",,PL,TU,45x4,23 To 23 To 1,Upanisat,9,78,C ,G,
2527,419/19,"?????????????????
b?had?ra?yak?pani?at",,PL,Tu,45x4,23 To 1 To 54,Upanisat,9,78,C,G,
2528,419/2,"??????????
k?n?pani?at",,PL,TU,45x4,1 To 2,Upanisat,9,78,C,G,
2529,419/20,"???????????????
m????ky?pani?at",,PL,Tu,45x4,54,Upanisat,9,78,C,G,
2530,419/21,"????????????
aitar?y?pani?at",,PL,Tu,45x4,54 To 64,Upanisat,9,78,C,G,
2531,419/22,"???????????
?tm?pani?at",,PL,Tu,45x4,64 To 65,Upanisat,9,78,C ,G,
2532,419/23,"????????????????
taittir?y?pani?at",,PL,Tu,45x4,65 To 69,Upanisat,9,78,C,G,
2533,419/24,"?????????????
paramaha?s?pani?at",,PL,TU,45x4,69,Upanisat,9,78,C,G,
2534,419/25,"?????????????????
maitr?ya?iy?pani?at",,PL,Tu,45x4,69 To 1 To 72,Upanisat,9,78,C,G,
2535,419/26,"???????????????
kau??takyupani?at",,PL,Tu,45x4,72 To 75,Upanisat,9,78,C,G,
2536,419/27,"?????????????
??r?rak?pani?at",,PL,Tu,45x4,75 To 76,Upanisat,9,78,C,G,
2537,419/28,"??????????
ha?s?pani?at",,PL,TU,45x4,76 To 77,Upanisat,9,78,C,G,
2538,419/29,"?????????????????
atharva??r??pani?at",,“,Tu,45x4,76 To 1 To 77,Upanisat,9,78,C,G,
2539,419/3,"?????????
ka?h?pani?at",,PL,Tu,45x4,2 To 6,Upanisat,9,78,C,G,
2540,419/30,"??????????????
am?tan?d?pani?at",,PL,Tu,45x4,77 To 78,Upanisat,9,78,C,G,
2541,419/31,"???? ???????????
am?ta bi?dupani?at",,PL,TU,45x4,78 To 78 To 1,Upanisat,9,78,C ,G,
2542,419/32,"???????????????
atharva??r?pani?at",,PL,Tu,45x4,78 To 1 To 81,Upanisat,9,78,C,9,
2543,419/33,"?????????????????????????
n?si?h?ttarat?pinyupani?at",,PL,Tu,45x4,81 To 86,Upanisat,9,78,C,G,
2544,419/34,"???????????????
ch??d?gy?pani?at",,PL,TU,45x4,86 To 110,Upanisat,9,78,C,G,
2545,419/35,"????????????
aitar?y?pani?at",,PL,Tu,45x4,111 To 123,Upanisat,9,78,C,G,
2546,419/37,"???????? ?????? ????????
prakriya kaumudi vy?khy?",Vittalacarya,PL,TU,45x4,1 To 23,Vyakarana,9,78,Inc.,GO,
2547,419/38,"????????
b?l???aka",Sankaracarya,PL,TU,45x4,One,Stotra,9,78,C,G,
2548,419/4,"?????????????
pra?n?pani?at",,PL,TU,45x4,6 To 8,Upanisat,9,78,C,G,
2549,419/5,"????????????
mu??ak?pani?at",,PL,TU,45x4,8 To 1 To 11,Upanisat,9,78,C,G,
2550,419/6,"???????????????
m????ky?pani?at",,PL,Tu,45x4,11 To 12,Upanisat,9,78,C,G,
2551,419/7,"??????????
jabal?pani?at",,PL,Tu,45x4,12 To 13,Upanisat,9,78,C,G,
2552,419/8,"?????????????
brahm?pani?at",,PL,Tu,45x4,13 To 14,Upanisat,9,78,C,G,
2553,419/9,"?????????????
kaivaly?pani?at",,PL,Tu,45x4,14 To 14 To 1,Upanisat,9,78,C,G,
2554,420,"??????
bh?gavata?",,PL,TU,35.5x5,31 To 147,Purana,8,50,Inc.,GO ,X Skanda
2555,420/1,"????? ????? ????????
apar?dha su?dara st?tra?",,P,D,16x10,1 To 2,Stotra,12,20,C ,G,
2556,420/2,"????? ?????? ???????????
par??ara sm?ti anukrama?ik?",,P,D,17.5x11,1 To 2,Smriti,15,25,Ine ,O,
2557,420/3,"????? ????? ????????
apar?dha su?dara st?tra?",,P,D,16x10,1 To 2,Stotra,12,20,C,G,
2558,420/4,"??????????? ???
brahmahaty? ?la?",,P,D,13.5x9.5,1 To , G- Prayoga   ,13,22,Inc. ,O,
2559,421,"???? ?????
d?v? s?kta",,P,D,17x11,1 To 8,Veda - Mantra,9,20,Inc,ODW,
2560,421/1,"????????????? ????????
k???akar??m?ta vy?khy?",Papayallarya,PL,TU,33x5.5,1 To 94,Kavya,12,40,C,G,
2561,421/10,"???? ???
gaur? da?aka",Sankaracarya,PL,Tu,33x5.5,21 To 1 To 22,Stotra,12,40,C,G,
2562,421/11,"???????? ????????
hast?malaka st?tra?",Sankaracarya,PL,TU,33x5.5,22 To 23,Stotra,12,40,Inc.,G,
2563,421/12,"??????? ????????
harim??e st?tra?",Sankaracarya,PL,TU,33x5.5,23 To 24,Stotra,12,40,C,G,
2564,421/13,"?????????
sukh???aka?",Sankaracarya,PL,TU,33x5.5,24 To 1 To 25,Stotra,12,40,C,G,
2565,421/14,"?????????? ???????? ????????
datt?tr?ya sahasran?ma st?tra?",,PL,Tu,33x5.5 ,25 To 30,Stotra,12,40,C,G,
2566,421/15,"????????????? ????????
tripurasu?dar? sahasran?ma",,PL,Tu,33x5.5 ,30 To 35,Stotra,12,40,C,G,
2567,421/16,"??????? ????? ????????
v?sud?va avat?ra sahasran?ma",,""" ",TU,33x5.5,35 To 43,Stotra,12,40,C,G,From : Padma Purana 
2568,421/2,"????? ????????
k???a kar??m?ta",Lilasuka,PL,TU,33x5.5,97 To 115,Kavya,12,40,C,G,
2569,421/3,"?????? ????
v?d??ta ratna",Shanmukha,PL,TU,33x5.5,128 To 130,Jautisha,12,40,Inc.,G,
2570,421/4,"??????????? ???????
adhy?r?pav?da prakara?a?",,PL,TU,33x5.5 ,1 To 6,Jautisha,14,50,Inc.,G,
2571,421/5,"??????? ???? ????
p?rthiva li?ga p?j?",,PL,TU,33x5.5,1 To 5, pooja,14,50,Inc.,G,
2572,421/6,"?????? ?????
v?dap?da stava?",Vyasa,PL,TU,33x5.5,6 To 9,Stotra,12,40,C,G,From : Bhavisottara Purana 
2573,421/7,"??? ??????? ????????
?iva mahimn? st?tra?",,PL,TU,33x5.5,10 To 11,Stotra,12,40,C,G,
2574,421/8,"????? ????
s?rya ?ataka?",Mayura,PL,TU,33x5.5,11 To 1 To 18,Kavya,12,40,C,G,
2575,421/9,"?????? ????????
sad??iva m?nasap?j?",Sarasvati,PL,Tu,33x5.5,18 To 21, pooja,12,40,C,G,
2576,422,"?????? ??????
?gv?da sa?hit?",,PL,TU,45 x 5.5,1 To 186,Samhita,12,75,C,OD,"I,II,III,IV, V Astaka"
2577,422/3,"??????? ?????
sa?graha? ?l?ka",,P,D,13x21,1 To 2,General,32,20,Ine,OD,
2578,422/4,"??????? ????? ???????
madhvad?sa k?vya sa?graha?",,P,D,15.5x21,1 To 2,General,5,20,C ,G,
2579,422/5,"???? ??????
bhajare g?vi?da",,P,D,16x20,1,General,23,35,C,OD,
2580,423,"???? ????? ?????
ga?g? sn?na ma?tra",,P,D,17x10.5,1 To 2,Tantra Mantragama,,,,,
2581,423/1,"??????????????? ????
n?mali?g?nu??sana? ??k?",Bhattopadhyaya,PL,Tu,33x5,1 To 182,Nighantu,14,62,C ,GOD,
2582,423/2,"??????? ?????? ????????
harim??e stuti vy?khy?",Bhattopadhyaya,PL,TU,33x5,1 To 5,Stotra,14,62,C,OD,
2583,424,"?????? ??????? ?????
sa?ka??a caturth? vidhi?",,P,D,17x11,1 To 12,Vrata,10,20,C ,OD,
2584,424/1,"????????????? ????????
k???akar??m?ta vy?khy?",,PL,TU,35x5,1 To 99,Kavya,12,42,C,G,
2585,424/10,"????? ????????
tu?as? st?tra?",,PL,N.Na,35x5,110 To 1 To 111,Stotra,12,42,C,G,
2586,424/11,"?????????????? ????????
n?si?ha???ttara st?tra?",,PL,TU,35x5,111 To 112,Stotra,12,42,C,G,
2587,424/12,"?????????????????????????????
a?vatthan?r?ya?a???ttarast?tra?",,PL,Tu,35x5,112,Stotra,12,42,C,G,
2588,424/13,"??????????????? ????????
?dity????ttara st?tra?",,PL,Tu,35x5,112 To 1 To 113,Stotra,12,42,C,G,From : Nrsimha Purana 
2589,424/14,"???????????????????
r?ma???ttarast?tra?",Vyasa,PL,TU,35x5 ,113 To 1 To 115,Stotra,12,42,C,G,
2590,424/15,"??????????? ????????
?ivasahasran?ma st?tra?",Vyasa,PL,TU,35x5,115 To 121,Stotra,12,42,Inc.,G,
2591,424/16,"???? ????
sam?sa cakra",,PL,TU,35x5,122 To 123,Vyakarana,12,42,C ,G,
2592,424/17,"????????
gurug?t?",,PL,Tu,35x5,124 To 129,Gita,12,42,C ,G,""""
2593,424/18,"???? ????????
guru st?tra?",,PL,Tu,35x5,129 To 133,Stotra,12,42,C,G,
2594,424/19,"??????? ????????
vaiy?kara?a siddh??ta",Dattarama ,PL,TU,35x5,134 To 176,Vyakarana,12,42,Inc.,G,
2595,424/2,"?????? ?????????
vin?yaka a???ttara",,PL,Tu,35x5,104,Stotra,12,42,C,G,
2596,424/20,"??????
dh?tupatha",,PL,TU,35x5,1 To 14,Vyakarana,12,42,C,G ,
2597,424/3,"?????? ????????
n?r?ya?a st?tra?",,PL,N.Na,35x5,104 To 1 To 105,Stotra,12,42,C,G,From : Varaha Purana 
2598,424/4,"???????????????????
?iva???ttarast?tra?",,PL,TU,35x5,105 To 1 To 106,Stotra,12,42,C,G ,
2599,424/5,"????? ????????? ????????
s?rya a???ttara st?tra?",,PL,TU,35x5,106 To 1 To 107,Stotra,12,42,C,G ,
2600,424/6,"???????????? ????????
?rya???ttara st?tra?",, PL,Tu,35x5,107 To 1 To 108,Stotra,12,42,C,G,
2601,424/7,"???????????????????
?iva???ttarast?tra?",,PL,TU,35x5,108 To ,Stotra,12,42,C,G,
2602,424/9,"???? ???????????????????????
?a?kara n?r?ya?????ttarast?tra?",,PL,TU,35x5,109 To 1 To 110,Stotra,12,42,C,G,
2603,425,"???????????????
?dy?tmar?m?ya?a?",,P,D,17x10.5,1 To 38,Itihasa,9,20,Ine,GO ,Bala Kanda
2604,425/1,"????????
m?ghasa?d??a",,PL,TU,36x4.5,1 To 34,Kavya,11,54,C,G,"Kila sam, Uttarayana vasanta Rutu, "
2605,425/2,"????? ????
s?rya ?ataka?",Mayura,PL,TU,36x4.5,34 To 1 To 68,Kavya,11,54,C,G,"Kilasam, Vasanta rutu, Sukla paksa "
2606,425/3,"????? ????????
na??daya vy?khy?",Krishna,PL,TU,36x4.5,69 To 94,Kavya,11,54,C,G,
2607,426,"????? ???????
ma?tra sa?graha?",,P,D,17x10,6Folios,Veda - Mantra,8,25,Inc.,OD,
2608,426/1,"?????? ?????? ??????
?gv?da sa?hit? bh??ya?",,PL,TU,26x5,1 To 25,Samhita,8,35,Inc.,OD,
2609,426/10,"??????? ?????
sarasvat? s?kta",,PL,Tu,26x5,38 To 1 To 39,Veda - Mantra,8,35,C,GO,
2610,426/11,"????????????
parjanyas?kta",,PL,Tu,26x5,39,Veda - Mantra,8,35,C,Go,
2611,426/12,"????? ?????
pr??a s?kta",,PL,Tu,26x5,39 To ,Veda - Mantra,8,35,C,OD,
2612,426/13,"????? ?????
gr?ma s?kta",,PL,Tu,26x5,40 To 1 To 41,Veda - Mantra,8,35,C,OD,
2613,426/14,"?????? ?????
r?tri s?kta",,PL,Tu,26x5,41 To 41 To 1,Veda - Mantra,8,35,C,G ,
2614,426/15,"???? ?????
v?mana s?kta",,PL,Tu,26x5,41 To 1 To 44 To 1,Veda - Mantra,8,35,C,G,
2615,426/16,"??? ?????
d?va s?kta",,PL,Tu,26x5,44 To 1 To 46,Veda - Mantra,8,35,C,G,
2616,426/17,"?????? ?????
?yu?ya s?kta",,PL,Tu,26x5,46 To 1 To 47,Veda - Mantra,8,35,C,G,
2617,426/18,"??????? ?????
pa?c?m?ta s?kta",,PL,Tu,26x5,47 To 1 To 48,Veda - Mantra,8,35,C,G,
2618,426/19,"???? ?????
???ta s?kta",,PL,TU,26x5,48 To 48 To 1,Veda - Mantra,8,35,C,G,
2619,426/2,"????? ?????
ruhya s?kta",,PL,Tu,26x5,25.26,Veda - Mantra,8,35,Inc.,G,
2620,426/20,"????????? ?????
r?k??ghna s?kta",,PL,Tu,26x5,48 To 1 To 49,Veda - Mantra,8,35,C,G,
2621,426/21,"?????? ?????
k?v?ri s?kta",,PL,Tu,26x5,49 To 1 To 50,Veda - Mantra,8,35,C,G,
2622,426/22,"??????? ?????
a?vattha s?kta",,PL,Tu,26x5,50 To ,Veda - Mantra,8,35,C,G,
2623,426/23,"???? ?????
?r? s?kta",,PL,TU,26x5,50 To 51 To 1,Veda - Mantra,8,35,C,G,
2624,426/24,"??????? ?????
lak?m? s?kta",,PL,Tu,26x5,51 To 1 To 54,Veda - Mantra,8,35,C,G,
2625,426/25,"????? ?????
gr?ma s?kta",,PL,Tu,26x5,54 To 57,Veda - Mantra,8,35,C,Go,
2626,426/27,"???????????
grahajapama?tra",,PL,Tu,26x5,57 To 57 To 1,Veda - Mantra,8,35,C,G,
2627,426/28,"???? ?????
v?yu s?kta",,PL,Tu,26x5,57 To 1 To 58,Veda - Mantra,8,35,C,OD,
2628,426/29,"??????????
agnis?kta",,PL,TU,26x5,58,Veda - Mantra,8,35,C,GO,
2629,426/3,"??? ?????
saura s?kta",,PL,TU,26x5,26 To 29,Veda - Mantra,8,35,C ,GO,
2630,426/30,"????? ?????
rudra s?kta",,PL,Tu,26x5,58 To 58 To 1,Veda - Mantra,8,35,C,GO,
2631,426/31,"?????????????
abhi?rava?ama?tra",,PL,Tu,26x5,58 To 1 To 62,Veda - Mantra,8,35,C,OD,
2632,426/32,"?????? ?????
durg? s?kta",,PL,Tu,26x5,62 To 1 To 63,Veda - Mantra,8,35,C,OD,
2633,426/33,"???? ?????
anna s?kta",,PL,Tu,26x5,63 To 66,Veda - Mantra,8,35,C,Go,
2634,426/34,"???????????
rudr?dhy?ya",,PL,Tu,26x5,67 To 75,Veda - Mantra,8,35,C,OD,
2635,426/35,"????? ???
pavam?na khila",,PL,TU,26x5,75 To 76,Veda - Mantra,8,35,Inc.,OD,
2636,426/36,"??????? ???????
?r?ddha pray?ga?",,PL,Tu,26x5,76 To 1 To 77, G- Prayoga   ,8,35,C ,OD,
2637,426/37,"??????? ?????
pa?cagavya vidhi?",,PL,Tu,26x5,77 To 1 To 78, G- Prayoga   ,8,35,C ,OD,
2638,426/38,"?????????? ???? ?????
madhy?nhika karma vidhi?",,PL,Tu,26x5,78 To 78 To 1, G- Prayoga   ,8,35,C ,G,
2639,426/39,"?????? ?????
aup?san? vidhi?",,PL,TU,26x5,78 To 1 To 79, G- Prayoga   ,8,35,C ,G,
2640,426/4,"????? ????
agni m??e",,PL,Tu,26x5,30,Veda - Mantra,8,35,C,G,
2641,426/40,"??????????? ?????
sa?dhy?p?san? vidhi?",,PL,Tu,26x5,79 To 1 To 80, G- Prayoga   ,8,35,C ,G,
2642,426/5,"????? ?????
puru?a s?kta",,PL,TU,26x5,31 To 34,Veda - Mantra,8,35,C,G,
2643,426/6,"??????? ?????
m??galya s?kta",,PL,TU,26x5,34 To 34 To 1,Veda - Mantra,8,35,C,G,
2644,426/7,"?????? ?????
?yu?ya s?kta",,PL,Tu,26x5,34 To 1 To 35,Veda - Mantra,8,35,C,G,
2645,426/8,"??? ??? ?????
mah? saura s?kta",,PL,Tu,26x5,35 To 37,Veda - Mantra,8,35,C,GO,
2646,426/9,"???? ?????
??kala s?kta",,PL,Tu,26x5,37 To 1 To 38,Veda - Mantra,8,35,C,G,
2647,427,"???????
r?m?ya?a?",,P,D,34x12,1 To 125,Itihasa,11,55,Ine,G,
2648,427/1,"??? ?????? ?????
udaka ???ti? vidhi?",,PL,Tu,24.5x6,1 To 38, G- Prayoga   ,9,30,C,G,
2649,427/10,"???? ??????
ruc? pr?ci",,PL,Tu,24.5x6,95 To 97,Vedanga,9,30,C,G,
2650,427/11,"?????? ???????
i?atv? kalpayati",,PL,GR,24.5x6,98 To 106, G- Prayoga   ,9,30,C,G,
2651,427/2,"?????????????
abhi?rava?ama?tra",,PL,Tu,24.5x6,39 To 55,Veda - Mantra,9,30,C,G,
2652,427/3,"???? ?????
anna s?kta",,PL,TU,24.5x6,56 To 62,Veda - Mantra,9,30,C,G,
2653,427/4,"????????????????
satyatapayup?khy?na?",,PL,Tu,24.5x6,63.65,Vedanga,9,30,C,G,
2654,427/5,"??? ?????
cara?a vy?ha",,PL,TU,24.5x6,65 To 69,Vedanga,9,30,C,G,
2655,427/6,"??????
itih?sa",,PL,TU,24.5x6,69 To 76,Vedanga,9,30,C,G,
2656,427/7,"???????????
s?m?tpatti",,PL,Tu,24.5x6,76 To 78,Vedanga,9,30,C,G,
2657,427/8,"???? ????????
n?rada vy?khy?",,PL,Tu,24.5x6,78 To 81, G- Prayoga   ,9,30,C,G,Scribe : Kucca Bhatta 
2658,427/9,"???????? ?????
k??m???a s?kta",,PL,Tu,24.5x6,82 To 94,Veda - Mantra,9,30,C,G,
2659,428,"?????? ????????
r?m?ya?a mah?ma?tra",,P,D,31x10.5,1 To 4,Itihasa,13,50,C,GO,
2660,428,"?????? ??????
?gv?da sa?hit?",,PL,TU,29x6,7 To 73,Samhita,11,32,C,ODW,
2661,429,"??????? ???? ????????
g?yatr? h?daya st?tra?",,P,D,20x11,1 To 8,Stotra,10,25,C,G,
2662,429/1,"???? ??????????
d?v? m?h?tmya?",,PL,TU,24.5x4.5,2 To 53,Purana,7,35,Inc.,ODW,From : Markandeya Purana 
2663,429/2,"?????? ????????
argal? st?tra?",,PL,Tu,24.5x4.5,54 To 57,Stotra,7,35,C,O ,
2664,429/3,"???? ????
d?v? h?daya",,PL,Tu,24.5x4.5,57 To 58,Stotra,7,35,C,G ,
2665,429/4,"???? ????
d?v? kavaca?",,PL,TU,24.5x4.5,58 To 63,Stotra,7,35,C,OD ,
2666,430,"???????
r?m?ya?a?",,P,D,31x10.5,1 To 118,Itihasa,9,35,Ine,GO,
2667,430,"?????? ??????
?gv?da sa?hit?",,PL,TU,34 x 5.5,1 To 154,Samhita,11,58,Ine,OD,I to IV Astaka
2668,431/1,"????? ???????
?ukra k???aka?",,PL,N. Na,34x5.5,1 To 60,Jautisha,11,26,Inc.,OD,
2669,431/2,"??????? ????????????
ravy?di madhy?pada?g?ni",,PL,TU,34x5.5,1 To 14,Jautisha,11,26,C,GO,
2670,432/1,"?????????? ????????
i?dr?k?i st?tra?",, PL,Tu,37x6,1 To 2,Stotra,9,43,C,G,
2671,432/10,"?????? ?????
v?dap?da stava?",Vyasa,PL,TU,37x6,5folios,Stotra,9,43,C,OD,""""
2672,432/11,"??????????
??rad???aka?",,PL,TU,37x6,One,Stotra,9,43,C,G,
2673,432/12,"???????????? ????????
gaj??dram?k?a st?tra?", Vyasa,PL,Tu,37x6 ,One,Stotra,9,43,Inc.,O,
2674,432/13,"??????
bh?gavata?", Vyasa,PL,TU,37x6,10Folios,Purana,9,43,Inc.,OD ,
2675,432/2,"??? ????????
?iva st?tra?",,PL,TU,37x6,One,Stotra,9,43,C,O,
2676,432/3,"????? ????? ????????
ga?apati v?dapada st?tra?",,PL,Tu,37x6,One,Stotra,9,43,C,G,
2677,432/4,"????????????? ????????
dak?i??m?rti st?tra?",Sankaracarya,PL,Tu,37x6,One,Stotra,9,43,C ,G,
2678,432/5,"?????? ????????
prad??a st?tra?",,PL,TU,37x6,One,Stotra,9,43,C,G,""""
2679,432/6,"????????????????????
dak?i??m?rtiy???aka?",,PL,Tu,37x6,One,Stotra,9,43,C,G,
2680,432/7,"??????? ????????
?anai?cara st?tra?",,PL,TU,37x6,One,Stotra,9,43,C,O,
2681,432/8,"???????????
a???dhy?yi",,PL,TU,37x6,10Folios,Vyakarana,9,45,Inc.,OD ,
2682,432/9,"????? ????????
??rad? st?tra?",,PL,TU,37x6,One,Stotra,9,43,C,GO,
2683,433,"?????? ???? ?????
sa?dhy? va?dana vidhi?",,P,Kan,17x11,1 To 19, G- Prayoga   ,8,25,Inc.,O,
2684,433/1,"??? ?????? ?????
udaka ???ti? vidhi?",,PL,Tu,35x6,1 To 40, G- Prayoga   ,9,40,C,G,
2685,433/10,"?????????????
n?r?ya??pani?at",,PL,Tu,35x6,133 To 134,Upanisat,9,40,C,G,
2686,433/11,"????????
n?m?v?ci",,PL,Tu,35x6,134 To 135,Veda - Mantra,9,40,C,G,
2687,433/12,"?????? ??????? ??????? ??????
uttar? ?lgu?i nak?atra ???ti?",,PL,Tu,35x6,135 To 137,Shanti,9,40,C ,G,
2688,433/13,"???? ??????
ruc? pr?ci",,PL,Tu,35x6,137 To 138,Vedanga,9,40,C ,G,
2689,433/2,"??????? ?????
m??galya s?kta",,PL,TU,35x6,41 To 45,Veda - Mantra,9,40,C,G,
2690,433/3,"??? ??????
mah? ny?sa?",,PL,Tu,35x6,45 To 1 To 57, pooja,9,40,C,G,
2691,433/4,"???? ?????
anna s?kta",,PL,TU,35x6,57 To 61,Veda - Mantra,9,40,C,G,
2692,433/5,"????????? ?????
r?k??ghna s?kta",,PL,Tu,35x6,67 To 67,Veda - Mantra,9,40,C,G,
2693,433/6,"???????? ?????
k??m???a s?kta",,PL,Tu,35x6,67 To 82,Veda - Mantra,9,40,C,G,
2694,433/7,"?????????????
abhi?rava?ama?tra",,PL,Tu,35x6,87 To 99,Veda - Mantra,9,40,C,G,
2695,433/8,"???? ?????
ci?i s?kta",,PL,Tu,35x6,100 To 117,Veda - Mantra,9,40,C,G,
2696,433/9,"?????? ?????
n?r?ya?a s?kta",,PL,Tu,35x6,117 To 133,Veda - Mantra,9,40,C,G,
2697,434/1,"??????????? ????????
sau?daryalahari vy?khy?",Laksmidhara,PL,TU,26.5x4,1 To 178,Stotra,9,38,C,GO,
2698,434/2,"??????? ????
sau?darya lahari",Sankaracarya,PL,TU,26.5x4,1 To 9,Stotra,12,50,C,G,
2699,434/3,"??????????
??rad???aka?",Sankaracarya,PL,TU,26.5x4,One,Stotra,12,50,C,G,
2700,435,"????????? ??????
bhagavadg?t? bh??ya?",Sankaracarya,PL,Tu,26.5x4,1 To 154,Gita,9,38,Inc.,GO ,
2701,436/1,"???????? ??????
siddh??ta kaumudi",Sankaracarya,PL,TU,23.5x5.5,1 To 12,Vyakarana,15,30,Inc.,GO ,
2702,436/2,"????? ??????? ????????
v?tta ratn?kara vy?khy?",Srinatha,PL,TU,23.5x5.5,1 To 67,Chanda,14,35,C,GO,"Plava Sam Mithuna Masa, "
2703,437/10,"???? ???
tau?ava d??a",,PL,Tu,35x5.5,43 To 52,General,10,54,Inc.,GO,"Script : tulu, Language : Kannada"
2704,437/11,"?? ?????
jala lak?a?a",,PL,TU,35x5.5,52 To 59,Jautisha,10,54,C,G,
2705,437/12,"?????????? ?????
s?mudrik? lak?a?a",,PL,TU,35x5.5,59 To 65,Jautisha,10,54,C,G,
2706,437/13,"?????? ?????
str? lak?a?a",,PL,TU,35x5.5,65 To 1 To 71,Jautisha,10,54,Inc.,GO,
2707,437/14,"??????? ????
?y?mal? da??aka",Sankaracarya,PL,TU,35x5.5,71 To 1 To 73,Stotra,10,54,C,G,
2708,437/15,"????????????
n?rad?yapur??a?",Vyasa,PL,Tu,35x5.5,73 To 142,Purana,10,54,Inc,GO,
2709,437/2,"????????
pur??as?ra",,PL,Tu,35x5.5,1 To 4,Purana,10,54,Inc,GO,V Adhyaya Jati Nirnaya
2710,437/3,"????? ??????
ska?da pur??a?",Vyasa,PL,Tu,35x5.5,4 To 1 To 6,Purana,10,54,Inc.,G,Sahyadri Kanda
2711,437/4,"????????????
vijñ?n??vara",,PL,N.Na,35x5.5,6 To 7,Shaivagama,10,54,Inc.,G ,
2712,437/5,"??????????? ???
sm?ty?rtha s?ra",,PL,TU,35x5.5,7 To ,Smriti,10,54,Inc.,GO ,
2713,437/6,"???? ???
tau?ava d??a",,PL,Tu,35x5.5,7 To 13,General,10,54,Inc.,GO,Script : Tulu language : Kannada
2714,437/7,"?????? ??????????
y?gin? muttapa??i",,PL,TU,35x5.5,1,Stotra,10,54,Inc.,GO,
2715,437/7,"????????????
vijñ?n??vara",,PL,TU,35x5.5,1 To 2,Shaivagama,8,28,Inc.,G,
2716,437/8,"??????????? ???
sm?ty?rtha s?ra",,PL,TU,35x5.5,16 To 1 To 17,Smriti,10,54,Inc.,GO,
2717,437/9,"????? ??????
ska?da pur??a?",,PL,Tu,35x5.5,17 To 43,Purana,10,54,Inc.,GO,"Sahyadri Kanda Uttara Bhaga, "
2718,438,"??????? ??????????
k?rtika m?h?tmya?",,PL,Tu,39x5,17 To 43,Purana,9,64,Inc.,O,""""
2719,439/1,"?????? ??????????
k?v?ri m?h?tmya?",,PL,Tu,26x4,72 To 94,Purana,12,42,C,G,1-10 Adhyaya 
2720,439/2,"???????? ??????????
g?h??vara m?h?tmya?",,PL,Tu,26x4,94 To 97,Purana,12,42,Inc,OD,
2721,440,"??????
bh?gavata?",,PL,Tu,35.5x5,4 To 280,Purana,9,55,Inc.,ODW ,"I, II, III Skanda "
2722,441,"???? ??????
j?taka paddhati",,PL,TU,29x3.5,1 To 73,Jautisha,8,35,C,GOD ,"Saka-1773, Year-1852 Sadharana Sam"
2723,442,"?????????? ???? ???
satyan?r?ya?a vrata kath?",,PL,Tu,34.5x5,1 To 18,Vrata-Katha,8,30,C,G,From : Skanda purana 
2724,443,"??????
bh?gavata?",,PL,TU,36x5,2 To 258,Purana,9,48,Inc.,OD,a
2725,444,"??????
bh?gavata?",,PL,TU,33x4,1 To 148,Purana,8,42,Inc.,O,X Skanda
2726,445/1,"??????? ??
?i?up?la vadha",Magha,PL,TU,31x3.5,1 To 94,Kavya,8,40,Inc.,ODW,1 To 13 Sarga
2727,445/2,"????????
m?ghasa?d??a",Kalidasa,PL,TU,31x3.5,98 To 121,Kavya,8,40,Inc.,ODW,1-46Sloka
2728,446,"??????
bh?gavata?",Kalidasa,PL,TU,24.5x6,67 To 159,Purana,12,38,Inc. ,OD,X Skanda
2729,447,"??????????? ????
bha??ik?vya? ??k?",Jaya Mangala Tika,PL,TU,37x5,1 To 142,Kavya,10,40,Inc.,O,I-XIII Sarga
2730,448,"????????? ????????
b?hajj?taka vy?khy?",,PL,TU,29.5x5,1 To 298,Jautisha,9,28,Inc.,O,"Saka-1769 Year-1848, Jaya Sam, "
2731,449/1,"???????????????
n?mali?g?nu??sana?",,PL,TU,37x5,1 To 42,Nighantu,11,55,Inc.,OD,
2732,449/2,"??????????????? ????
n?mali?g?nu??sana? ??k?",,PL,Tu,37x5,1 To 14,Nighantu,13,75,Inc.,O,Kannada language
2733,449/3,"???? ????
sam?sa cakra",,PL,TU,37x5,1 To 27,Vyakarana,10,45,Inc.,OD ,
2734,450,"?????? ??????????
s?kti mukt?va?i?",Immadi Devaraja,PL,TU,37x6,2 To 40,Kavya,12,48,Inc.,GO,"(1 To 10 Sloka Missing, Bala - Ayodhya, "
2735,451,"???????
r?m?ya?a?",Valmiki,P,D,32x10,1 To 195,Itihasa,10,39,Ine,Go,
2736,451/1,"????????
r?p?vat?ra",Dharmakiriti,PL,TU,35.5x4.5,1 To 106,Vyakarana,10,65,C,ODW,
2737,451/2,"???? ????????
nai?adha vy?khy?",Narayana,PL,TU,35.5x4.5,117 To 130,Kavya,10,65,Inc. ,ODW,
2738,452,"?????? ????
pray?ga ratna",?????? ????,P,D,20x10.5,1 To 280, G- Prayoga   ,9,27,C,Go.,
2739,452/1,"???????
mah?n??aka",,PL,TU,35.5x4.5,1 To 35,Kavya,10,55,C,OD,
2740,452/2,"?????????? ????????
g?t?g?vi?da vy?khy?",Kumbha Karna,PL,TU,35.5x4.5,36 To 97,Kavya,10,55,C,O,
2741,452/3,"????????
m?ghasa?d??a",Kedara Mitra,PL,TU,35.5x4.5,97 To 141,Kavya,10,55,C,G,
2742,452/4,"????? ????????
na??daya vy?khy?",Iswara Bhatta,PL,TU,35.5x4.5,142 To 177,Kavya,10,55,C,O,"Pramoda Sam Palguna masa, Krishna "
2743,453/1,"?????? ???????
sm?ti sa?graha?",Manmatha,PL,TU,31x5.5,1 To 91,Smriti,9,30,C,O,
2744,453/2,"??????? ??????
?r?ddha nir?aya",,PL,Tu,31x5.5,91 To 1 To 96, G- Prayoga   ,9,30,Inc,O,
2745,453/3,"?????? ???????
sm?ti sa?graha?",,PL,TU,31x5.5,96 To 104,Smriti,9,30,Inc.,O,Scribe : Ramacandra Bhatta
2746,454,"????? ?????????
k???a yajusmit?",,PL,Tu,49x5,1 To 268,Samhita,9,63,C,ODW,
2747,455/1,"???????? ??????
siddh??ta kaumudi",PL,TU,TU,49x5.5,1 To 19,Vyakarana,16,80,Inc.,OD ,
2748,455/10,"???????? ??????
??val?yana sm?ti",Asvalayana,PL,TU,49x5.5 ,123 To 161,Samhita,16,80,C,O,
2749,455/2,"???????? ????? ?????
??val?yana g?hya s?tra",????????,PL,Tu,49x5.5,19 To 1 To 26,Grahyasutra,16,80,C ,O,
2750,455/3,"????? ????????
agni st?tra?",,PL,Tu,49x5.5,One,Stotra,16,80,C,G,
2751,455/4,"??????????
svar???aka?",,PL,TU,49x5.5,26 To ,Stotra,16,80,C ,O,
2752,455/5,"??????? ???
sa?k??pa s?ra",,PL,TU,49x5.5,26 To 1 To 28 To 1,Vedanga,16,80,C ,O,
2753,455/6,"?????????????
pad?nukrama?ik?",,PL,TU,49x5.5,28 To 1 To 29,Vyakarana,16,80,C,G,
2754,455/7,"?????? ????????
avar?i vy?khy?",,PL,TU,49x5.5,30 To 31,Vedanga,16,80,Inc.,O,
2755,455/8,"?????? ?????? ??????
?gv?da sa?hit? bh??ya?",,PL,TU,49x5.5,32 To 110,Samhita,16,80,Inc.,O,
2756,455/9,"??????? ?????????
sm?rta prad?pik?",,PL,Tu,49x5.5,111 To 122, G- Prayoga   ,16,80,Inc. ,O,
2757,456,"?????? ??????
?gv?da sa?hit?",,PL,TU,53x 4.5,1 To 190,Samhita,8,55,Inc. ,OD,"V, VI, VII & VIII Astaka"
2758,456/89,"???????
l?l?vat?",Bhaskaracarya,PL,N. Na,48x6,1 To 59,Jautisha,8,90,Inc.,G,
2759,456/90,"???????? ???????
sidd??ta ?ir?ma?i",Bhaskaracarya,PL,N. Na,48x6,60 To 95,Jautisha,10,92,C,G,
2760,456/92,"????? ????????
ya?tra ci?t?ma?i",,PL,N. Na,48x6,221 To 229,Tantra Mantragama,13,92,C,OD,
2761,457,"??????????? ??????
brahmas?tra bh??ya?",,PL,TU ,55x4.5,1 To 142,Jautisha,7,62,Inc.,ODW ,
2762,458,"??????
bh?gavata?",,PL,TU,49x6,70Folios,Purana,9,73,Inc.,ODW ,
2763,458/10,"????? ???????
s?ma?ta pray?ga?",,PL,N.Na,43x3.5,176 To 193, G- Prayoga   ,14,121,Inc.,G,
2764,458/13,"???? ????
d?g ga?ita",,PL,TU,16.5x5,29 To 30,Ganita,9,25,C,OD ,"Script: Tulu, Language-Kannada"
2765,458/15,"???? ???? ????????
d?g ga?ita vy?khy?",,PL,TU,16.5x5,33 To 44,Ganita,9,25,C,G,""""
2766,459/1,"??? ?????? (??????)
k?la nir?aya (m?dhav?ya)",Madhavacarya,PL,""" ",32.5x3.5,1 To 108,Jautisha,10,55,C,O,
2767,459/2,"???????
r?m?ya?a?",Narahari Bhatta,PL,Tu,32.5x3.5,1 To 102,Itihasa,10,55,C,O,1-300 Sargas
2768,460,"????? ????????
aitar?ya br?hma?a",,PL,Tu,37x5.5,1 To 136,Brahmana,11,58,C,OD,
2769,461/1,"???????
?ivag?t?",,PL,Tu,36x5.5,1 To 53,Gita,12,50,C,G ,From : Padma Purana
2770,461/2,"??????? ????
ve?ka???a kalpa",,PL,Tu,36x5.5,1 To 7, pooja,10,32,Inc.,OD,
2771,462,"??????? ?????
muh?rta darpa?a",Vidya Madhava,PL,TU,45x5,96Folios,Jautisha,9,60,Inc.,ODW ,
2772,463/1,"????? ??????????
vai??kha m?h?tmya?",Vidya Madhava,PL,Tu,34x5,43 To 77,Purana,11,68,Inc.,O,""""
2773,463/2,"????? ??????????
jaya?t? m?h?tmya?",Vidya Madhava,PL,Tu,34x5,78 To 81,Purana,11,68,C,GO,From : Skanda Purana
2774,463/3,"???????? ?????????
?gmimukha ma?tr?rtha",,PL,Tu,34x5,68 To 73 To 1,Veda - Mantra,10,68,C,G,
2775,463/5,"???????? ?????
s??a?akarma vidh?na",,PL,Tu,34x5,73 To 75, G- Prayoga   ,11,68,Inc ,OD,
2776,464,"?????? ???????
n?rad?ya r?jadharma",Naradiya,PL,TU,36x5,1 To 82,Neeti,13,45,C,G,
2777,465/1,"????????? ????
bhagavadg?t? ??k?",Sridhara Swami,PL,Tu,33x5.5,13 To 112,Gita,14,55,Inc.,ODW,Subodhini 
2778,465/2,"?????????????? ????????
vi??usahasran?ma st?tra?",Sridhara Swami,PL,TU,35x5.5,112 To 115,Stotra,14,55,Inc.,ODW ,
2779,466,"?????? ?????
pray?ga darpa?a",,PL,Tu,39.5x6,4 To 45, G- Prayoga   ,10,50,Inc.,O,
2780,467,"????? ????????
aitar?ya br?hma?a",,PL,Tu,31.5x4.5,1 To 148,Brahmana,11,43,Inc.,OD,I to VI panchika
2781,468/1,"??????? ???????
pu?y?ha pray?ga?",,PL,Tu,36x5.5,1 To 7, G- Prayoga   ,10,42,C,OD ,
2782,468/10,"??????? ???????
caulakarma pray?ga?",,PL,Tu,36x5.5,27 To 1 To 29, G- Prayoga   ,10,42,C,O,
2783,468/11,"????? ???????
upanayana pray?ga?",,PL,Tu,36x5.5,29 To 1 To 32, G- Prayoga   ,10,42,C ,GO,
2784,468/12,"???????????
anupravacan?ya",,PL,Tu,36x5.5,32 To 1 To 33, G- Prayoga   ,10,42,C,O,
2785,468/13,"???? ??? ???????
m?dh? janana pray?ga?",,PL,Tu,36x5.5,33 To 33 To 1, G- Prayoga   ,10,42,C,Go,
2786,468/14,"??????? ???????
up?karma pray?ga?",,PL,TU,36x5.5,33 To 1 To 37, G- Prayoga   ,10,42,C,O,
2787,468/15,"?????? ??????
?r?dhan? paddhati",,PL,Tu,36x5.5,37 To 44, G- Prayoga   ,10,42,C,OD,
2788,468/16,"????? ???????
viv?ha pray?ga?",,PL,Tu,36x5.5,44 To 46, G- Prayoga   ,10,42,C ,OD,
2789,468/17,"????????? ??? ?????
g?haprav??a h?ma vidhi?",,PL,Tu,36x5.5,46 To 47, G- Prayoga   ,10,42,C,OD,
2790,468/2,"????? ??? ?????
n??di mukha vidhi?",,PL,TU,36x5.5,8 To , G- Prayoga   ,10,42,C,GO,
2791,468/3,"????????? ???????
sth?l?p?ka pray?ga?",,PL,TU,36x5.5,8 To 17, G- Prayoga   ,10,42,C,GOD,
2792,468/4,"???????? ?????
garbh?d?na vidhi?",,PL,Tu,36x5.5,17 To 1 To 21, G- Prayoga   ,10,42,C ,OD,
2793,468/5,"?????? ???????
pu?savana pray?ga?",,PL,Tu,36x5.5,21 To 1 To 24, G- Prayoga   ,10,42,C ,O,
2794,468/6,"????? ???????
s?ma?ta pray?ga?",,PL,Tu,36x5.5,24 To 25, G- Prayoga   ,10,42,C,GO,
2795,468/7,"?????? ??? ???????
vi??u bali pray?ga?",,PL,Tu,36x5.5,25 To 1 To 26, G- Prayoga   ,10,42,C ,O,
2796,468/8,"??? ???? ???????
j?ta karma pray?ga?",,PL,Tu,36x5.5,26 To 27, G- Prayoga   ,10,42,C,O,
2797,468/9,"??????
n?makara?a",,PL,Tu,36x5.5,27 To 27 To 1, G- Prayoga   ,10,42,C ,O,
2798,469/1,"??????? ???????
pu?y?ha pray?ga?",,PL,Tu,3.5x4.5,1 To 2, G- Prayoga   ,11,58,C,ODW,
2799,469/10,"??????? ???????
caulakarma pray?ga?",,PL,Tu,35x4.5,22 To 1 To 23, G- Prayoga   ,11,58,C,ODW,
2800,469/11,"????? ???????
upanayana pray?ga?",,PL,Tu,35x4.5,23 To 1 To 28, G- Prayoga   ,11,58,C ,ODW,
2801,469/12,"????? ??????????
agni k?ryavidhi?",,PL,TU,35x4.5,28 To 1 To 29, G- Prayoga   ,11,58,C,ODW,
2802,469/13,"??????????????? ?????
up?karm?tparjana vidhi?",,PL,TU,35x4.5,29 To 1, G- Prayoga   ,11,58,Inc.,ODW,
2803,469/14,"????? ???????? ????????????
upanayana vrata?l?pa pr?ya?citta",,PL,Tu,35x4.5,32 To 32 To 1, G- Prayoga   ,11,58,C,ODW,
2804,469/15,"???????? ???????
sam?vartana pray?ga?",,PL,Tu,35x4.5,32 To 1 To 36, G- Prayoga   ,11,58,C,ODW,
2805,469/16,"????? ???????
viv?ha pray?ga?",,PL,Tu,35x4.5,36 To 1 To 37, G- Prayoga   ,11,58,C,ODW,
2806,469/17,"????????? ??? ?????
g?haprav??a h?ma vidhi?",,PL,Tu,35x4.5,44 To 1 To 47, G- Prayoga   ,11,58,Inc.,ODW,
2807,469/18,"???????? ?????
paur?am?sa vidhi?",,PL,Tu,35x4.5,47 To 48, G- Prayoga   ,11,58,Inc.,DW,
2808,469/19,"?????????? ?????
am?v?sy?ya vidhi?",,PL,TU,35x4.5 ,48 To 1 To 50, G- Prayoga   ,11,58,Inc.,DW,
2809,469/2,"????? ??? ???????
agni mukha pray?ga?",,PL,Tu,35x4.5,2 To 4, G- Prayoga   ,11,58,C,ODW,
2810,469/20,"???????? ?????
vai?vad?va vidhi?",,PL,Tu,35x4.5,49 To 1 To 54, G- Prayoga   ,11,58,Inc,DW,
2811,469/21,"??? ???????
apara pray?ga?",,PL,Tu,35x4.5,54 To 72, G- Prayoga   ,11,58,Inc.,ODW,
2812,469/22,"?????? ???
n?r?ya?a bali",,PL,Tu,35x4.5,73 To 1 To 79, G- Prayoga   ,11,58,C,O,
2813,469/23,"???????? ??? ??????
k??m???a h?ma pray?ga",,PL,Tu,35x4.5,79 To 83, G- Prayoga   ,11,58,C,GO,
2814,469/24,"??????? ????????
abhya?kara h?mavidhi?",,PL,TU,35x4.5 ,83 To 84, G- Prayoga   ,11,58,C,O,
2815,469/25,"?????????? ??????
v???tsarga nir?aya",,PL,Tu,35x4.5,84 To 86, G- Prayoga   ,11,58,Inc,O,
2816,469/27,"????? ????????
putra parigraha?a",,PL,Tu,35x4.5 ,87 To 89 To 1, G- Prayoga   ,11,58,Inc.,ODW,
2817,469/29,"????? ?????
agni lak?a?a",,PL,TU,35x4.5,90 To 1 To 91, G- Prayoga   ,11,58,C,ODW,
2818,469/3,"???????? ?????
garbh?d?na vidhi?",,PL,Tu,35x4.5,4 To 1 To 15, G- Prayoga   ,11,58,C,ODW,
2819,469/30,"????? ?????
?r?ha?a vidhi?",,PL,Tu,35x4.5,91 To ,Shanti,11,58,C,DW,
2820,469/31,"????? ??????
graha?a ???ti?",,“,Tu,35x4.5,91 To 92 To 1,Shanti,11,58,C ,DW,From Matsya Purana
2821,469/32,"????? ??????
graha?a ???ti?",,“,Tu,35x4.5,92 To 1 To 93,Shanti,11,58,C ,Dw,Saunakiya
2822,469/33,"??? ??????
?tu ???ti?",,PL,Tu,35x4.5,93 To 95,Shanti,11,58,C,DW,Saunakiya 
2823,469/34,"????????? ????? ??????
am?v?sy? prasava ???ti?",,PL,Tu,35x4.5,95 To 1 To 96,Shanti,11,58,C,ODW,Pitamaha
2824,469/35,"?????? ??????
valm?ka ???ti?",,PL,Tu,35x4.5,96 To 97,Shanti,11,58,C ,DW,""""
2825,469/37,"??????? ??? ??????
vi?an??i janana ???ti?",,PL,Tu,35x4.5,97 To 97 To 1,Shanti,11,58,C,DW,Vrddha Gargyokta
2826,469/38,"???? ??????
kadal? ???ti?",,PL,Tu,35x4.5,98 To ,Shanti,11,58,C ,DW,
2827,469/39,"???? ??????
kadal? ???ti?",,PL,Tu,35x4.5,98 To 98 To 1,Shanti,11,58,C,DW,
2828,469/4,"?????? ??? ???????
vi??u bali pray?ga?",,PL,Tu,35x4.5,15 To 16, G- Prayoga   ,11,58,C,CDW,
2829,469/40,"??? ????? ????? ??????
k?ka sa?y?ga dar?ana ???ti?",,PL,Tu,35x4.5,98 To 1 To 99,Shanti,11,58,C,DW,
2830,469/41,"???? ??????
kap?ta ???ti?",,PL,Tu,35x4.5,99,Shanti,11,58,C ,ODW,
2831,469/42,"???? ??????
kuh? ???ti?",,PL,Tu,35x4.5,99 To 100,Shanti,11,58,C,OD,
2832,469/43,"?????? ??????
?ithili ???ti?",,PL,Tu,35x4.5,100 To 100 To 1,Shanti,11,58,C,OD,
2833,469/45,"???? ??? ??????
sada?ta janana ???ti?",,PL,Tu,35x4.5 ,100 To 1 To 101,Shanti,11,58,C,OD,
2834,469/46,"??????? ??????
svapn? ???ti?",,PL,Tu,35x4.5,101 To 101 To 1,Shanti,11,58,C,DW,
2835,469/47,"???? ??????
v?yasa ???ti?",,PL,Tu,35x4.5,101 To 1 To 102,Shanti,11,58,C,OD,Gauthama 
2836,469/48,"????????????? ??????
am?v?sy?rtava ???ti?",,PL,Tu,35x4.5,102,Shanti,11,58,C ,OD,
2837,469/49,"??????? ??????
??l??? ???ti?",,PL,TU,35x4.5,102 To 1 To 103,Shanti,11,58,C,OD,
2838,469/5,"??? ???? ???????
j?ta karma pray?ga?",,PL,Tu,35x4.5,16 To 18, G- Prayoga   ,11,58,C,ODW,
2839,469/51,"??????? ???????
g?yatr? r?m?ya?a?",,Tu,37x5,35x5.5,108 To 109,Itihasa,8,50,Inc.,ODW,
2840,469/52,"????????
maunasn?na",,PL,Tu,35x4.5,1 To 5,Vrata,9,55,C,OD,
2841,469/53,"???????? ????? ?????
m?ttik? sn?na vidhi?",,PL,Tu,35x4.5,6 To 9, G- Prayoga   ,9,55,C ,OD,
2842,469/54,"?????? ?????
s?mav?ra vrata?",,PL,Tu,35x4.5,9 To 17,Vrata,9,55,C ,OD,
2843,469/55,"??? ?????
d?na ma?tra",,PL,TU,35x4.5,17 To 26,Tantra Mantragama,9,55,Inc.,ODW,
2844,469/56,"??????????? ?????
?anitray?da?? vrata?",,PL,Tu,35x4.5,26 To 1 To 27,Vrata,9,55,Inc.,OD,From : Adityapurana
2845,469/57,"?????? ????? ????????
vi??u bhuja?ga st?tra?",,PL,TU,35x4.5,1 To 4,Stotra,9,55,Inc.,ODW,
2846,469/6,"??????
n?makara?a",,PL,Tu,35x4.5,18 To 20, G- Prayoga   ,11,58,C,ODW,
2847,469/7,"???????????
upani?krama?a",,PL,Tu,35x4.5,20, G- Prayoga   ,11,58,C,ODW,
2848,469/8,"?????????? ?????
annapr??ana vidhi?",,PL,Tu,35x4.5,21 To 22 To 1, G- Prayoga   ,11,58,C ,ODW,
2849,469/9,"???? ?????
kar?a ma?tra",,PL,Tu,35x4.5,21 To 1 To 22, G- Prayoga   ,11,58,C,ODW,
2850,470/1,"??????? ??????????
k?rtika m?h?tmya?",,PL,Tu,34x6,1 To 60,Purana,12,52,C,G,""""
2851,470/2,"??????? ??????????
k?rtika m?h?tmya?",,PL,Tu,34x6,60 To 93,Purana,12,52,C,G,From : Purana Sara 
2852,470/3,"??????? ??????????
k?rtika m?h?tmya?",,PL,Tu,34x6,93 To 152,Purana,12,52,C,G ,From : Skanda Purana 
2853,470/4,"?????? ??????????
d?pad?na m?h?tmya?",,PL,Tu,34x6,152 To 153,Purana,12,52,C,G,From : Brahma Purana 
2854,470/5,"??? ??????????
m?gha m?h?tmya?",,PL,Tu,34x6,153 To 213,Purana,12,52,C,G ,"From : Vayu Purna, Scribe : Vittala "
2855,470/6,"?????? ??????????
k?v?ri m?h?tmya?",,PL,Tu,34x6,214 To 229,Purana,12,52,C,G,"From : Skanda Purana, parabhava sam, "
2856,470/7,"???????? ???? ??????????
s?lagr?ma ?il? m?h?tmya?",Vyasa,PL,Tu,34x6,229 To 232,Purana,12,52,C,G,From : Dharma samlita
2857,470/8,"?? ???? ?????
vana bh?jana vidhi?",,PL,Tu,34x6,82,Vrata,12,52,C,G , 
2858,471,"????? ????????? ???
v?t?la pa?cavi??ati kath?",,PL,TU,33x5.5,1 To 81,Gadya - Katha,15,50,Inc.,ODW,1-32 Upakhyana
2859,472/1,"????????
pa?cata?tra",Vishnusarma,PL,TU,23x4.5,1 To 139,Gadya - Katha,10,25,C,G,"Shoba Krtu sam, Chaitra Amavsaya "
2860,472/2,"????????
ca?dral?ka",Vishnusarma,PL,TU,23x4.5,12 To 20,Alankara,10,25,C,G ,
2861,472/3,"????? ???????
v?tta ratn?kara",Kedara,PL,TU,23x4.5,21 To 29,Chanda,10,25,C,G,1-6 Adhyaya
2862,473/1,"??????? ????
g?yatr? h?daya",,PL,Tu,34x4.5,1 To 6,Stotra,9,40,C,OD ,
2863,473/2,"?????? ??????
?gv?da sa?hit?",,PL,TU,34 x 4.5,1 To 71,Samhita,9,40,C,OD,III Astaka
2864,473/3,"??? ?????
cara?a vy?ha",,PL,TU,34x4.5,1 To 3,Vedanga,9,40,Inc.,O,
2865,474/1,"????? ???? ????????
lak?a?a m?l? vy?khy?",,PL,TU,28x4,1 To 94,Chanda,7,50,C,ODW,
2866,474/2,"?????? ???
prapa?ca s?ra",Sankara Carya,PL,TU,28x4,12Folios,Tantra Mantragama,7,50,Inc.,ODW,"I, II, III, IV, V Patala"
2867,474/3,"?????????? ????????
k?vy?dar?a vy?khy?",Vacaspati,PL,TU,28x4,54Folios,Alankara,7,50,Inc.,ODW,
2868,475,"???????????????
n?mali?g?nu??sana?",Vacaspati,PL,TU,25x4.5,1 To 93,Nighantu,8,28,C,GO,Scribe : Krishna Sastri
2869,476/1,"????? ????? ????????
upad??a s?tra vy?khy?",,PL,TU,27x4.5,2 To 33,Neeti,10,32,Inc.,OD,Script : Tulu Kannada Tika
2870,476/2,"??? ??????? ??????
s?ra sa?graha? sm?ti",,PL,TU,27x4.5,28 To 34,Smriti,10,32,Inc.,OD,
2871,477/1,"?????????? ??????????
?a?karan?r?ya?a m?h?tmya?",,PL,Tu,33x5,1 To 77,Purana,16,57,C,OD,From : Padma Purana
2872,477/2,"????? ??????
ska?da pur??a?",,PL,Tu,33x5,1 To 32,Purana,12,42,Inc.,OD,1-51 Adhyayas Sahyadri Kanda 
2873,478/1,"?????? ????
pray?ga m?l?",???????,PL,Tu,25x5,1 To 42, G- Prayoga   ,14,42,C,GO,
2874,478/2,"??????? ???????
pit?m?dha pray?ga?",,PL,Tu,25x5,42 To 1 To 133, G- Prayoga   ,14,42,C,GO,
2875,479/1,"???? ???????
h?r? ??stra",,PL,TU,23.5x3.5,45Folios,Jautisha,8,34,C ,GO,
2876,479/2,"??????????????
sarasvaty???aka?",,PL,TU,23.5x3.5,3Folios,Stotra,8,34,C,O,
2877,479/3,"??? ?????? ??????
k?la nir?aya d?pik?",Shankara,PL,TU,23.5x3.5 ,34Folios,Jautisha,8,34,C,G,
2878,479/4,"?????? ??? ???
dv?da?a bh?va ?la?",,PL,TU,23.5x3.5,22Folios,Jautisha,8,34,Inc.,GO ,
2879,479/5,"??? ???
y?ga ?la?",,PL,TU,23.5x3.5,4Folios,Jautisha,8,34,Inc. ,GO,
2880,479/6,"???? ???
graha ?la?",,PL,Tu,23.5x3.5,12folios,Jautisha,8,34,Inc.,G,
2881,479/7,"??????? ????
pra?n? bh???",,PL,TU,23.5x3.5,11Folios,Jautisha,8,34,C,G,
2882,479/8,"????? ??????
sa?t?na d?pik?",,PL,TU,23.5x3.5,6Folios,Jautisha,8,34,C ,GO,
2883,479/9,"???? ???
r??i ?la?",,PL,TU,23.5x3.5,5Folios,Jautisha,8,34,Inc. ,G,
2884,480,"???????? ????? ?????
??val?yana g?hya s?tra",????????,PL,Tu,25.5x4.5,28Folios,Grahyasutra,11,35,C ,ODW,
2885,481,"?????? ??????
?gv?da sa?hit?",,PL,TU,40 x 6.5,1 To 40,Samhita,13,50,C ,OD,IV & V Astaka
2886,482/1,"????????????? ?????
r?mapa???bhi??ka vidhi?",,PL,Tu,28x6,1 To , pooja,9,37,C,G,
2887,482/10,"??? ????
a?ga p?j?",,PL,Tu,28x6,48 To 1, pooja,9,37,C ,G,
2888,482/11,"???? ????
patra p?j?",,PL,Tu,28x6,48 To 1, pooja,9,37,C,G,
2889,482/12,"????? ???? ?????
pu?pa p?j? vidhi?",,PL,TU,28x6,48 To 1, pooja,9,37,C,G,
2890,482/12,"??????? ?????
r?manavam? vrata?",,PL,Tu,28x6,48 To 59 To 1,Vrata,9,37,C ,G,
2891,482/13,"??? ???????? ????????
r?ma sahasran?ma st?tra?",,PL,TU,28x6,49 To 57,Stotra,9,37,C,G ,
2892,482/14,"??????????? ????????
r?ma???ttara st?tra?",,PL,TU,28x6,57,Stotra,9,37,C,G,
2893,482/16,"???????? ???? ???
r?majaya?t? vrata kath?",,PL,Tu,28x6,59 To 1 To 62,Vrata-Katha,9,37,C,G,
2894,482/17,"????????????? ?????
r?mapa???bhi??ka vidhi?",,PL,Tu,28x6,62 To 70, pooja,9,37,C,G,
2895,482/2,"????? ?????
puru?a s?kta",,PL,TU,28x6,1 To 1 To 2,Veda - Mantra,9,37,C,G,
2896,482/3,"?????? ?????
vi??u s?kta",,PL,Tu,28x6,2 To 1 To 6,Veda - Mantra,9,37,C,G,
2897,482/4,"???? ?????
v?mana s?kta",,PL,Tu,28x6,6 To 1 To 12,Veda - Mantra,9,37,C,G,
2898,482/5,"???????? ??????
yajurv?da sa?hit?",,PL,28x6,13to45,9,Samhita,37,Inc.,G,,
2899,482/6,"??????? ?????
r?manavam? vrata?",,PL,Tu,28x6,46 To ,Vrata,9,37,C,G,
2900,482/7,"???? ????
?vara?a p?j?",,PL,Tu,28x6,46 To 47, pooja,9,37,C ,G,
2901,482/8,"????????? ????
dv?da?an?ma p?j?",,PL,Tu,28x6,3lIncs, pooja,9,37,C,G,
2902,482/9,"????????? ????
???a??pac?ra p?j?",,PL,Tu,28x6,47 To 48 To 1, pooja,9,37,C,G,
2903,483,"???????? ??????
prakriya kaumudi",,PL,TU,28x4,1 To 99,Vyakarana,9,38,Inc.,O,
2904,484,"???????? ??????
siddh??ta kaumudi",,TU,TU,34.5x5.5,1 To 31,Vyakarana,14,50,Inc.,DW ,
2905,485/1,"?????? ?????
sarvat? bh?dra",,PL,TU,23x5.5,one,Tantra Mantragama,11,35,C,G,
2906,485/2,"??????????
li?gat?bhadra",,PL,TU,23x5.5,One,Tantra Mantragama,11,35,C,G,
2907,485/3,"?????????
ca?drali?ga",,PL,TU,23x5.5,1 To 1 To 2,Tantra Mantragama,11,35,C,G,
2908,485/4,"?????? ????
dv?da?a li?ga",,PL,TU,23x5.5,2 To 2 To 1,Tantra Mantragama,11,35,C,G,
2909,485/5,"????????????????????
s?mav?ram?v?sy?dy?pana",,PL,Tu,23x5.5,1 To 2,Vrata,11,35,C,G,From : Bhavisottara purana
2910,485/6,"?????? ????????????
s?mav?ra vrat?dy?pana?",,PL,TU,23x5.5,2 To 7,Vrata,11,35,C,G ,From : Brahmapurana
2911,486/1,"??? ????
bharata ca?p?",,PL,TU,25.5x5,1 To 45,Campu,10,38,Inc.,O,1-3 Stabakas
2912,486/10,"????????????
n?si?h???aka?",,PL,TU,25.5x5,101 To ,Stotra,10,38,C,G,
2913,486/11,"??????? ????????
t?ratamya st?tra?",,PL,Tu,25.5x5,104,Stotra,10,38,C,G,
2914,486/12,"????????? ??????
brahm???a pur??a?",,PL,Tu,25.5x5,105 To 110,Purana,10,38,Inc,O,
2915,486/13,"???? ????
dharma pi??a",,PL,Tu,25.5x5,111 To 112, G- Prayoga   ,10,38,Inc.,O,
2916,486/14,"??????? ???? ?????
svasti v?cana ma?tra",,PL,TU,25.5x5,113,Veda - Mantra,11,50,C,O,
2917,486/15,"??? ?????
saura ma?tra",,PL,TU,25.5x5,113 To 1 To 114,Veda - Mantra,11,50,Inc.,O,
2918,486/16,"???????????????? ????
k?rtav?ry?rjuna kavaca?",,PL,Tu,25.5x5 ,115 To 124,Stotra,10,40,C,G,
2919,486/17,"???????????????? ???? ?????
k?rtav?ry?rjuna m?l? ma?tra",,PL,Tu,25.5x5 ,124 To 125,Stotra,10,40,C,O,
2920,486/18,"???????? ????
a?b?manas? p?j?",Sankaracarya,PL,Tu,25.5x5 ,1 To 7, pooja,9,40,C,OD,
2921,486/2,"?????? ????
r?m?ya?a ca?p?",Sankaracarya,PL,TU,25.5x5,46 To 61,Campu,10,38,Inc.,O,Bala - Ayodhya Kanda
2922,486/4,"???????????????? ????
k?rtav?ry?rjuna p?j?",,PL,Tu,25.5x5,85 To , pooja,8,36,C,O,
2923,486/5,"??????????
kum?ra??aka?",,Tu,Tu,25.5x5,85Folios,Stotra,10,38,C,O,
2924,486/6,"?????????????????
subrahma?y???aka?",,PL,TU,25.5x5,85,Stotra,10,36,C,GO,
2925,486/7,"????????? ????????
sa?gam??vara st?tra?",,PL,TU,25.5x5,86,Stotra,10,38,C,G,
2926,486/8,"?????? ????????
n?si?ha st?tra?",,PL,TU,25.5x5,98 To 99,Stotra,10,38,Inc.,GO,
2927,486/9,"??????? ????????
hanum?n st?tra?",,PL,TU,25.5x5,100 To ,Stotra,10,38,C,O ,
2928,487/1,"???? ??????
lagna nir?aya",,PL,TU,27x5,1 To 3,Jautisha,9,36,C ,G,"Script: Tulu, Kannada Language"
2929,487/10,"????? ??? ???
pall? patana ?la?",,PL,TU,27x5,88 To 91,Jautisha,11,50,C,G ,
2930,487/11,"????????? ??? ????? ???????
g?haprav??a h?ma vidhi? muh?rta",,PL,TU,27x5,92,Jautisha,11,50,C ,G,
2931,487/2,"?????? ??? ???
dv?da?a bh?va ?la?",,PL,TU,27x5,4,Jautisha,11,50,Inc.,G,
2932,487/3,"?????? ???
str? bh?va",,PL,TU,27x5,10 To 14,Jautisha,11,50,Inc. ,GO,Matarista; Pitarista; Balorista
2933,487/4,"?????????? ??????
?yurdy?ya nir?aya",,PL,TU,27x5,15 To 17,Jautisha,11,50,C,G,
2934,487/5,"??????????? ????????
?a?pa?c??ik? vy?khy?",Varahamihira,PL,TU,27x5,1 To 12,Jautisha,11,50,C ,G,"Script: Tulu, Kannada Language"
2935,487/6,"??????? ??? ????????
muh?rta s?ra vy?khy?",,PL,TU,27x5,1 To 82,Jautisha,11,50,C,G,Kannada Language
2936,487/7,"?????? ???
bhik?? y?ga",,PL,TU,27x5,84 To 1,Jautisha,11,50,C ,G,"Saka-1759, 1838, Hemalambi Sam, "
2937,487/8,"???????? ??
tithy?di bala",,PL,TU,27x5,85,Jautisha,11,50,C,G,
2938,487/9,"?????? ???
svapna ?la?",,PL,TU,27x5,86 To 87,Jautisha,11,50,C ,G,
2939,488/1,"????? ???????
p?rva pray?ga?",,PL,Tu,35x5,1 To 91, G- Prayoga   ,9,52,C ,DW,Bodhayaniya 
2940,488/10,"????????? ?????
r?k??ghna s?kta",,PL,Tu,35x5,104 To 1 To 105,Veda - Mantra,9,55,C,OD,
2941,488/11,"????????? ?????
r?k??ghna s?kta",,PL,TU,35x5,105 To 105 To 1,Veda - Mantra,9,55,C,OD,
2942,488/12,"??? ?????
gh?ta s?kta",,PL,Tu,35x5,105 To 1,Veda - Mantra,9,52,C,OD,
2943,488/13,"????? ?????
rudra s?kta",,PL,Tu,35x5,106,Veda - Mantra,9,52,C,OD,
2944,488/14,"??????????
agnis?kta",,PL,TU,35x5,106 To 106 To 1,Veda - Mantra,9,52,C,OD,
2945,488/15,"??? ?????
saura s?kta",,PL,TU,35x5,106 To 1,Veda - Mantra,9,52,C,OD,
2946,488/16,"??????????
i?dras?kta",,PL,Tu,35x5,106 To 1,Veda - Mantra,9,52,C,OD,
2947,488/17,"??? ?????
khila s?kta",,PL,Tu,35x5,106 To 1,Veda - Mantra,9,52,C,OD,
2948,488/18,"??????????? ?????
sarpasa?sk?ra vidhi?",,PL,Tu,35x5,107 To 109,Shanti,9,52,Inc. ,OD,
2949,488/19,"???? ?????
garu?a s?kta",,PL,Tu,35x5,114 To ,Veda - Mantra,9,55,C,OD,
2950,488/2,"?????? ?????
navagraha ma?tra",,PL,Tu,35x5,92 To ,Veda - Mantra,9,52,C,D,
2951,488/20,"?????
pavam?na",,PL,Tu,35x5,114,Veda - Mantra,9,52,C,OD,
2952,488/21,"????? ?????
puru?a s?kta",,PL,TU,35x5,114 To 1,Veda - Mantra,1,52,C,OD,
2953,488/22,"?????? ?????
?yu?ya s?kta",,PL,Tu,35x5,110 To ,Veda - Mantra,9,52,C,OD,
2954,488/23,"?? ?????
ga?a s?kta",,PL,Tu,35x5,110 To 1,Veda - Mantra,9,52,C,OD,
2955,488/24,"???? ?????
v??abha s?kta",,PL,Tu,35x5,111,Veda - Mantra,9,52,C,OD,
2956,488/25,"????? ?????
ak?i s?kta",,PL,Tu,35x5,111,Veda - Mantra,9,52,C,OD,
2957,488/26,"?????? ?????
samudra s?kta",,PL,Tu,35x5,111 To 1,Veda - Mantra,9,52,C,OD,
2958,488/27,"?? ?????
g? s?kta",,PL,Tu,35x5,113,Veda - Mantra,9,52,C,OD,
2959,488/28,"??? ?????
n?ga s?kta",,PL,Tu,35x5,113 To 1,Veda - Mantra,9,52,Inc.,OD,
2960,488/29,"??????????????? ?????
n?gaprati??h?pan? vidhi?",,PL,Tu,35x5,118 To , pooja,9,52,C,OD,
2961,488/3,"???????? ??????? ?????
i?dr?di l?kap?lana ma?tra",,PL,Tu,35x5,92 To 93,Veda - Mantra,9,52,C,DW,
2962,488/30,"??? ??????
udaka ???ti?",,PL,Tu,35x5,120 To 148,Shanti,9,52,C ,OD,
2963,488/4,"???? ?????? ?????
graha ???ti? vidhi?",,PL,Tu,35x5,94 To 101,Shanti,9,52,Inc,DW,
2964,488/5,"?????? ?????
m?tyu s?kta",,PL,TU,35x5,102,Veda - Mantra,9,52,C,ODW,
2965,488/6,"?? ?????
yama s?kta",,PL,Tu,35x5,103,Veda - Mantra,9,52,C,OD,
2966,488/7,"????? ?????
dhruva s?kta",,PL,Tu,35x5,103 To 1,Veda - Mantra,9,52,C,OD,
2967,488/8,"???? ?????
sa??a s?kta",,PL,TU,35x5,103 To 1 To 104,Veda - Mantra,9,52,C,OD,
2968,488/9,"??? ?????
s?ma s?kta",,PL,Tu,35x5,104 To 1,Veda - Mantra,9,52,C,OD,
2969,489,"???????????
a???dhy?yi",,PL,TU,28x5,1 To 40,Vyakarana,11,45,C,OD,
2970,490,"???????? ???????
vi?vapati pray?ga?",,PL,Tu,26.5x5,1 To 72, G- Prayoga   ,9,36,C,O,Scribe:Krisshna Bhatta 
2971,491,"?????
pavam?na",,PL,Tu,25.5x5,1 To 20,Veda - Mantra,11,32,C,OD,
2972,492,"????? ?????
s?rya graha?a",,PL,TU,27.5x5,24Folios,Jautisha,7,30,Inc.,DW,Grahana Ganita
2973,493/1,"???????? ????????
sarv?rtha ci?t?ma?i",,PL,TU,26.5x4,1 To 55,Jautisha,10,38,C,ODW,
2974,493/10,"???????? ???
br?hma?a ??pa",,PL,TU,26.5x4,118 To 1 To 119,Tantra Mantragama,10,40,C,G,
2975,493/11,"????? ???
patni ??pa",,PL,TU,26.5x4,119 To 120,Jautisha,10,40,C,G,
2976,493/12,"????? ???
pr?ta ??pa",,PL,TU,26.5x4,120,Tantra Mantragama,10,40,C,G,
2977,493/13,"??? ????
da?ama lagna",,PL,TU,26.5x4,121 To 140,Jautisha,10,40,Inc.,DW,
2978,493/2,"??? ???
h?ra s?ra",,PL,TU,26.5x4,56 To 63,Jautisha,10,40,Inc.,OD ,
2979,493/3,"????????
j?tak?bhara?a",Dundiraja,PL,TU,26.5x4,64 To 86,Jautisha,10,40,Inc.,OD,
2980,493/4,"??????? ?????
k?lacakra da?a?la?",,PL,TU,26.5x4,87 To 114,Jautisha,10,40,C,O,
2981,493/5,"???? ???
sarpa ??pa",,PL,Tu,26.5x4,115 To , G- Prayoga   ,10,40,C,G,
2982,493/6,"???? ???
pit? ??pa",,PL,TU,26.5x4,115 To 1 To 116,Jautisha,10,40,C,G,
2983,493/7,"???? ???
m?t? ??pa",,PL,TU,26.5x4,116 To 1 To 117,Jautisha,10,40,C ,G,
2984,493/8,"????? ???
bha?ru ??pa",,PL,TU,26.5x4,117 To 1 To 118,Tantra Mantragama,10,40,C,G,
2985,493/9,"?????? ???
m?tul? ??pa",,PL,TU,26.5x4,118,Jautisha,10,40,C ,G,
2986,494/1,"?????? ???????
pu?savana pray?ga?",,PL,Tu,24x4,1 To 10, G- Prayoga   ,6,28,C,G,
2987,494/10,"???? ??? ???????
m?dh? janana pray?ga?",,PL,Tu,24x4,31 To 1 To 33, G- Prayoga   ,6,28,C ,OD,
2988,494/11,"??????? ???????
up?karma pray?ga?",,PL,TU,24x4,33 To 56, G- Prayoga   ,6,28,C,OD,
2989,494/12,"?????? ????
?rdhva rak?a",,PL,Tu,24x4,57 To 58, G- Prayoga   ,7,30,C ,OD,
2990,494/14,"????????????
?arady?gr?ya?a",,PL,Tu,24x4,61 To 1 To 64, G- Prayoga   ,7,48,C,O,
2991,494/15,"???????? ??????? ???????
?k?di??a ?r?ddha pray?ga?",,PL,Tu,24x4,64 To 1 To 66 To 1, G- Prayoga   ,8,32,C,O,
2992,494/16,"???? ??????? ??????
???a?a ?r?ddha pray?ga",,PL,Tu,24x4,66 To 1 To 70, G- Prayoga   ,8,32,C ,G,
2993,494/17,"????????? ?????
sapi???kara?a vidhi?",,PL,Tu,24x4,70 To 82, G- Prayoga   ,8,92,C,G,
2994,494/18,"???????????
pr?c?navithi",,PL,TU,24x4,82 To 1 To 103,Grahyasutra,6,32,Inc.,OD,
2995,494/2,"????? ??????
s?ma?ta k?rik?",,PL,Tu,24x4,10 To 14, G- Prayoga   ,6,28,C,O,
2996,494/3,"??? ???? ???????
j?ta karma pray?ga?",,PL,Tu,24x4,14 To 1 To 16, G- Prayoga   ,6,28,C,O,
2997,494/4,"??????
n?makara?a",,PL,Tu,24x4,16 To 17, G- Prayoga   ,6,28,C,G,
2998,494/5,"???????? ?????
garbh?d?na vidhi?",,PL,Tu,24x4,17 To 17, G- Prayoga   ,6,28,Inc.,OD,
2999,494/6,"?????????? ?????
annapr??ana vidhi?",,PL,Tu,24x4,18 To , G- Prayoga   ,6,28,C,OD,
3000,494/7,"??????? ???????
caulakarma pray?ga?",,PL,Tu,24x4,18 To 1 To 23, G- Prayoga   ,6,28,C,OD,
3001,494/8,"????? ???????
upanayana pray?ga?",,PL,Tu,24x4,23 To 1 To 30, G- Prayoga   ,6,28,C,GO,
3002,494/9,"??????????
brahm?d?na",,PL,Tu,24x4,29 To 1 To 31, G- Prayoga   ,6,28,C,OD,
3003,495,"?????? ???????
pray?ga ?ikh?ma?i",,PL,Tu,26.5x4,1 To 66, G- Prayoga   ,9,32,Inc.,O,""" "
3004,496,"??? ???????
apara pray?ga?",?????? ????,PL,Tu,29x3,1 To 113, G- Prayoga   ,6,35,nc.,ODW,
3005,497/1,"???? ???????
dharma sa?graha?",??????????,PL,Tu,38x5,1 To 50, G- Prayoga   ,10,40,C,OD,"Bahudhanya Sam. Bhadrapada Induvara, Scribe : Narayansastri"
3006,497/2,"??? ??????? ????? ????
y?ga ??stra pra?ava kalpa",,PL,TU,38x5,51 To 72,Yoga,11,42,C,O,
3007,497/3,"????? ????
pra?ava kalpa",,PL,Tu,38x5,73 To , pooja,11,42,C,O,
3008,497/4,"??????????? ????????
r?ma???ttara st?tra?",,PL,TU,38x5,74 To 75,Stotra,11,42,C,OD,
3009,498,"??????????
dharmasa?hit?",,PL,Tu,35x5 ,1 To 15,Purana,7,46,Inc,OD,From : Skanda Puranam
3010,499/1,"?????????????? ????????
vi??usahasran?ma st?tra?",,PL,TU,24x5.5,1 To 8,Stotra,10,36,Inc.,OD ,
3011,499/2,"?????? ??????? ????????
dv?da?a ma?jarik? st?tra?",,PL,Tu,24x5.5,9 To 10,Stotra,10,36,C,G,
3012,499/3,"??? ????????
r?ma st?tra?",,PL,TU,24x5.5,11 To 13,Stotra,10,36,C,G,
3013,499/4,"?????? ???????
vi??u stuti?",,PL,TU,24x5.5,14 To 16,Stotra,10,36,C,O,
3014,499/5,"??????? ???????
bh?g?rath? stuti?",,PL,TU,24x5.5,17 To 20,Stotra,10,36,C,G,
3015,499/6,"??? ????
?iva kavaca?",,PL,TU,24x5.5,20 To 24,Stotra,10,36,C,O,From : Brahmottara Kanda 
3016,499/7,"??? ????
r?ma h?daya",,PL,TU,24x5.5,24 To 1 To 25,Stotra,10,36,C,O,
3017,499/8,"?????? ?????
v?dap?da stava?",,PL,TU,24x5.5,26 To 38,Stotra,10,36,C,O ,
3018,499/9,"???? ?????
r?dh? stava?",,PL,Kan,24x5.5,48,Stotra,10,36,Inc.,OD,
3019,500,"?????? ?????
nai?adh?ya carita?",Sri Harsa,PL,TU,16x4,70Folios,Kavya,8,24,Inc.,ODW ,
3020,501,"????? ???? ???????
p?rva ???a?a pray?ga?",,PL,Tu,25x5.5,1 To 45, G- Prayoga   ,9,35,C,O,"Saunakiya, Scribe : Sitarama Bhatta "
3021,502,"????????? ?????
yudhi??hira vijaya?",Vasudeva,PL,TU,29x3,1 To 68,Kavya,7,45,C,G,
3022,503/1,"????? ??????? ?????
n??di ?r?ddha vidhi?",,PL,TU,23.5x4.5,1 To 2 To 1, G- Prayoga   ,9,30,C,G,
3023,503/10,"???????? ?????????
b?haspati p?j?vidhi?",,PL,Tu,23.5x4.5,57 To 58 To 1, pooja,9,30,C,O,
3024,503/11,"??????? ????
?an??vara p?j?",,PL,TU,23.5x4.5,58 To 60, pooja,9,30,C,O,
3025,503/12,"???? ???? ?????
r?hu p?j? vidhi?",,PL,Tu,23.5x4.5,60 To 1 To 62, pooja,1,30,C,O,
3026,503/13,"?????? ????
k?tujapa p?j?",,PL,TU,23.5x4.5,62 To 1 To 64, pooja,9,30,C ,O,
3027,503/14,"?????? ????
l?kap?la p?j?",,PL,Tu,23.5x4.5,64 To 1 To 72, pooja,9,30,C,O,
3028,503/15,"??? ??????
?tu ???ti?",,PL,TU,23.5x4.5,73 To 79,Shanti,9,30,C ,O,
3029,503/16,"???? ?????? ??????? ???????
garbha d?n?di ?kata?tra pray?ga?",,PL,""" ",23.5x4.5,80, G- Prayoga   ,9,30,Inc.,O,
3030,503/2,"????? ????? ?????
ma?tra sn?na vidhi?",,PL,Tu,23.5x4.5,2 To 1 To 6, G- Prayoga   ,9,30,C,O,
3031,503/3,"??????? ???????
pu?y?ha pray?ga?",,PL,Tu,23.5x4.5,7 To 16, G- Prayoga   ,9,30,C,G,
3032,503/4,"????? ??? ???????
agni mukha pray?ga?",,PL,Tu,23.5x4.5,16 To 1 To 44, G- Prayoga   ,9,30,C ,O,
3033,503/5,"???? ?????? ?????
graha ???ti? vidhi?",,PL,Tu,23.5x4.5,44 To 1 To 50,Shanti,9,30,C,O,
3034,503/6,"?????? ????
a?g?raka p?j?",,PL,Tu,23.5x4.5,50 To 52, pooja,9,30,C,O,
3035,503/7,"????? ???? ?????
?ukra p?j? vidhi?",,PL,TU,23.5x4.5,52 To 54, pooja,9,30,C,O,
3036,503/8,"????? ????
ca?dra p?j?",,PL,Tu,23.5x4.5,53 To 55 To 1, pooja,9,30,C,O,
3037,503/9,"??? ????
budha p?j?",,PL,Tu,23.5x4.5,55 To 1 To 57, pooja,9,30,C,O,
3038,504/1,"??????? ???????
?r?ddha pray?ga?",,PL,Tu,27x5.5,1 To 53, G- Prayoga   ,8,26,C,GO,
3039,504/2,"?????? ???? ?????
navagraha p?j? vidhi?",,PL,Tu,27x5.5,64 To 84, pooja,8,26,C,GO,
3040,505,"????? ?????????
k???a yajusmit?",,PL,Tu,24x4,1 To 194,Samhita,9,36,Inc.,O,
3041,506/1,"??????? ??????
muh?rta d?pik?",,PL,TU,31x3.5,1 To 30,Jautisha,7,38,Inc.,ODW,Kannada Tika
3042,506/2,"????? ???
g?c?ra ?la?",,PL,TU,31x3.5,1 To 2,Jautisha,7,38,C,OD,
3043,507,"???? ???????
h?r? ??stra",,PL,TU,25x4.5,5 To 41,Jautisha,9,31,Inc.,ODW ,
3044,508,"??? ??????
udaka ???ti?",,PL,Tu,24x5.5,1 To 45,Shanti,8,36,C,GO ,"BodhaYaniya, Scribe : Jeddena rama Bhatta"
3045,509,"?????? ??????
?gv?da sa?hit?",,PL,TU,38x5.5,100 To 116,Samhita,11,55,C,O,
3046,510,"????? ???????? ????????
lalit? sahasran?ma st?tra?",,PL,TU,23x4.5,2 To 23,Stotra,9,38,Inc.,O ,From : Brahmanda purana 
3047,511/1,"?????? ????
n?r?ya?a h?daya",,PL,TU,27x5,1 To 2 To 1,Stotra,13,42,C,GO,From : Atharvana Rahasya
3048,511/10,"???????
g?t?s?ra",,PL,Tu,27x5,72 To 1 To 81,Gita,13,42,C ,GO,""""
3049,511/11,"????????? ?????
?tman?tma viv?ka",Sankracarya,PL,TU,27x5,82 To 85,Jautisha,13,42,C,G,
3050,511/12,"????????????
??r?r?pani?at",,PL,Tu,27x5,85 To ,Upanisat,13,42,C,G,
3051,511/13,"??????????????
sarvas?r?pani?at",,PL,Tu,27x5,86 To 1 To 87,Upanisat,13,42,C,G,
3052,511/14,"?????????????????
atharva??r??pani?at",,“,Tu,27x5,87 To 90,Upanisat,13,42,C,G,
3053,511/15,"?????? ????????
prad??a st?tra?",,PL,TU,27x5,91 To 115,Stotra,13,42,C,G,
3054,511/16,"???????
?ivag?t?",,PL,Tu,27x5,1 To 27,Gita,13,50,C,GO,""""
3055,511/17,"??? ????
r?ma kavaca?",,PL,TU,27x5,27 To ,Stotra,13,50,C,GO,
3056,511/18,"????????????? ??????? ????????
dak?i??m?rti st?tra vy?khy?",,PL,Tu,27x5,28 To 29,Stotra,13,50,Inc.,O,
3057,511/19,"????????? ?????
r?k??ghna s?kta",,PL,Tu,27x5,1 To ,Veda - Mantra,13,50,C,O,
3058,511/2,"??????? ???? ????????
lak?m? h?daya st?tra?",,PL,TU,27x5,2 To 1 To 7,Stotra,13,42,C,GO,From : Atharvana Rahasya
3059,511/20,"??????? ???? ????????
lak?m? h?daya st?tra?",,PL,TU,27x5,1 To 1 To 6,Stotra,13,42,C,G,
3060,511/21,"??????? ????????
lak?m? st?tra?",Agastya,PL,TU,27x5,6 To ,Stotra,13,50,C,O,From : Kasi Kanda
3061,511/22,"????????????? ????
tripurasu?dar? kavaca?",,PL,Tu,27x5,6 To 7,Stotra,13,50,C,G,
3062,511/23,"??? ?????
m?sa sth?na",Hari Hara,PL,TU,27x5,7 To 8 To 1,Stotra,13,50,C,G,
3063,511/24,"????????? ??
m?tyu?jaya japa",,PL,TU,27x5,8 To 1 To 9,Tantra Mantragama,13,50,Inc.,O,
3064,511/3,"?????? ????????
argal? st?tra?",,PL,Tu,27x5,7 To 8,Stotra,13,42,C ,G,
3065,511/4,"???? ????
d?v? kavaca?",,PL,TU,27x5,8 To 11,Stotra,13,42,C,G,
3066,511/5,"???? ??????????
d?v? m?h?tmya?",,PL,TU,27x5,11 To 29,Purana,13,42,Inc.,GO,1-11Adhyayas
3067,511/6,"????????????? ????????
dak?i??m?rti st?tra?",,PL,""" ",27x5,29 To 37,Stotra,13,42,,C,GO
3068,511/7,"??????? ???????
lak?m? stuti?",,PL,TU,27x5,37 To 1 To 40,Stotra,13,42,Inc.,O,From : Vishnu Purana 
3069,511/8,"?????????
bhagavadg?t?",,PL,Tu,27x5,41 To 66,Gita,13,42,C,O,
3070,511/9,"?????????
uttarag?t?",,PL,Tu,27x5,67 To 72 To 1,Gita,13,42,Inc.,GO ,"From : Mahabharata, Anusasana parva, "
3071,512/1,"??? ????? ????????
rati rahasya vy?khy?",Vidyadhara,PL,TU,29x5,1 To 48,Kamashastra,12,52,C,GO,"Script : Tulu, Tika : Kannada, Kalayukta "
3072,512/2,"????? ???????????
k???a yajussa?hit?",,PL,N.Na,29x5,1 To 9,Samhita,10,48,Inc.,Go,I Kanda
3073,513/1,"?????????
mah?sa?kalpa",,PL,Tu,35x5.5,3 To 4, G- Prayoga   ,13,58,C,OD,
3074,513/10,"????????????????? ?????
pr??aprati??h?pan? vidhi?",,PL,TU,35x5.5,11 To 11 To 1,Tantra Mantragama,13,58,C ,O,
3075,513/100,"???? ????
?a?kara p?j?",,PL,Tu,35x5.5 ,215 To 217,Vrata,13,58,C,OD,
3076,513/101,"?????????? ????????
mah?lak?m? sahasran?ma",,PL,TU ,35x5.5,217 To 1 To 228,Stotra,13,58,Inc.,OD,
3077, 513/102,"?????????? ???? ?????
trim?rti p?j? vidhi?",,PL,Tu,35x5.5 ,228 To 1 To 230, pooja,13,58,C,OD,
3078,513/103,"?????????? ???? ???
k?d?r??vara vrata kath?",,PL,Tu,35x5.5,230 To 235,Vrata-Katha,13,58,C,OD,From : Bhavisottara purana
3079,513/104,"?????????? ???? ???
mah?lak?m? vrata kath?",,PL,Tu,35x5.5,235 To 240 To 1,Vrata-Katha,13,58,C,O,""""
3080,513/105,"???? ???? ???
?a?kara vrata kath?",,PL,Tu,35x5.5,240 To 1 To 241,Vrata-Katha,13,58,C ,O,""""
3081,513/106,"??????????? ???? ???
?anitray?da?? vrata kath?",,PL,Tu,35x5.5,241 To 1 To 243,Vrata-Katha,13,58,C ,O,
3082,513/107,"??????????? ????????????
?anitray?da?? vrat?dy?pana?",,PL,Tu,35x5.5,243 To 1 To 244,Vrata,13,58,C,O,
3083,513/108,"??? ????????? ?????
m?sa ?ivar?tri vrata?",,PL,Tu,35x5.5,245 To 247,Vrata,13,58,C,O,
3084,513/109,"????????? ??????????
pa?cam?rti nityavidhi?",,PL,Tu,35x5.5 ,247 To 248, pooja,13,58,C,G,
3085,513/11,"???????? ????? ?????
m?ttik? sn?na vidhi?",,PL,Tu,35x5.5,11 To 1 To 12, G- Prayoga   ,13,58,C,ODW,
3086,513/110,"?????? ???????
vi??u stuti?",,PL,TU,35x5.5,248 To ,Stotra,13,58,C,OD,
3087,513/111,"????????? ?????
sa?kr??ti vrata?",,PL,Tu,35x5.5,249 To 1 To 251,Vrata,13,58,C,OD,From: Brahamapurana
3088,513/112,"???????? ?????
vyat?p?ta vrata?",,PL,Tu,35x5.5,251 To 252,Vrata,13,58,C,O,From : Brahmapurana
3089,513/113,"????????????????????
vyat?p?tavrat?dy?pana?",,PL,Tu,35x5.5 ,252 To 253,Vrata,13,58,C,O,
3090,513/114,"????? ?????
s?rya vrata?",,PL,TU,35x5.5,253 To 255,Vrata,13,58,C,O,From : Brahma Purana
3091,513/115,"?????? ?????
s?mav?ra vrata?",,PL,TU,25x5.5 ,256 To 258,Vrata,13,58,C,O,
3092,513/116,"??????????? ?????
s?mav?r?pav?sa vrata?",,PL,Tu,35x5.5 ,258 To 261,Vrata,13,58,C,OD,From : Brahamapurana
3093,513/117,"?????? ?????? ?????
s?mav?ra prad??a vrata?",,PL,""" ",35x5.5 ,261 To 1 To 263,Vrata,13,58,C,O,From : Brahmapurana
3094,513/118,"?? ???? ????????????
g? padma vrat?dy?pana?",,PL,Tu,35x5.5,263 To 264,Vrata,13,58,C,O,
3095,513/119,"????? ????????????
bilva vrat?dy?pana?",,PL,Tu,35x5.5,264 To ,Vrata,13,58,C,O,From : Bhavisottara Purana
3096,513/12,"?????????
ka?as?rcan?",,PL,TU,35x5.5,12,Tantra Mantragama,13,58,C,OD,
3097,513/120,"?????? ?????
ma?dav?ra vrata?",,PL,Tu,35x5.5,264 To 265,Vrata,13,58,C,OD,From : Brahma Purana
3098,513/121,"?????? ???? ???
ma?dav?ra vrata kath?",,PL,Tu,35x5.5,265 To 268,Vrata-Katha,13,58,C,O,From : Brahma purana
3099,513/122,"??????? ????
ardh?daya kalpa",,PL,Tu,35x5.5,268 To 272,Vrata,13,58,C,GO,From : Brahamapurana
3100,513/123,"???????? ???? ???
navar?tri vrata kath?",,PL,Tu,35x5.5,272 To 1 To 273,Vrata-Katha,13,58,C,O,From : Mahapurana
3101,513/124,"????? ??????? ?????
ak?aya dv?da?? vrata?",,PL,Tu,35x5.5,273 To 1 To 278,Vrata,13,58,Inc.,OD,
3102,513/125,"?????? ?????
sa?t?pana vrata?",,PL,TU,35x5.5,278 To 278 To 1,Vrata,13,58,C,OD,
3103,513/126,"???? ????
garu?a p?j?",,PL,Tu,35x5.5,278 To 279, pooja,13,58,C,OD,
3104,513/127,"??? ???? ?????
nadi p?j? vidhi?",,PL,Tu,35x5.5,279 To 279 To 1, pooja,13,58,C,OD,
3105,513/128,"?????? ????? ?????
n?si?ha jaya?t? vrata?",,PL,Tu,35x5.5,279 To 281,Vrata,13,58,C,OD,
3106,513/129,"?????? ?????????????
durg? sahasran?m?va?i?",,PL,TU,35x5.5 ,284 To 288,Stotra,13,58,C,OD,
3107,513/13,"??????????????? ?????
?a?khaprati??h?pan? vidhi?",,PL,TU,35x5.5,12 To 13, pooja,13,58,C ,OD,
3108,513/130,"?????????????? ??????????
durg????ttara ?atan?m?vali?",,PL,TU,35x5.5 ,288 To 1 To 289,Stotra,13,58,C,OD,
3109,513/15,"????????????????
?ivasahasran?m?va?i?",,PL,TU,35x5.5,16 To 21,Stotra,13,58,C,O,
3110,513/16,"???????????????????
?iva???ttarast?tra?",,PL,TU,35x5.5,21 To 1,Stotra,13,58,C,O ,
3111,513/17,"???????????????? ????????
s?m??vara???ttara n?m?va?i?",,PL,TU,35x5.5,22,Stotra,13,58,C,O,
3112,513/18,"??????? ?????? ?????
k?rtika s?mav?ra vrata?",,PL,Tu,35x5.5,22 To 1 To 25,Vrata,13,58,C ,OD,
3113,513/19,"??????????? ????????????
k?rtik??du vrat?dy?pana?",,PL,Tu,3.5x5.5 ,25 To 1 To 26,Vrata,13,58,C,O,From : Skandapurana
3114,513/2,"???????? ????? ?????
m?ttik? sn?na vidhi?",,PL,Tu,35x5.5,4 To 1 To 7, G- Prayoga   ,13,58,C,OD,
3115,513/20,"????????? ????????????
nityanakta vrat?dy?pana?",,PL,Tu,35x5.5 ,26 To 1 To 27,Vrata,13,58,C,O,
3116,513/21,"?????? ?????
d?pad?na vidhi?",,PL,Tu,35x5.5,27 To ,Vrata,13,58,C,O,
3117,513/22,"??????? ?????? ???? ???
k?rtika s?mav?ra vrata kath?",,PL,Tu,35x5.5 ,27 To 29,Vrata-Katha,13,58,C,O,From : Sivapurana
3118,513/23,"?????? ???? ???
s?mav?ra vrata kath?",,PL,Tu,35x5.5,29 To 32 To 1,Vrata-Katha,13,58,C,OD,Form : Brahma purana
3119,513/24,"????? ???? ????
bilva patra p?j?",,PL,Tu,35x5.5,32 To 1 To 33, pooja,13,58,C,OD,
3120,513/25,"???????? ?????????
param??vara pr?rthan?",,PL,TU,35x5.5,33,Stotra,13,58,C,G,
3121,513/26,"??????????? ?????
lak?anamask?ra vrata?",,PL,Tu,35x5.5 ,33 To 33 To 1,Vrata,13,58,C,OD,From : Skandapurana
3122,513/27,"???? ????????? ????????????
lak?a pradak?i?a vrat?dy?pana?",,Tu,35x5.5 ,34&34&1,13,Vrata,58,Inc.,OD,,
3123,513/28,"????????? ?????
dh?ra??p?ra?a vrata?",,PL,Tu,35x5.5,26 To ,Vrata,13,58,Inc. ,O,""""
3124,513/29,"?????????? ?????
svar?agaur? vrata?",,PL,Tu,33x5.5,26 To 27,Vrata,13,58,C,GO,
3125,513/3,"??? ?????
mah? tarpa?a",,PL,TU,35x5.5,7 To 1 To 8, G- Prayoga   ,13,58,C,OD,
3126,513/30,"?????????? ????
svar?agaur? p?j?",,PL,N.Na,35x5.5,37 To 39, pooja,13,58,C,O,
3127,513/31,"?????????? ???? ???
svar?agaur? vrata kath?",,PL,Tu,35x5.5,39 To 40,Vrata-Katha,13,58,C,O,""""
3128,513/32,"?????????? ????????????
svar?agaur? vrat?dy?pana?",,PL,Tu,35x5.5,40 To ,Vrata,13,58,Inc. ,O,
3129,513/33,"?????? ???????????????????
vin?yaka caturth?vrat?dy?pana?",,PL,Tu,3.5x5.5,55 To 56,Vrata,13,58,Inc.,O,
3130,513/34,"?????? ???????????????????
vin?yaka caturth?vrat?dy?pana?",,PL,TU,35x5.5,56 To ,Vrata,13,58,C ,O,From : Mahapurana
3131,513/35,"???????? ?????
??ipa?cam? vrata?",,PL,Tu,35x5.5,57 To 63 To 1,Vrata,13,58,C ,O,
3132,513/36,"???????? ???? ???
??ipa?cam? vrata kath?",,PL,Tu,35x5.5,63 To 1 To 64,Vrata-Katha,13,58,C,O,""""
3133,513/37,"???????? ????????????
??ipa?cam? vrat?dy?pana?",,PL,Tu,35x5.5,65 To 66,Vrata,13,58,C,GO ,""""
3134,513/38,"???????? ???? ???
??ipa?cam? vrata kath?",,PL,Tu,35x5.5,67 To 68 To 1,Vrata-Katha,13,58,C,O,From : Bhavisottara purana
3135,513/39,"???????? ????????????
??ipa?cam? vrat?dy?pana?",,PL,Tu,35x5.5,68 To 73,Vrata-Katha,13,58,C,O,From : Bhavisottara purana
3136,513/4,"??? ?????
kala?a vidhi?",,PL,Tu,35x5.5,8 To 1 To 9, G- Prayoga   ,12,58,C,OD,
3137,513/40,"??????? ?????
r?manavam? vrata?",,PL,Tu,35x5.5,73 To 75,Vrata,13,58,C ,O,
3138,513/41,"????????????????
r?masahasran?m?va?i?",,PL,TU,35x5.5,75 To 80,Stotra,13,58,C,GO,
3139,513/42,"??????????? ??????????
r?ma???ttara ?atan?m?va?i?",,PL,TU,35x5.5,80 To 81,Stotra,13,58,C,GO,
3140,513/43,"??????? ?????
r?manavam? vrata?",,PL,Tu,35x5.5,41 To 1 To 42,Vrata,13,58,C ,O,
3141,513/44,"??????? ???? ???
r?manavam? vrata kath?",,PL,Tu,35x5.5 ,82 To 1 To 84,Vrata-Katha,13,58,C,O,
3142,513/45,"????????? ?????
garu?apa?cam? vrata?",,PL,Tu,35x5.5,84 To 85,Vrata,13,58,C ,GO,
3143,513/46,"????????? ???? ???
n?garapa?cam? vrata kath?",,PL,Tu,35x5.5,85 To 1 To 87,Vrata-Katha,13,58,C ,GO,From : Skanda purana 
3144,513/47,"???? ????? ?????
v?mana jaya?t? vrata?",,PL,Tu,3.5x5.5,87 To 89,Vrata,13,58,C,Go ,
3145,513/48,"????????????? ???? ???
?r?va?adv?da?? vrata kath?",,PL,Tu,35x5.5,89 To 92,Vrata-Katha,13,58,C,GO ,From : Brahmandapurana 
3146,513/49,"????? ????
s?rya p?j?",,PL,Tu,35x5.5,93 To , pooja,13,58,C,GO,
3147,513/5,"?? ???? ?????
vana bh?jana vidhi?",,PL,Tu,35x5.5,9 To ,Vrata,13,58,C,OD ,From : Mahabharata
3148,513/50,"????? ????
s?rya p?j?",,PL,TU,35x5.5,93 To 1 To 94, pooja,13,58,C,O,
3149,513/51,"???????? ?????
rathasaptam? vrata?",,PL,TU,35x5.5,101 To 102,Vrata,13,58,C,O,
3150,513/52,"??????? ????????????
arkav?ra vrat?dy?pana?",,PL,Tu,35x5.5 ,102 To 1 To 105,Vrata,13,58,C,G,From: Skandapurana
3151,513/53,"??????????? ?????
?anitray?da?? vrata?",,PL,Tu,35x5.5,105 To 114,Vrata,13,58,C ,OD,
3152,513/54,"??????????? ????????????
?anitray?da?? vrat?dy?pana?",,PL,Tu,35x5.5,114 To 1 To 116,Vrata,13,58,C,O,
3153,513/55,"???? ????
???na p?j?",,PL,Tu,35x5.5,116 To , pooja,13,58,C,O,
3154,513/56,"???? ????
agh?ra p?j?",,PL,Tu,35x5.5,116 To , pooja,13,58,C,O,
3155,513/57,"???????? ????
tatpuru?a p?j?",,PL,Tu,35x5.5,116 To 1, pooja,13,58,C,O,
3156,513/58,"???????? ????
sady?j?ta p?j?",,PL,Tu,35x5.5,116 To 1, pooja,13,58,C,O,
3157,513/59,"?????? ????
v?mad?va p?j?",,PL,Tu,35x5.5,116 To 1 To 117, pooja,13,58,C,GO,
3158,513/6,"?????? ??????
sa?kalpa vidh?na?",,PL,Tu,35x5.5,9 To 1 To 10, pooja,13,58,C,OD,
3159,513/60,"??? ?????? ????
v?da n?r?ya?a p?j?",,PL,Tu,35x5.5 ,117 To 118, pooja,13,58,C,O,
3160,513/61,"???? ?????? ?????
pak?a prad??a vrata?",,PL,Tu,35x5.5,118 To 120,Vrata,13,58,C ,OD,
3161,513/62,"?????????? ???? ???
pak?aprad??a vrata kath?",,PL,Tu,35x5.5,120 To 122,Vrata-Katha,13,58,C ,OD,From : Mahapurana 
3162,513/63,"????????? ?????
budh???am? vrata?",,PL,TU,35x5.5,122 To ,Vrata,13,58,C,Go,
3163,513/64,"????????? ???? ???
budh???am? vrata kath?",,PL,Tu,35x5.5,122 To 1 To 123,Vrata-Katha,13,58,C,O,From : Brahmand purana
3164,513/65,"????????? ?????
kapila?a??h? vrata?",,PL,Tu,35x5.5,124 To 1 To 125,Vrata,13,58,C,GO,
3165,513/66,"????????? ???? ???
kapila?a??h? vrata kath?",,PL,Tu,35x4.5,125 To 127,Vrata-Katha,13,58,C ,GO,From : Brahma purana
3166,513/67,"????????? ?????
am?s?mav?ra vrata?",,PL,Tu,35x5.5,127 To 133,Vrata,13,58,C,GO,From : Amrata Sanjivini
3167,513/68,"???????? ???? ???
amas?mav?ra vrata kath?",,PL,Tu,35x5.5 ,133 To 136,Vrata-Katha,13,58,C,GO,""""
3168,513/69,"????????? ?????
am?s?mav?ra vrata?",,PL,Tu,35x5.5,137 To 138,Vrata,13,58,C,GO,From : Bhavisottara Purana
3169,513/7,"??? ??????
?sana ?uddhi",,PL,TU,35x5.5,10,Tantra Mantragama,13,58,C,O,
3170,513/70,"????????????? ????
lak?m?n?r?ya?a p?j?",,PL,Tu,35x5.5,138 To , pooja,13,58,C,GO,
3171,513/71,"?????????? ?????
vi??up?j? vidhi?",,PL,Tu,3.5x5.5,138 To 139, pooja,13,58,C ,O,
3172,513/72,"????? ???? ?????
yamun? p?j? vidhi?",,PL,Tu,35x5.5,139 To , pooja,13,58,C ,GO,
3173,513/73,"????????? ????
ana?tavrata? kalpa",,PL,Tu,35x5.5,140 To 149,Vrata,13,58,C ,GO,
3174,513/74,"???? ???????? ???? ???
ana?ta caturda?? vrata kath?",,PL,Tu,35x5.5,149 To 154,Vrata-Katha,13,58,C,Go,""""
3175,513/75,"???? ????????????
ana?ta vrat?dy?pana?",,PL,Tu,35x5.5,156 To 157,Vrata,13,58,Inc.,OD,From : Bhavisottarapurana
3176,513/76,"?????????? ?????
um?mah??vara vrata?",,PL,Tu,35x5.5 ,157 To 167,Vrata,13,58,C,O,From : Brahma Markandeyapurana
3177,513/77,"???????????? ?????
jy?ti?sta?bha vrata?",,PL,Tu,35x5.5,167 To ,Vrata,13,58,C ,GO,""""
3178,513/78,"??????? ?????
lak?ad?pa vrata?",,PL,Tu,35x5.5,167 To 168,Vrata,13,58,C,GO,From : Padmapurana
3179,513/79,"?? ???? ????????????
g? padma vrat?dy?pana?",,PL,Tu,35x5.5 ,169 To ,Vrata,13,58,C,GO,From : Vishnu dharamottara Purana
3180,513/8,"????????? ?????
pr???y?ma vidhi?",,PL,TU,35x5.5,10 To 10 To 1,Yoga,13,58,C ,OD,
3181,513/80,"???????????? ?????
varamah?lak?m? vrata?",,PL,Tu,35x5.5,170 To ,Vrata,13,58,C ,GO,
3182,513/81,"???????????? ???? ???
varamah?lak?m? vrata kath?",,PL,Tu,35x5.5,176 To 1 To 178,Vrata-Katha,13,58,C,GO ,""""
3183,513/82,"????????? ?????
ardhavrata? vidhi?",,PL,Tu,35x5.5,178 To 179,Vrata,13,58,C,GO,
3184,513/83,"??????? ???? ???
?rdr? vrata kath?",,PL,Tu,35x5.5,179 To 181,Vrata-Katha,13,58,C,GO,From : Brahmanda purana
3185,513/84,"?????? ?????
?k?da?? vrata?",,PL,Tu,35x5.5,181 To 182,Vrata,13,58,C,GO,
3186,513/85,"?????? ???? ???
?k?da?? vrata kath?",,PL,Tu,35x5.5,182 To 184,Vrata-Katha,13,58,C,GO,From : Brahmanda purana
3187,513/86,"?????? ????????????
?k?da?? vrat?dy?pana?",,PL,Tu,35x5.5,185 To 188,Vrata,13,58,C,GO,From : Brahamandapurana
3188,513/87,"????????? ?????
?ivar?tri vrata?",,PL,Tu,35x5.5,188 To 190,Vrata,13,58,C,GO,
3189,513/88,"????????? ???? ???
?ivar?tri vrata kath?",,PL,Tu,35x5.5,190 To 1 To 194,Vrata-Katha,13,58,C ,GO,
3190,513/89,"?????????? ????
g?p?lak???a p?j?",,PL,Tu,35x5.5,194 To 197, pooja,13,58,C,GO,
3191,513/9,"??? ?????? ?????
bh?ta ?uddhi vidhi?",,PL,TU,35x5.5,10 To 1 To 11,Tantra Mantragama,13,58,C ,O,
3192,513/90,"?????????? ???? ???
k???ajaya?t? vrata kath?",,PL,Tu,35x5.5,197 To 200,Vrata-Katha,13,58,C ,GO,From : Harivamsa
3193, 513/91,"???????? ?????
trikalpa vrata?",,PL,TU,3.5x5.5,200 To 204,Vrata,13,58,C,OD,
3194,513/92,"????? ?????
tu?as? vrata?",,PL,Tu,35x5.5,204 To 206,Vrata,13,58,Inc.,OD,
3195,513/93,"?? ???? ?????
g? p?j? vidhi?",,PL,Tu,35x5.5,207 To 208, pooja,13,58,C ,O,
3196,513/94,"??????? ???? ?????
bal??dra p?j? vidhi?",,PL,Tu,35x5.5,208 To 209, pooja,13,58,C,O,
3197,513/95,"???? ????
bh?mi p?j?",,PL,Tu,35x5.5,209 To 209 To 1, pooja,13,58,C,OD,
3198,513/96,"???????? ????????????
navar?tri vrat?dy?pana?",,PL,Tu,35x5.5 ,209 To 210,Vrata,13,58,C,OD,
3199,513/97,"??????????? ????
subrahma?ya p?j?",,PL,TU,35x5.5,210 To 1 To 211, pooja,13,58,C,OD,
3200,513/98,"????????? ????????????
lak?abilva vrat?dy?pana?",,Tu,35x5.5 ,35x5.5 ,211 To 1,Vrata,13,58,Inc.,D,
3201,513/99,"?????????? ?????
k?d?r??vara vrata?",,PL,Tu,35x5.5,214 To 215,Vrata,13,58,C,O,
3202,514,"???????????????
n?mali?g?nu??sana?",,PL,TU,18x6,1 To 120,Nighantu,13,34,C,GO,
3203,515,"??? ?????
y?ga s?tra",Patanjali,PL,TU,21x4.5,1 To 5,Yoga,10,35,C,GO,
3204,516/1,"??????????? ????????????????
subrahma?ya sahasran?mast?tra?",Patanjali,PL,21x5,1&10,11,Stotra,2,8,C,OD,From : Brahmanda Purana 
3205,516/2,"?????? ?????????????
durg? sahasran?m?va?i?",,PL,TU,21x5,11 To 24,Stotra,11,28,C,OD,
3206,516/3,"????????????? ????????
tripurasu?dar? st?tra?",,PL,Tu,21x5,1 To ,Stotra,11,28,C,OD,
3207,517,"?????? ?????
pray?ga darpa?a",,PL,Tu,25x5,1 To 15, G- Prayoga   ,12,35,Inc.,O,
3208,518/1,"??????????
garu?apur??a?",,PL,Tu,24.5x5,1 To 17,Purana,10,35,Inc.,OD ,
3209,518/2,"??????????????
s?tum?h?tmya?",,PL,Tu,24.5x5,7 To 24,Purana,11,32,Inc.,OD ,""""
3210,519,"???????????????
adhy?tmar?m?ya?a?",,PL,Tu,22x5,3 To 192,Itihasa,12,26,Inc.,O,No of Folios Missing
3211,520/1,"??????????????? ?????
?a?khaprati??h?pan? vidhi?",,PL,TU,18.5x5.5,7 To 2, pooja,13,25,C,O,Script : Tulu Language : Kannada
3212,520/2,"????? ??? ?????
pavam?na h?ma vidhi?",,PL,Tu,25x6,1 To 11, G- Prayoga   ,11,30,Inc.,OD,
3213,520/3,"???????? ??? ??????
k??m???a h?ma pray?ga",,PL,Tu,25x6,12 To 26, G- Prayoga   ,11,30,Inc.,O,
3214,520/4,"??????????? ?????
sarpasa?sk?ra vidhi?",,PL,Tu,25x6,27 To 28, G- Prayoga   ,11,30,C,O,From : Hemadri
3215,520/5,"??????????? ?????
sarpasa?sk?ra vidhi?",,PL,Tu,25x6,28 To 30, G- Prayoga   ,11,30,C,O,
3216,520/6,"??????????????? ?????
n?gaprati??h?pan? vidhi?",,PL,Tu,25x6,30 To 1 To 31, pooja,11,30,C,O ,Saunakiya
3217,520/7,"??? ????
n?ga p?j?",,PL,Tu,25x6,32 To 35, pooja,11,30,Inc.,O,
3218,520/8,"??????????? ???? ????????
subrahma?ya ???a?a st?tra?",Agasya,PL,TU,25x6,1,Stotra,14,30,C,O,
3219,520/9,"????? ?????
rudra s?kta",,PL,Tu,25x6,1 To 15,Veda - Mantra,10,35,C,GO,Scribe : Visvanatha
3220,521,"??????? ????
v?rabhadra kalpa",,PL,TU,23.5x5,1 To 115,Tantra Mantragama,9,35,Inc.,O,
3221,522,"???????????????
n?mali?g?nu??sana?",,PL,TU,24.5x4,1 To 92,Nighantu,9,35,Inc.,OD,
3222,523/1,"?????????? ???? ????????
mah?lak?m? h?daya st?tra?",,PL,TU,23x6,8 To 11,Stotra,11,36,Inc.,O,From : Atharvana rahasya
3223,523/2,"?????????? ?????
satyan?r?ya?a vrata?",,P,Tu,23x6,11 To 47,Vrata,11,36,Inc.,O,
3224,524,"???????????
???g?rama?jari",Srirangamananda,PL,TU,34x5,49 To 84,Kavya,12,52,C,GO,
3225,525,"?????? ?????
brahma s?tra",Srirangamananda,PL,TU,23x3,1 To 12,Jautisha,9,30,C,OD,
3226,526/1,"??????? ????? ????????
t?rkika rak?? vy?khy?",Srirangamananda,PL,TU,21x3,1 To 191,Nyaya,8,32,C,OD,"Pramati Sam, Makara Masa, Sukravara"
3227,526/2,"??????? ?????
t?rkika rak??",Varadaraja,PL,Kan,21x3,192 To 205,Nyaya,5,36,C,OD,
3228,527/1,"??????? ??????
?r?ra?ga k?vya?",,PL,TU,21x4,21 To 29,Kavya,9,38,Inc.,OD,1-35 Sloka Missing 
3229,527/2,"????????
m?ghasa?d??a",Kalidasa,PL,TU,21x4,41 To 73,Kavya,9,38,C,O,
3230,527/3,"??????? ????
vair?gya ?ataka?",Bhartrhari,PL,TU,21x4,74 To 110,Kavya,9,38,C,OD,
3231,527/4,"????????
subh??it?",,PL,TU,21x4,104 To 109,Subhashita,9,38,C,O ,
3232,527/5,"???????????
vibhaktyartha",,PL,TU,21x4,110,Vyakarana,9,38,Inc.,O,
3233,527/6,"????? ???????
v?tta ratn?kara",,PL,TU,21x4,1 To 8,Chanda,9,38,C,OD,
3234,528,"??????? ????? ????????
muh?rta dar?ana vy?khy?",,PL,TU,21x5,1 To 190,Jautisha,12,30,C,G ,Kannada Tika
3235,529/1,"?????? ?????
sany?sa vidhi?",,PL,Tu,21x4,59 To 139, G- Prayoga   ,8,25,C,OD,
3236,529/2,"?????? ?????? ??????
??r?raka m?m??sa bh??ya?",,PL,TU,21x4,140 To 175,Jautisha,8,25,Inc.,G,
3237,529/3,"???????? (????? ????)
garbhag?t? (m?k?a garbha)",,PL,Tu,21x4,176 To 178,Gita,8,25,C,GO ,""""
3238,529/4,"??????? ????????
pa?caratna st?tra?",Narada,PL,TU,21x4,One,Stotra,10,25,C,O,
3239,530/1,"???? ???????? ?????? ????????
madhya siddh??ta kaumudi vy?khy?",Varadaraja,PL,TU ,21x4.5,1 To 243,Vyakarana,9,32,C,GO,
3240,530/2,"?????????? ?????
li?ganir?aya s?tra",,PL,TU,21x4.5,1 To 7,Vyakarana,9,32,Inc.,GO,
3241,531,"???????????????
adhy?tmar?m?ya?a?",,PL,Tu,21x4.5,1 To 201,Itihasa,12,32,C,GO ,"Khara sam, Scribe- Rama"
3242,532,"?????? ????????
v?d??ta mah?bh??ya",,PL,TU,22x3,1 To 204,Jautisha,5,32,C,ODW,
3243,533,"?? ??????
da?a p?r?ya?a",,PL,',33x3,185Folios, G- Prayoga   ,6,46,Inc.,ODW,
3244,534,"?????? ????? ?????
b?dh?yana g?hya s?tra",,PL,TU,33.5x4.5 ,1 To 117,Grahyasutra,8,35,Inc.,ODW,
3245,535/1,"?????? ????? ????????
tattva viv?ka vy?khy?",,PL,TU,19x5,1 To 65,Jautisha,12,30,C,OD,
3246,535/2,"??????? ??????
sa?k??pa ??r?raka",Sarvajnatma muni,PL,GR,19x5 ,66 To 141,Jautisha,12,30,C,GO,
3247,535/3,"????????? ???????
k????m?ta mah?r?ava",Ananda Tirtha,PL,TU,19x5,1 To 10,Kavya,12,30,C,GO,
3248,536/1,"?????????????
ga?apatyupani?at",,PL,Tu,26x5.5,18 To 21,Upanisat,8,23,C,G,
3249,536/2,"?????? ????
pray?ga m?l?",???????,PL,Tu,26x5.5,26 To 67, G- Prayoga   ,8,23,C,G ,Scribe : Ganapati Bhatta
3250,536/3,"??? ?????
khila s?kta",,PL,Tu,26x5.5,25,Veda - Mantra,8,25,C,G,
3251,537/1,"?????? ????????
argal? st?tra?",,PL,Tu,16x5,1 To 4,Stotra,10,25,C,OD,
3252,537/2,"???? ????????
k?laka st?tra?",,Tu,Tu,16x5,4 To 6,Stotra,10,25,C,OD,
3253,537/3,"???? ????
d?v? h?daya",,PL,Tu,16x5,6 To 8,Stotra,10,25,C,OD,
3254,537/4,"???? ????
d?v? kavaca?",,PL,TU,16x5,8 To 14 To 1,Stotra,10,25,C,OD,
3255,537/5,"???? ??????????
d?v? m?h?tmya?",,PL,TU,16x5,14 To 1 To 71,Purana,10,25,C,OD,From : Markandeya Purana 
3256,538/1,"??????????? ????????
?ivasahasran?ma st?tra?",,PL,TU,22.5x5.5,1 To 21,Stotra,10,24,C,G ,
3257,538/2,"????????? ????
m?tyu?jaya m?nasa",,PL,TU,22.5x5.5,21 To 26,Stotra,10,24,C,G ,
3258,539,"????????????
n?rad?yapur??a?",,PL,Tu,24x4,1 To 228,Purana,7,30,Inc,ODW,
3259,540,"???? ??????? ????????
tarka sa?graha? vy?khy?",,PL,TU,23.5x5,8 To 51,Nyaya,10,42,Inc.,OD ,
3260,541/1,"??????????? ?????
sa?dhy?p?san? vidhi?",,PL,Tu,27x6,10 To 16 To 1, G- Prayoga   ,11,24,Inc.,OD,"Scipt : Tulu, Tika to Kannada"
3261,541/2,"???????? ?????
vai?vad?va vidhi?",,PL,Tu,27x6,16 To 1 To 21, G- Prayoga   ,11,24,Inc,O,
3262,541/3,"??????????? ?????
sa?dhy?p?san? vidhi?",,PL,Tu,27x6,1 To 9, G- Prayoga   ,11,24,C,O,
3263,541/4,"??????? ????????
?a?ak?ari st?tra?",,PL,TU,27x6,9 To 9 To 1,Stotra,11,24,C,G,From : Siva Rahasya
3264,541/5,"???????? ?????
r?mak???a carita?",Sajjayana,PL,TU,27x6,2 To 4,Kavya,8,28,Inc.,O,"Script : Tulu, Language : Kannada, "
3265,542/1,"????????????
aitar?y?pani?at",,PL,Tu,24x5,1 To 31,Upanisat,10,37,C,G,
3266,542/2,"??????????????????
y?jñavalky?pani?at",,PL,Tu,24x5,1 To 29,Upanisat,10,37,Inc.,GO,
3267,542/3,"??????? ????????
harim??e st?tra?",,PL,TU,24x5,40 To ,Stotra,10,37,Inc.,G,
3268,542/4,"??????? ?????? ????????
harim??e stuti vy?khy?",,PL,TU,24x5,40 To 1 To 50,Stotra,10,37,C,G ,
3269,542/5,"????????? ?????
?tman?tma viv?ka",,PL,TU,24x5,50 To 1 To 58,Jautisha,10,37,C,G,
3270,542/6,"??? ?? ????????
gau?a pada vy?khy?",Gauda Padacarya,PL,TU,24x5 ,58 To 66,Jautisha,10,37,C,G,
3271,542/7,"????? ?????
sam?dhi vidhi?",,PL,TU,24x5,66 To 67,Jautisha,10,37,Inc. ,G,
3272,543/1,"?????????? 
d?vy?rgala ",,PL,Tu,19.5x5,1 To 3,Stotra,10,25,C,OD ,
3273,543/2,"???? ?????
d?v? k?laka?",,PL,Tu,19.5x5,3 To 1 To 5,Stotra,10,25,C,OD ,
3274,543/3,"???? ????
d?v? kavaca?",Hari Hara,PL,Tu,19.5x5,5 To 10,Stotra,10,25,C,O,
3275,543/4,"???? ??????????
d?v? m?h?tmya?",Hari Hara,PL,TU,19.5x5,10 To ,Purana,10,25,C,G ,""""
3276,544/1,"?????? ??? ??????
svapna ?la? nir?aya",,PL,TU,21.5x5.5,1 To 2 To 1,Jautisha,16,30,C,G,
3277,544/10,"???????????? ???????? ??????
du??anak?atra raj?dar?ana ???ti?",,PL,Tu,21.5x5.5 ,12 To 12 To 1,Shanti,16,30,C,G,
3278,544/11,"??????????? ?????????? ??????
vyatip?t?di pratham?rthava ???ti?",,N.Na,Tu,21.5x5.5,12 To 1 To 13,Shanti,16,30,C ,G,
3279,544/12,"??????????? ??????
vidyutp?ta ???ti?",,PL,Tu,21.5x5.5,13 To 13 To 1,Shanti,10,30,C,G,
3280,544/13,"?????????? ???? ??????
dak?i??mukha kadal? ???ti?",,PL,TU,21.5x5.5 ,13 To 1 To 14,Shanti,16,30,C,G,
3281,544/14,"???? ??????
kap?ta ???ti?",,PL,Tu,21.5x5.5,14 To ,Shanti,16,30,C,G,
3282,544/15,"?????? ??????
?ithili ???ti?",,PL,Tu,21.5x5.5,14 To 1 To 15,Shanti,16,30,C,G,
3283,544/17,"???????????? ????
a?vatth?panayana kalpa",,PL,Tu,21.5x5.5,15 To 16,Vrata,16,30,C ,G,""""
3284,544/18,"????? ??????
upar?ga ???ti?",,PL,Tu,21.5x5.5,16 To 17,Shanti,16,30,C ,G,Matsya Purana 
3285,544/19,"????? ??????
upar?ga ???ti?",,PL,Tu,21.5x5.5,17 To 1 To 19,Shanti,16,30,C,G,Sauna Kiya
3286,544/20,"??????? ??? ??????
vi?an??i janana ???ti?",,PL,Tu,21.5x5.5,19 To 19 To 1,Shanti,16,30,C,G,
3287,544/22,"????? ??? ??????
g?mukha janana ???ti?",,PL,TU,21.5x5.5,21 To 22,Shanti,16,30,C,G.,
3288,544/23,"?????? ??????
kha????ta ???ti?",,PL,Tu,21.5x5.5,22 To 23,Shanti,16,30,C,G,
3289,544/24,"????????? ????? ??????
am?v?sy? prasava ???ti?",,PL,Tu,21.5x5.5,23 To 24,Shanti,16,30,C ,G,From : Pitamahasamhita
3290,544/25,"??? ????? ??????
da?ta sahajanana ???ti?",,PL,TU,21.5x5.5 ,24 To 24 To 1,Shanti,10,30,C,G,
3291,544/26,"??????? ??? ??????
nak?atra ga??a ???ti?",,PL,Tu,21.5x5.5,24 To 1 To 25,Shanti,16,30,C,G,From : Jyotisarnava
3292,544/27,"???? ??? ??????
a?va janana ???ti?",,PL,Tu,21.5x5.5,25 To 26,Shanti,16,30,C,C,
3293,544/29,"????? ??? ??????
g?mukha janana ???ti?",,PL,TU,21.5x5.5,31 To 32,Shanti,16,30,C,G. ,From : Jyotisarnava
3294,544/3,"??????? ????
ana?tad?ra na??a",,PL,Tu,21.5x5.5,3 To 1 To 8 To 1,Vrata,16,30,C ,G,From : Bhavisottara purana
3295,544/3,"??????? ????????
b?lagraha cikits?",,PL,Tu,21.5x5.5,3 To 1 To 7 To 1,Vaidya,16,30,C,G,""""
3296,544/30,"????? ??????? ??? ??????
j???a nak?atra janana ???ti?",,PL,TU,21.5x5.5,32 To 33 To 1,Shanti,16,30,C ,G,
3297,544/31,"???? ??????
kuh? ???ti?",,PL,Tu,21.5x5.5,33 To 1 To 34,Shanti,16,30,C,G,
3298,544/32,"????????? ??? ??????
?kanak?atra janana ???ti?",,PL,Tu,21.5x5.5,34 To 1,Shanti,16,30,C ,G,
3299,544/33,"??? ??????
ga??a ???ti?",,PL,Tu,21.5x5.5,35 To 36,Shanti,16,30,C,G,From : Manaviya 
3300,544/34,"??????? ??? ??????
nak?atra ga??a ???ti?",,PL,Tu,21.5x5.5,36 To ,Shanti,16,30,C,G,
3301,544/35,"????? ???????? ??? ??????
k???a caturda?? janana ???ti?",,PL,Tu,21.5x5.5,36 To 1 To 37,Shanti,16,30,C,G,
3302,544/36,"?????? ??????? ??? ??????
r?hi?? nak?atra janana ???ti?",,PL,Tu,21.5x5.5,37 To 38,Shanti,16,30,C ,G,Saunakiya
3303,544/37,"????? ??????? ??????
graha?a pras?ti ???ti?",,PL,TU,21.5x5.5,38 To 39,Shanti,16,30,C,G.,""" "
3304,544/38,"?????? ??? ??????
vaik?ti janana ???ti?",,PL,Tu,21.5x5.5,39,Shanti,16,30,C,G,
3305,544/4,"??????? ????
ana?tad?ra na??a",,PL,Tu,21.5x5.5,1 To 1 To 8 To 1,Vrata,16,30,C ,G,
3306,544/40,"???? ??? ??????
sarva r?ga ???ti?",,PL,Tu,21.5x5.5,39 To 40,Shanti,16,30,C,G,
3307,544/41,"????? ??????
k?tya ???ti?",,PL,Tu,21.5x5.5,40 To ,Shanti,16,30,C,G,
3308,544/42,"????? ??????
?atru ???ti?",,PL,Tu,21.5x5.5,40 To ,Shanti,16,30,C ,G,
3309,544/43,"????? ??????
jan?gara ???ti?",,PL,TU,21.5x5.5,40 To 1 To 41,Shanti,16,30,C,G.,
3310,544/45,"???????????? ??? ??????
k?kagradr?di patana ???ti?",,PL,TU,21.5x5.5 ,42 To 42 To 1,Shanti,16,30,C,G,
3311,544/46,"??????? ?????????? ??????
caturthi ca?dradar?ana ???ti?",,PL,TU,21.5x5.5 ,42 To 1,Shanti,16,30,C,G.,
3312,544/47,"??? ??? ??????
k??a dahana ???ti?",,PL,Tu,21.5x5.5,42 To 1 To 43,Shanti,16,30,C,G,
3313,544/50,"?????? ??????
adbhuta ???ti?",??????,PL,Tu,21.5x5.5,45 To 46,Shanti,16,30,C ,G,
3314,544/51,"??????? ??????? ???
r?g?ra?bha nak?atra bali",,PL,Tu,21.5x5.5 ,47 To ,Shanti,16,30,C,G,
3315,544/52,"???? ?????? ?????
sarva ???ti? vidhi?",,PL,Tu,21.5x5.5,48 To ,Shanti,16,30,C,G,Saunakiya 
3316,544/53,"??????? ?????????? ?????
lak?m? ku?bh?bhi??ka vidhi?",,PL,Tu,21.5x5.5 ,49 To 1 To 49,Shanti,16,30,C,G,Yamalokta 
3317,544/54,"???????? ??? ??????
k?kavi??a patana ???ti?",,PL,TU,21.5x5.5 ,49 To 1 To 50,Shanti,16,30,C,G,Naradiyokta 
3318,544/55,"????????? ??????
sa?kr??ti ???ti?",,PL,Tu,21.5x5.5,50 To 51,Shanti,16,30,C,G,Saunakiya
3319,544/59,"?????? ??????
adbhuta ???ti?",??????,PL,Tu,21.5x5.5,52 To 1 To 53,Shanti,16,30,C,G,Saunakiya
3320,544/6,"?????? ?????
v?stu lak?a?a",,PL,TU,21.5x5.5,9 To 9 To 1,Shilpa,16,30,C,G,
3321,544/60,"????? ??????
?atru ???ti?",,PL,Tu,21.5x5.5,53 To 53 To 1,Shanti,16,30,C,G,
3322,544/63,"?? ??????
gaja ???ti?",,PL,Tu,21.5x5.5,55 To 1 To 56,Shanti,16,30,C,G,
3323,544/64,"???? ??????
a?va ???ti?",,PL,Tu,21.5x5.5,56 To 58,Shanti,16,30,C ,G,""""
3324,544/65,"???? ??????
ta??ka ???ti?",????,PL,TU,21.5x5.5,58 To 59,Shanti,16,30,6,G,
3325,544/66,"?????? ?????
v?rabali vidhi?",,PL,Tu,21.5x5.5,59 To 59 To 1,Shanti,10,30,C,G,
3326,544/68,"???? ??????
kadal? ???ti?",,PL,Tu,21.5x5.5,60 To 60 To 1,Shanti,16,30,C,G,
3327,544/69,"??? ??? ?????
tila h?ma vidhi?",,PL,TU,21.5x5.5,60 To 1 To 61,Shanti,16,30,C ,G,
3328,544/70,"??????? ????? ???????
a?vattha viv?ha pray?ga?",,PL,TU,21.5x5.5,61 To , G- Prayoga   ,16,30,C ,G,
3329,544/71,"????? ???????
agni sam?r?pa?a",,PL,32x5,21.5x5.5 ,61 To 1 To 62, G- Prayoga   ,16,30,C,G,Saunakiya 
3330,544/72,"???? ?????????? ????? ?????
dvi bh?ry?gni sa?y?ga vidhi?",,PL,TU,21.5x5.5,62 To 62 To 1, G- Prayoga   ,16,30,C,G,
3331,544/73,"?? ????????? ?????
?ata kala??bhi??ka vidhi?",,PL,Tu,21.5x5.5 ,62 To 1 To 63,Shanti,16,30,C,G,Saunakiya 
3332,544/74,"??????????? ??? ?????
apam?tyu?jaya h?ma vidhi?",,PL,Tu,21.5x5.5 ,63 To 1 To 64,Shanti,16,30,C,G,
3333,544/75,"????????? ?????
arkaviv?ha vidhi?",,PL,TU,21.5x5.5,64 To 64 To 1, G- Prayoga   ,16,30,C,G,Saunakiya 
3334,544/76,"?????????? ?????
a?kur?rpa?a vidhi?",,PL,Tu,21.5x5.5,64 To 1 To 65, G- Prayoga   ,16,30,C,G,Saunakiya
3335,544/77,"???????? ?????
mah?bhi??ka vidhi?",,PL,TU,21.5x5.5 ,65 To 66 To 1, G- Prayoga   ,16,30,C,G,Saunakiya 
3336,544/78,"?? ?????? ?????
gaja nir?jana vidhi?",,PL,Tu,21.5x5.5,66 To 67, G- Prayoga   ,16,30,C,G,Saunakiya 
3337,544/79,"????? ???????? ???? ?????
sahasra br?hma?a bh?jana vidhi?",,PL,45x4 ,21.5x5.5,67 To 67 To 1,Shanti,16,30,C,G,Bodhayana
3338,544/8,"????????? ?????????? ??????
am?v?sy? pratham?rthava ???ti?",,PL,Tu,21.5x5.5 ,10 To 10 To 1,Shanti,16,30,C,G,
3339,544/80,"??????? ????
parjanya kalpa",,PL,Tu,21.5x5.5,67 To 1 To 68 To 1, G- Prayoga   ,16,30,C,G,
3340,544/81,"????????? ??????
?unak?r?ha?a ???ti?",,PL,Tu,21.5x5.5 ,68 To 69 To 1,Shanti,16,30,C,G,
3341,544/82,"????? ??????
a?g?ra sm?ti",,PL,TU,21.5x5.5,69 To 1 To 96,Smriti,16,30,C,G,
3342,544/83,"????? ??????
par??ara sm?ti",,PL,TU,21.5x5.5,97 To 116,Smriti,16,30,Inc.,G,
3343,544/84,"???? ?????? ?????? ????????
yajña valkya sm?ti vy?khy?",,PL,TU,21.5x5.5,116 To 164,Smriti,16,30,Inc.,G,
3344,544/85,"???? ?????????
gautama dharmas?tra",,PL,TU,21.5x5.5 ,165 To 185,dharmasutra,16,30,C,G,
3345,544/86,"????????? ????? ????
r?mam?rti vijaya? p?j?",,PL,Tu,21.5x5.5 ,1 To 4, pooja,16,35,C,OD,
3346,544/9,"??????? ???????? ??????
vi?an??i raj?dar?ana ???ti?",,PL,Tu,21.5x5.5 ,10 To 1 To 12,Shanti,16,30,C,G,Vroddha Gargyokta 
3347,544/9,"??????? ???????? ??????
vi?an??i raj?dar?ana ???ti?",,PL,Tu,27.5x5,39 To 1,Shanti,10,34,C,G,
3348,545,"??????????????? ????????
n?mali?g?nu??sana? vy?khy?",,PL,TU,26x4.5,1 To 42,Nighantu,11,42,Inc.,O,
3349,546,"??????????????? ???????
n?mali?g?nu??sana? sa?graha?",Lingaiah Suri,PL,Tu,22x4.5 ,1=106,Nighantu,10,25,Inc.,OD,scribe : Vasudeva
3350,547/1,"??????????
g?t?g?vi?da",Jayadev ,PL,TU,37x6,1 To 12,Kavya,12,45,Inc.,OD,Ist page dameged
3351,547/2,"???????? ?????
??ipa?cam? vrata?",,PL,TU,37x6,16 To 24,Vrata,12,45,C,OD,From : Brahamandapurana
3352,547/3,"???????? ???? ???
??ipa?cam? vrata kath?",,PL,Tu,37x6,24 To 1 To 27,Vrata-Katha,12,45,C,GO,From : Brahmand purana
3353,547/4,"????? ???? ?????
yamun? p?j? vidhi?",,PL,TU,37x6,28 To 29, pooja,12,45,C,GO,From : Padmapurana
3354,547/5,"???? ??????????
ana?ta m?h?tmya?",Vyasa,PL ,Tu,37x6,29 To 1 To 43,Purana,12,45,C,GO,From : Bhavisottara Purana 
3355,547/7,"???????? ?????
??ipa?cam? vrata?",,PL,TU,37x6,46 To 52,Vrata,12,45,C,OD,
3356,548/1,"???? ???? ????????
tarka bh??? vy?khy?",Chennu bhatta,PL,TU,23x4,2 To 115,Nyaya,11,40,Inc. ,O,
3357,548/2,"???? ???? ?????
tarka bh??? lak?a?a",Chennu bhatta,PL,TU,23x4,116 To 128,Nyaya,11,40,Inc. ,G,
3358,548/3,"???? ???? ?????
tarka bh??? lak?a?a",Chennu bhatta,PL,TU,23x4,129 To 139,Nyaya,11,40,Inc.,GO ,
3359,549,"?????????????? ????????
vi??usahasran?ma st?tra?",Chennu bhatta,PL,TU,12.5x4.5,15Folies,Stotra,9,20,Inc.,GO,
3360,550/1,"?????????????? ????????
vi??usahasran?ma st?tra?",Chennu bhatta,PL,TU,12.5x4.5,1 To 21,Stotra,11,16,C,G ,
3361,550/2,"???????
?hnik?",,PL,TU,12.5x4.5,22 To 52, G- Prayoga   ,11,16,C,G,
3362,551/1,"???? ??????????
d?v? m?h?tmya?",,PL,TU,17x5.5,8 To 41,Purana,11,30,Inc.,ODW ,""""
3363,551/2,"?????????? 
d?vy?rgala ",,PL,Tu,17x5.5,2 To 2 To 1,Stotra,11,30,Inc.,ODW ,
3364,551/3,"???? ?????
d?v? k?laka?",,PL,Tu,17x5.5,2 To 1 To 3,Stotra,11,30,C,ODW ,
3365,551/4,"???? ????
d?v? kavaca?",,PL,TU,17x5.5,3 To 1 To 7 To 1,Stotra,11,30,C ,ODW,
3366,552/1,"???? ????
d?v? h?daya",,PL,Tu,16x5.5,1 To 3,Stotra,9,21,C,G ,
3367,552/2,"?????????? 
d?vy?rgala ",,PL,Tu,16x5.5,3 To 1 To 6,Stotra,9,21,C,G ,
3368,552/3,"???? ?????
d?v? k?laka?",,PL,Tu,16x5.5,6 To 7,Stotra,9,21,C,G ,
3369,552/4,"???? ????
d?v? kavaca?",,PL,TU,16x5.5,7 To 1 To 18,Stotra,9,21,C,G ,From : Markandeya Purana 
3370,552/5,"???? ??????????
d?v? m?h?tmya?",,PL,TU,16x5.5,18 To 74,Purana,9,21,C,G ,""""
3371,553,"?????????
bhagavadg?t?",,PL,Tu,12x5.5,1 To 55,Gita,11,18,C,G ,"Scribe : Ganapati Adiga, Barkur "
3372,554/1,"?????? ?????
s?mav?ra vrata?",,PL,Tu,13.5x4,1 To 3,Vrata,10,21,Inc.,GO,
3373,554/2,"??????????? ????????
?ivasahasran?ma st?tra?",,PL,TU,13.5x4,6 To 27,Stotra,10,21,Inc.,G ,
3374,554/3,"?????????????? ????????
vi??usahasran?ma st?tra?",,PL,TU,13.5x4,29 To 44,Stotra,10,21,C,G,
3375,555,"???????? ??????
siddh??ta kaumudi",,TU,TU,12.5x5,1 To 105,Vyakarana,9,20,Inc.,G ,
3376,556/1,"???? ??????????
d?v? m?h?tmya?",,PL,TU,15x6,1 To 54,Purana,11,18,C,ODW,""""
3377,556/2,"???? ?????
d?v? s?kta",,PL,Tu,15x6,1 To 3,Veda - Mantra,13,18,C,OD,
3378,557,"????? ????????
s?rya siddh??ta",,PL,TU,14.5x4,146Folios,Jautisha,7,18,Inc. ,ODW,
3379,558/1,"????? ???? ?????
yamun? p?j? vidhi?",,PL,TU,14x5,1 To 8, pooja,11,21,C,DW,
3380,558/2,"???? ????
ana?ta p?j?",,PL,Tu,14x5,8 To 1 To 17, pooja,11,21,C ,G,Scribe : Mahabala
3381,559/1,"?????? ??????
samad?gama ???ti?",,PL,Tu,20x5,Tulu,Tantra Mantragama,9,25,Inc.,OD,
3382,559/10,"????????????
ska?d?pani?at",,PL,TU,20x5,8 To 1 To 9,Upanisat,10,33,C,GO,
3383,559/11,"????????????
??r?r?pani?at",,PL,Tu,20x5,9 To 10,Upanisat,10,33,C,OD,
3384,559/12,"????????? ?????
???a??pac?ra vidhi?",,PL,TU,20x5,1 To 5Folios,Tantra Mantragama,10,30,Inc.,OD,
3385,559/2,"??????????? ???????
pratya?gir? stavar?ja",Chandalogra Sula pani,PL,TU,20x5,v To 1 To R To 1,Stotra,9,25,C,G,Page No's Tulu Script
3386,559/3,"????? ????????
a?g?ra st?tra?",,PL,Tu,20x5,;j To 1 To <j To 1,Stotra,9,25,C,G,
3387,559/4,"??????????? ????????
?p?d?dd?raka st?tra?",, PL,Tu,20x5,U To 1 To Wk To 1,Stotra,9,25,Inc.,G,No's In Tulu Script
3388,559/5,"???????? ????????????
k?l?gni rudr?pani?at",,PL,TU,20x5,1 To 1,Upanisat,10,33,C,ODW,
3389,559/6,"???????????
bh?van?pani?at",,PL,Tu,20x5,2 To 3 To 1,Upanisat,10,33,C,OD,
3390,559/7,"?????????????
kaivaly?pani?at",,PL,Tu,20x5,3 To 1 To 5 To 1,Upanisat,10,33,C,G,
3391,559/8,"?????????????
n?r?ya??pani?at",,PL,Tu,20x5,5 To 1 To 6 To 1,Upanisat,10,33,C,OD,
3392,559/9,"?????????????
brahm?pani?at",,PL,Tu,20x5,7 To 8 To 1,Upanisat,10,33,C,OD,
3393,560/1,"????? ?????
upav?ta lak?a?a",,PL,Tu,18x4,1 To 3, G- Prayoga   ,9,20,Inc.,DW,
3394,560/2,"??????
b?lab?dha",,PL,TU,18x4,4 To 9,Jautisha,9,20,C ,G,
3395,560/3,"????????
sub?dhini",,PL,TU,18x4,9 To 21,Jautisha,9,20,Inc.,OD ,
3396,560/4,"??? ???????? ????????
?aiva sahasran?ma st?tra?",Narayana,PL,TU,18x4 ,22 To 37 To 1,shaiva,9,20,C,G,"Saka-1773 - 1851, Sadarana Sam, "
3397,560/5,"?????? ???????? ????????
durg? sahasran?ma st?tra?",,PL,Tu,18x4,37 To 1,Stotra,9,20,C,GO,"Sadarana Sam, Vaisaka, Budhavara, "
3398,560/6,"??????? ???????? ????????
lak?m? sahasran?ma st?tra?",,PL,TU,18x4,50 To 64,Stotra,9,20,C,G,From : Matsya Purana 
3399,560/7,"?????
bh?g?la",,PL,TU,18x4,65 To 82,Ganita,9,20,C,G ,
3400,561,"?????????????? ????????
vi??usahasran?ma st?tra?",,PL,TU,16x4,1 To 36,Stotra,6,17,C,G,
3401,562/1,"?????????
kar?as?kta",,PL,Tu,18x5.5,1 To 2 To 1,Veda - Mantra,13,25,C,Go,
3402,562/2,"?? ?????
yama s?kta",,PL,Tu,18x5.5,2 To 3,Veda - Mantra,13,25,C,GO,
3403,562/3,"?? ?????
g? s?kta",,PL,Tu,18x5.5,3 To 4,Veda - Mantra,13,25,C,O,
3404,562/4,"?? ?????
yama s?kta",,PL,Tu,18x5.5,4 To 8,Veda - Mantra,13,25,C,GO,
3405,562/5,"????? ?????
rudra s?kta",,PL,Tu,18x5.5,8 To 12,Veda - Mantra,13,25,C,GO,
3406,562/6,"???? ??????? ?????
sarva sa?sk?ra vidhi?",,PL,Tu,18x5.5,12 To 1 To 13,Shanti,13,25,C,G,
3407,562/7,"??? ?????
?a?kha s?kta",,PL,Tu,18x5.5,1Folio,Veda - Mantra,13,25,Inc.,G,
3408,562/8,"????? ?????
ma???ka s?kta",,PL,Tu,18x5.5,One,Veda - Mantra,13,25,Inc.,O,
3409,563/1,"??????? ????????
?anai?cara st?tra?",,PL,TU,22x5,1 To 5,Stotra,11,30,C,G,From: Skanda Purana 
3410,563/10,"??? ?????? ?????
bh?ta ?uddhi vidhi?",,PL,TU,22x5,41 To 43,Tantra Mantragama,11,30,C,G,
3411,563/11,"????????? ????
???a??pac?ra p?j?",,PL,Tu,22x5,43 To 53, pooja,11,30,C,G,
3412,563/12,"??????? ??? ?????
r?m?ya?a? m?la ma?tra",,PL,Tu,22x5,54 To 55, pooja,11,30,C,G,
3413,563/13,"????????? ?????
m?tyu?jaya ma?tra",,PL,Tu,22x5,56 To 57, pooja,11,30,C,G,
3414,563/14,"????????? ?????? ?????
su?darak???a p?r?ya?a vidhi?",,PL,Tu,22x5 ,57 To , pooja,11,30,C,G,
3415,563/15,"???????? ??? ??????
k?kavi??a patana ???ti?",,PL,TU,22x5,58 To 58 To 1,Shanti,11,30,C ,G,
3416,563/17,"????? ??????
ana?va ???ti?",????,PL,Tu,22x5,60 To 62,Shanti,11,30,C,G,
3417,563/18,"???????????? ??????? ??????
k?kagradr?di spar?ana ???ti?",,PL,TU,22x5 ,62 To 62 To 1,Shanti,11,30,C,G,
3418,563/19,"??????????? ?????
sa?dhy?p?san? vidhi?",,PL,Tu,22x5,63 To 84, G- Prayoga   ,11,30,C,G,
3419,563/2,"?????????????? ????????
vi??usahasran?ma st?tra?",,PL,TU,22x5,5 To 16,Stotra,11,30,C,G,From : Mahabharata Santi parva
3420,563/20,"???????????? ????
s?ryanamask?ra p?j?",,PL,TU,22x5,85 To 97, pooja,11,30,C,G,
3421,563/21,"??? ????
?iva kavaca?",,PL,TU,22x5,98 To 106,Stotra,11,30,C,G,""""
3422,563/22,"????? ???? ?????
s?rya ma??ala vidhi?",,PL,TU,22x5,107 To 107 To 1, pooja,11,30,C,G,
3423,563/23,"??????????? ????
s?ryan?r?ya?a p?j?",,PL,Tu,22x5,108 To 126, pooja,11,30,C ,G,From : Adipurana
3424,563/24,"????????????? ????????
dak?i??m?rti st?tra?",,PL,Tu,22x5,127 To 130,Stotra,11,30,C ,G,
3425,563/25,"?????? ????????
mah?d?va st?tra?",,PL,TU,22x5,131 To 132 To 1,Stotra,11,30,C,G,
3426,563/26,"??? ????????
r?ma st?tra?",,PL,TU,22x5,132 To 135,Stotra,11,30,C,G,
3427,563/27,"????? ????????
k???a st?tra?",,PL,Tu,22x5,135 To 136 To 1,Stotra,11,30,C,G,
3428,563/28,"????? ????? ????????
ga?apati v?dapada st?tra?",,PL,Tu,22x5,136 To 1 To 138,Stotra,11,30,C ,G,
3429,563/29,"?????????? ????????
i?dr?k?i st?tra?",, PL,Tu,22x5,138 To 142,Stotra,11,30,C ,G,
3430,563/3,"??? ?????????????
?aiva namask?r???aka?",Narayana,PL,TU,22x5,27 To 28,shaiva,11,30,C,G,
3431,563/30,"????? ?????
ak?i s?kta",,PL,“,22x5,142 To 143,Veda - Mantra,11,30,C,G,
3432,563/31,"???? ?????
sa??a s?kta",,PL,TU,22x5,143 To 1 To 146,Veda - Mantra,11,30,C,G,
3433,563/32,"??????????? ????????
d?h?tpatti nirukti",,PL,TU,22x5,146 To 149,Vedanga,11,30,C,G,
3434,563/33,"???? ?????
?r? s?kta",,PL,TU,22x5,150 To 155,Veda - Mantra,11,30,C,G,
3435,563/34,"????????? ?????
samastapar?dha stava?",Sankaracarya,PL,TU,22x5,155 To 156,Stotra,11,30,C,G,
3436,563/35,"???????????
bilv???aka?",,PL,TU,22x5,156 To 157,Stotra,11,30,C,G,
3437,563/36,"????? ????????
v?dapada st?tra?",Jaimini,PL,TU,22x5,163 To 173,Stotra,11,30,C ,G,
3438,563/37,"??? ??????? ?????
r?ma ?a?ak?ari ma?tra",,PL,TU,22x5,1 To ,Stotra,11,30,Inc.,G,
3439,563/38,"????????? ??????
pa?cam?rti sth?pana",,PL,TU,22x5,One,Tantra Mantragama,11,30,Inc.,O,
3440,563/39,"?????? ???? ?????
vi??u p?j? vidhi?",,PL,TU,22x5,4, pooja,11,30,C,G,
3441,563/4,"??????????? ?????
rudr?bhi??ka vidhi?",,PL,Tu,22x5,30 To 1 To 34, pooja,11,30,Inc.,G,
3442,563/5,"????? ????
s?rya p?j?",,PL,TU,22x5,34 To 36, pooja,11,30,C,G,
3443,563/6,"????? ????
ga?apati p?j?",,PL,Tu,22x5,36 To 37, pooja,11,30,C,G,
3444,563/7,"?????? ???? ?????
durg? p?j? vidhi?",,PL,Tu,22x5,37 To 38, pooja,11,30,C,G,
3445,563/8,"??????? ?????
?ivap?j? vidhi?",,PL,Tu,22x5,38 To 40, pooja,11,30,C,G,
3446,563/9,"?????????? ?????
vi??up?j? vidhi?",,PL,Tu,22x5,40 To 41, pooja,11,30,C,G,
3447,564/1,"??? ????? ??????
k?la vidh?na paddhati",,PL,TU,18.5x4.5,1 To 29,Jautisha,9,25,C,G,Including dasadipika
3448,564/2,"?????
bh?g?la",,PL,TU,18.5x4.5,30 To 60,Ganita,9,25,C,G,Scribe : Vishnu Sarma 
3449,564/3,"???????? ?????
vai?vad?va ma?tra",,PL,Kan,18.5x4.5,1 To 4,Veda - Mantra,8,25,C,G,
3450,565/1,"????? ?????????????
lalit? sahasran?m?va?i?",,PL,TU,17.5x5,1 To 38,Stotra,10,20,C,G,"Durmukhi sam, Bhadrapada Bahula, "
3451,565/2,"?????? ???? ?????
durg? p?j? vidhi?",,PL,Tu,17.5x5,1 To 4, pooja,10,20,C,G,
3452,566/1,"?????????
bhagavadg?t?",,PL,Tu,17.5x4,1 To 82,Gita,8,23,C,G ,"1-19 Adhyayas, Brhma Rasa, Adhyaya"
3453,566/2,"?????? ?????????????
durg? sahasran?m?va?i?",,PL,TU,17.5x4,1 To 11,Stotra,9,20,C,G ,
3454,567,"??? ??????
kanaka ???ataka?",,PL,TU,13x5,1 To 128,Subhashita,10,15,C,G,1-9 Satakam (900 Sloka) 
3455,568/1,"????? ??????
gr?ma paddhati",Bhattacarya,PL,Tu,18x4.5,1 To 28,General,11,30,C,G,From : Shayadri khanda
3456,568/2,"??????? ??????
?ivar?jana paddhati",,PL,TU,18x4.5,1 To 2,Gadya - Katha,11,30,Inc.,G,
3457,569,"?????????
bhagavadg?t?",,PL,Tu,18.5x4,1 To 85,Gita,8,25,C,GO ,
3458,570/1,"???? ??????????
ana?ta m?h?tmya?",,PL ,Tu,24.5x5,2 To 46,Purana,9,23,Inc.,O ,""""
3459,570/2,"??????????
garu?apur??a?",,PL,Tu,24.5x5,18Folios,Purana,11,30,Inc. ,O,
3460,571/1,"?????????? ????
g?p?lak???a p?j?",,PL,TU,21x5.5,1 To 8, pooja,8,28,C,G,
3461,571/3,"???????? ???? ?????
navar?tr? p?j? vidhi?",,PL,Tu,21x5.5,13.24, pooja,8,28,C,G,
3462,571/4,"?????? ?????????????
durg? sahasran?m?va?i?",,PL,TU,21x5.5,25 To 28,Stotra,8,28,Inc.,GO ,
3463,572/1,"?????? ??????
?gv?da sa?hit?",,PL,TU,25x5,1 To 28,Samhita,9,26,Inc.,G,"VII Astaka, II Adhyaya Srikaram/ Sri Manjunathaya nama/"
3464,572/2," ???? ??????
 p?j? vidh?na?",,PL,Tu,25x5,1 To 6, pooja,9,26,Inc. ,G,
3465,573/1,"??? ???? ??????
?a? ??ti nir?aya",,PL,Tu,26x5.5,1 To 13, G- Prayoga   ,11,38,C,G,
3466,573/10,"?????? ????
pray?ga m?l?",???????,PL,Tu,26x5.5,5 To 7, G- Prayoga   ,8,36,C ,G,
3467,573/11,"????? ??????
aup?sana nir?aya",,PL,Tu,26x5.5,8 To 10,Grahyasutra,8,36,Inc.,G,
3468,573/12,"??? ??? ??????
j?ta ?auca nir?aya",,PL,TU,26x5.5,1 To 2, G- Prayoga   ,8,36,C,G,
3469,573/13,"???? ??? ??????
am?ta ?auca nir?aya",,PL,TU,26x5.5,2 To 4, G- Prayoga   ,8,36,C,G,
3470,573/14,"?????? ????
s?mav?ra p?j?",,PL,TU,35x5.5,15 To 16, pooja,13,58,C,OD,
3471,573/14,"????????? ??? ??????
atikr??ta ?auca nir?aya",,PL,Tu,26x5.5 ,6 To 7, G- Prayoga   ,8,36,C,G,
3472,573/15,"??? ????? ??????
?auca sa?p?ta nir?aya",,PL,Tu,26x5.5,7 To 8, G- Prayoga   ,8,36,C,G,Scribe : Thimmanna Bhatta 
3473,573/2,"???? ???????? ????????
a?auca da?a?l?ki vy?khy?",,PL,Tu,26x5.5,14 To 25, G- Prayoga   ,11,38,Inc.,G,"Script to Tulu, Tika : Kannada "
3474,573/3,"?? ??????
agha nir?aya",,PL,TU,26x5.5,26 To 44, G- Prayoga   ,11,38,Inc,G,"Scribe : Tulu, Vyakhya : Kannada "
3475,573/4,"?????? ??????
upakarma nir?aya",,PL,Tu,26x5.5,45 To 47, G- Prayoga   ,11,38,C,G ,
3476,573/5,"?????? ??????
upakarma nir?aya",,PL,Tu,26x5.5,49 To , G- Prayoga   ,11,38,C,G,
3477,573/6,"???? ??????
a?auca nir?aya",,PL,Tu,26x5.5,50 To 55, G- Prayoga   ,11,38,Inc.,G,
3478,573/7,"???????????? ?????
pi??c?ddh?ra?a vidhi?",,PL,Tu,26x5.5,1 To 5, G- Prayoga   ,9,36,C,G,
3479,573/8,"??????? ?????
pi??ad?na vidhi?",,PL,Tu,26x5.5,6 To 7, G- Prayoga   ,9,36,C,G,
3480,573/9,"?????????? ???????
punaspa?dan? pray?ga?",,PL,Tu,26x5.5,1 To 4, G- Prayoga   ,9,36,C,G,
3481,574/1,"???? ????????
nai?adha vy?khy?",Narayana,PL,TU,49x4.5,58 To 139,Kavya,7,85,Inc. ,DW,
3482,574/2,"????????? ????????
karmavip?ka sudh?nidhi",??????????,PL,49x4.5,1to17,7, G- Prayoga   ,85,Inc.,ODW,,
3483,575,"?????? ???????
nir?aya sa?graha?",,PL,Tu,49x6,1 To 69, G- Prayoga   ,15,72,Inc.,OD,
3484,576,"??????? ???? ??????
muh?rta tatva d?pik?",Ganesa Daivajna,PL,TU,51.5x6 ,1 To 65,Jautisha,12,75,C,OD,
3485,577/1,"?????????????????
i?drajy???hama?tra",,PL,Tu,48.5x5,1 To 30,Veda - Mantra,9,60,C,Go,
3486,577/2,"??????????
i?dras?kta",,PL,Tu,48.5x5,1 To 5,Veda - Mantra,9,60,Inc.,OD,
3487,577/3,"??????????? ?????
i?dr?s?miya s?kta",,PL,Tu,48.5x5,1 To 4,Veda - Mantra,9,60,C,OD,
3488,577/4,"????????? ????????
m?tyu?jaya st?tra?",,PL,TU,48.5x5,1 To 1,Stotra,9,60,C,GO ,
3489,577/5,"??????? ?????
?ivap?j? vidhi?",,PL,Tu,48.5x5,1 To 2, pooja,9,60,C,OD,
3490,578,"?????? ?????? ??????
?gv?da sa?hit? bh??ya?",,PL,TU,38x4,1 To 40,Samhita,8,52,C,90,
3491,579,"??????
pa?camara?a",,PL,Tu,27x4.5,192 To 236,Brahmana,9,40,C,OD,
3492,580,"?????? ?????? ??????
?gv?da sa?hit? bh??ya?",,PL,TU,40x4,1 To ,Samhita,9,65,C,ODW,
3493,581,"???? ?????? ?????? ????????
yajña valkya sm?ti vy?khy?",,PL,TU,48x5.5,28Folios,Smriti,12,62,Inc.,DW,
3494,582/1,"????? ???????? ????????
lalit? sahasran?ma st?tra?",,PL,TU,26x5,1 To 26,Stotra,9,30,Inc.,OD,
3495,582/2,"??????? ???????? ????????
lak?m? sahasran?ma st?tra?",,PL,TU,26x5,27 To 44,Stotra,9,30,Inc.,OD,
3496,583/1,"?????? ?????
nir?aya si?dhu",?????? ????,PL,Tu,26.5x5,1 To 85, G- Prayoga   ,12,38,Inc.,OD,
3497,583/2,"????? ??? ?????
pavam?na h?ma vidhi?",,PL,Tu,26.5x5,1 To 10, G- Prayoga   ,12,38,C,G ,Vikari magha Sukla Trayodasi Sthiradina Scribe : Vasudeva
3498,584,"?????? ?????
bh?rgava s?tra",,PL,TU,18x5.5,1 To 83,Jautisha,11,27,Inc.,OD,
3499,585,"??????? ??????????
?ivagiri m?h?tmya?",   Vyasa,PL,Tu,25x5.5,14 To 170,Purana,9,30,Inc.,ODW,""""
3500,586/1,"????????????? ??????? ????????
dak?i??m?rti st?tra vy?khy?",,PL,Tu,19x4.5,1 To 33,Stotra,8,27,C,G ,
3501,586/2,"??????? ???????? ????????
mahimn? st?tra? vy?khy?",,PL,TU,19x4.5,34 To 67,Stotra,8,27,C,G,
3502,586/3,"?????????
a?auc???aka",   Mahendrasramyogindra, PL,Tu,19x4.5 ,89 To 102,Stotra,8,27,C,G,
3503,586/4,"???????????? ??????????
pra?n??ttara ratnam?lik?",Sankaracarya,PL,TU,19x4.5 ,82 To 90,Stotra,8,27,C,G,
3504,587/1,"???????? ????
ma?trar?ja kalpa",,PL,Tu,15.5x5,33 To 43,Purana,9,15,Inc.,ODW,From : Brahmanda Purana
3505,587/2,"????????
svaya?b?dha",,PL,TU,15.5x5,44 To 83,,9,15,C,DW,
3506,587/3,"???? ?????? ????????
sa?dhi vigraha vy?khy?",,PL,TU,15.5x5,84 To 109,Tantra Mantragama,9,15,Inc.,DW,
3507,588,"????? ???????
p?rva pray?ga?",,PL,Tu,34x5,80Folios, G- Prayoga   ,9,38,Inc.,ODW,
3508,589,"??????? ?????
muh?rta darpa?a",Vidya Madhava,PL,TU,23x4,1 To 40,Jautisha,9,25,Inc.,GO,1-x1 Adhyaya
3509,590/1,"????????
v?t?l?gama",,PL,TU,29x5,1 To 34,Shaivagama,10,32,C ,G,
3510,590/2,"?????? ??????? ?????
durg? rath?tsava vidhi?",,PL,TU,29x5,34 To 51,Shaivagama,10,32,Inc.,GO,From: Diptagama
3511,591/1,"???? ????????
arka ratn?va?i",Vishnu Bhatta,PL,TU,35x5.5,1 To 3 To 1,Tantra Mantragama,11,38,C,OD,
3512,592/1,"??????????? ????
subrahma?ya kavaca?",Vyasa,PL,TU,36x3.5,4 To 6,Stotra,7,40,C,OD,From : Skanda Purana 
3513,592/2,"?????? ????
pray?ga ratna",?????? ????,PL,Tu,38x3.5,69 To 111, G- Prayoga   ,9,55,Inc.,OD,
3514,593,"???????????????
n?mali?g?nu??sana?",?????? ????,PL,TU,28x4,117 To 140,Nighantu,7,38,Inc.,OD,
3515,594/1,"?????????
s?mak?rik?",????,PL,TU,27.5x5,1 To 33,shrouta- sutra,10,34,C,OD,
3516,594/10,"????? ??? ??????
sad??ta janana ???ti?",,PL,Tu,27.5x5,39 To 1 To 40,Shanti,10,34,C,OD,From : Padmapurana
3517,594/11,"???? ??? ??????
dar?a janana ???ti?",,PL,TU,27.5x5,40 To 1,Shanti,10,54,C ,G.D,
3518,594/15,"???????????????
adhy?tmar?m?ya?a?",,PL,Tu,27.5x5,52 To 76,Itihasa,10,34,Inc.,OD ,Aranya Kanda
3519,594/2,"???????????? ??????
pr?ya?citta k?rik?",,PL,TU,27.5x5,33 To 101, G- Prayoga   ,10,34,C,GO,Bodhayana 
3520,594/3,"??? ???? ????
r?ma p?j? kalpa",,PL,Tu,27.5x5,1 To 3, pooja,10,34,C,O,
3521,594/4,"?????? ???????
v?stu pray?ga?",,PL,Tu,27.5x5,1 To 30, G- Prayoga   ,10,34,C,GO,
3522,594/5,"???????? ??? ??????
graha?ak?la janana ???ti?",,N.Na,TU,27to5x5,31 To 32,Shanti,10,34,C,Go.,
3523,594/6,"??????? ??????? ??? ??????
??l??? nak?atra janana ???ti?",,PL,Tu,27.5x5,32 To 34,Shanti,10,34,C,GO,
3524,594/7,"????? ??????? ??? ??????
j???a nak?atra janana ???ti?",,PL,TU,27.5x5,35 To 37,Shanti,10,34,C,G.,
3525,594/8,"??????????? ??? ??????
vyatip?t?di janana ???ti?",????,PL,Tu,27.5x5,37 To 1 To 39,Shanti,10,34,C ,GO,""""
3526,595/1,"?????? ????
vin?yaka p?j?",Sankaracarya,PL,Tu,27.5x6,1 To 1, pooja,12,45,C,G,
3527,595/10,"?????? ?????
?gn?ya ya?tra",,PL,TU,27.5x6,64,Tantra Mantragama,12,45,C,G,
3528,595/11,"??? ????? ????
mah? ga?apati p?j?",,PL,Tu,27.5x6,64 To , pooja,12,45,C,G,
3529,595/12,"???? ????
?vara?a p?j?",,PL,TU,27.5x6,64 To 65, pooja,12,45,C ,GO,
3530,595/13,"???? ?????
agh?ra ma?tra",,PL,TU,27.5x6,65folios,Tantra Mantragama,12,45,C,G,
3531,595/14,"????????? ??????
catu??a??h? upac?ra?",,PL,Tu,27.5x6,65 To 69, pooja,11,40,C,O,
3532,595/2,"?????????
?iv???aka?",,PL,TU,27.5x6,1 To 1 To 2,Shaivagama,12,45,C,G,
3533,595/3,"??? ????? ????????
?iva bhuja?ga st?tra?",Sankaracarya,PL,TU,27.5x6,2 To 2 To 1,Stotra,12,45,Inc.,G,
3534,595/4,"????? ??????
ska?da pur??a?",Sankaracarya,PL,Tu,27.5x6,1 To 33,Purana,12,45,Inc.,GO ,Sahayadri Kanda
3535,595/5,"??? ?????????????
?aiva siddh??ta??khara?",,PL,TU,27.5x6,34 To 48 To 1,Shaivagama,12,45,Inc.,GO,
3536,595/6,"???? ????????
arka ratn?va?i",,PL,TU,27.5x6,48 To 1 To 50,Tantra Mantragama,12,45,C,G ,
3537,595/7,"??????? ?????
s?k?ma ta?tra",,PL,TU,27x6,50 To 63,Shaivagama,12,45,Inc,GO,
3538,595/9,"???? ??????
ajagara ???ti?",,PL,Tu,27.5x6,63 To 1,Shanti,12,45,C,G,
3539,596/1,"???? ?????? ? ?????????? ????
var?a pr?g ca d?n?pavi??a ??k?",,PL,Tu,26.5x5 ,1 To 1 To 1,General,10,38,C,G,Kannada Language
3540,596/10,"??????? ?????
?ivap?j? vidhi?",,PL,Tu,26.5x5,99 To 99 To 1, pooja,10,38,C,G,
3541,596/11,"?????????? ?????
vi??up?j? vidhi?",,PL,Tu,26.5x5,99 To 1, pooja,10,38,C ,G,
3542,596/12,"??????? ?????
s?k?ma ta?tra",,PL,TU,26.5x5,100 To 122,Shaivagama,10,38,Inc.,G,
3543,596/13,"??????? ?????
pu?y?ha lak?a?a",,PL,TU,26.5x5,123 To 124,Tantra Mantragama,10,38,C,G,
3544,596/14,"????? ???????
?l?ka sa?graha?",,PL,Tu,26.5x5,124 To 1 To 126,General,10,38,C,G,
3545,596/15,"?????? ??? ?????
vin?yaka h?ma lak?a?a",,PL,TU,26.5x5 ,126 To 127, G- Prayoga   ,10,38,C,G,
3546,596/16,"?????????? ?????
agh?r?stra ma?tra",,PL,TU,26.5x5,127,Tantra Mantragama,10,38,C,G,
3547,596/17,"??????? ?????
pa?cagavya vidhi?",,PL,TU,26.5x5,127 To 128,Tantra Mantragama,10,38,C,G,
3548,596/18,"????
s?taka",,PL,Tu,26.5x5,128 To ,Tantra Mantragama,10,38,C,G,
3549,596/19,"??????? ???????
up?karma pray?ga?",,PL,TU,26.5x5,128 To 129, G- Prayoga   ,10,38,C,G,
3550,596/2,"?????? ????
durg? kavaca?",,PL,Tu,26.5x5,1 To 2,Stotra,10,38,C,G ,
3551,596/20,"???????? ?????
utsarjana vidhi?",,PL,Tu,26.5x5,129 To 129 To 1, G- Prayoga   ,10,38,C,G,
3552,596/21,"???????????? ?????
pr?ya?citta vidhi?",,PL,Tu,26.5x5,129 To 1, G- Prayoga   ,10,38,C ,G,
3553,596/22,"???? ???????? ????
arka ratn?va?i ??k?",,PL,TU,26.5x5,134 To 143,Tantra Mantragama,10,38,C,G,From: Visahara Mantra
3554,596/23,"???? ????????
arka ratn?va?i",,PL,TU,26.5x5,144 To 150,Tantra Mantragama,10,38,C,G,"Kannada Tika, Manmata Sam, Asada "
3555,596/3,"????? ?????
utsava vidhi?",,PL,TU,26.5x5,2 To 6 To 1,Shaivagama,10,38,C,G,
3556,596/4,"???????
vijay?gama",,PL,TU,26.5x5,6 To 1 To 94,Shaivagama,10,38,C,G,
3557,596/5,"??????? ?????
pa?cagavya vidhi?",,PL,TU,26.5x5 ,95 To 95 To 1,Shaivagama,10,38,C,G,
3558,596/6,"??? ????
?a?kha p?j?",,PL,Tu,26.5x5,96 To 97, pooja,10,38,C ,G,
3559,596/7,"????? ????
s?rya p?j?",,PL,TU,26.5x5,97 To 98, pooja,10,38,C,G,
3560,596/8,"?????? ????
vin?yaka p?j?",,PL,Tu,26.5x5,98 To 98 To 1, pooja,10,38,C,G,
3561,596/9,"?????? ???? ?????
durg? p?j? vidhi?",,PL,Tu,26.5x5,98 To 1 To 99, pooja,10,28,C ,G,
3562,597,"???? ??????????
d?v? m?h?tmya?",,PL,TU,21x4,7 To 72,Purana,8,25,Inc.,ODW ,""" Scribe : Sankara Karantha"
3563,598,"?????? (????)
pa?c??ga (plava)",,PL,TU,30.5x4,1 To 22,Jautisha,7,38,C,OD,Sa-1769. Year-1848
3564,599/1,"??????????? ?????
sa?dhy?p?san? vidhi?",,PL,TU,28.5x5.5,1 To 7, G- Prayoga   ,11,45,C,G,
3565,599/2,"??????????? ?????
sa?dhy?p?san? vidhi?",,PL,TU,28.5x5.5,7 To 9 To 1, G- Prayoga   ,11,45,C,G,
3566,599/4,"?????? ???? ?????
brahma yajña vidhi?",,P,Tu,28.5x5.5,9 To 1 To 10, G- Prayoga   ,11,45,C,G,
3567,600/1,"??????? ?????
muh?rta darpa?a",Vidya Madhava,PL,TU,21.5x6,1 To 16,Jautisha,9,30,Inc.,G ,
3568,600/2,"????? ???????
viv?ha pra?n?",,PL,TU,21.5x6,1 To 2,Jautisha,9,30,Inc.,G,
3569,601,"???????????????
adhy?tmar?m?ya?a?",,PL,Tu,23x6,1 To 16,Itihasa,16,20,Inc.,OD,Sundara kanda
3570,602/1,"??????? ???????
nak?atra c???ma?i",,PL,TU,17x5,1 To 56,Jautisha,9,25,C,Go,
3571,602/2,"????????? ??????
sa?kr??ti nir?aya",,PL,TU,17x5,56 To 1 To 65,Jautisha,9,25,C,O,
3572,602/3,"???? ???? ???
?i?u j?t? ?la?",,PL,TU,17x5,66,Jautisha,9,25,C ,G,
3573,602/4,"???? ???????
m?l? j?t??la?",,PL,TU,17x5,66 To 1 To 68,Jautisha,9,25,C,G,
3574,602/5,"???? ????
m?l? cakra",,PL,TU,17x5,67 To 1 To 68,Jautisha,9,25,C,G,
3575,602/6,"??????? ??????? ???
jy???ha nak?atra ?la?",,PL,TU,17x5,68,Jautisha,9,25,C,G,
3576,602/7,"???? ??????
graha d???i",,PL,TU,17x5,69(one),Jautisha,9,25,C ,G ,
3577,602/8,"??? ????
k?la cakra",,PL,TU,17x5,69 To 1,Jautisha,9,25,Inc.,O ,
3578,603,"???? ????
n?ti ?ataka?",Bhartu Hari ,PL,TU,17.5x4.5,48page,Subhashita,6,27,Inc.,DW,
3579,604/1,"??? ????
pa?ca p?j?",,PL,Tu,17x5,1 To 19, pooja,9,22,C,G,
3580,604/2,"??????? ????
g?yatr? h?daya",,PL,Tu,17x5,20 To 31,Stotra,9,22,C,G,Bodhayana
3581,604/3,"??????????? ????
mahi?amardini p?j?",,PL,Tu,17x5,32 To 33, pooja,9,22,C,G,
3582,604/4,"????????? ????????
m?tyu?jaya m?nasap?j?",Sankaracarya,PL,TU,17x5 ,34 To 39, pooja,9,22,C,G,
3583,605,"??????? ???? ????
sa?graha? padavi ??k?",,PL,TU,26x4,1 To 50,Jautisha,9,30,Inc.,ODW,"Script: Tulu, Kannada Language (Tika)"
3584,606/1,"?????? ????
vin?yaka p?j?",,PL,Tu,23x6,1 To 5, pooja,12,25,C,GO,Including Chawthi pooja
3585,606/10,"????? ??????????
agni k?ryavidhi?",,PL,TU,23x6,1 To 2, G- Prayoga   ,12,25,C,G,
3586,606/11,"??????? ???????? ????????
g?yatr? sahasran?ma st?tra?",,PL,Tu,23x6 ,1 To 14,Stotra,12,25,C,G,
3587,606/2,"????? ????????
ga?apati sahasran?ma",,P,Tu,23x6,1 To 18,Stotra,12,25,C,G,From : Padmapurana 
3588,606/3,"?????? ??????? ???? ???
vin?yaka caturth? vrata kath?",,PL,Tu,16x4.5,1 To 6,Vrata-Katha,9,15,C,G,From : Skanda Purana
3589,606/4,"????? ????????
ga?apati st?tra?",,P,Tu,23x6,1 To 1,Stotra,12,25,C,G,
3590,606/5,"?????? ????? ?????
n?si?ha jaya?t? vrata?",,PL,Tu,23x6,1 To 2,Vrata,10,20,Inc.,G,
3591,606/6,"????????????? ????????
a?vatthan?r?ya?a st?tra?",,PL,Tu,23x6,2 To 8,Stotra,12,25,Inc.,G,
3592,606/7,"??????? ????
pa?c?m?ta p?j?",,PL,Tu,23x6,1 To 2, pooja,12,25,Inc. ,GO,
3593,606/8,"??????? ????????
g?yatr? m?nasap?j?",,PL,Tu,23x6,18 To 19, pooja,10,20,C,G,
3594,606/9,"?????? ???????
ahnika pray?ga?",,PL,Tu,23x6,1 To 21, G- Prayoga   ,12,25,Inc. ,G,Bodhayaniya 
3595,607/1,"???????? ???? ?????
navar?tr? p?j? vidhi?",,PL,Tu,34x5,1 To 8, pooja,10,40,C,Go,From : Sakandaparana
3596,607/10,"??? ?????
ka?asa p?t??a",,PL,TU,34x5,51 To 58,Tantra Mantragama,10,40,C,GO,
3597,607/11,"??? ????
ka?asa p?j?",,PL,TU,34x5,58 To 59,Tantra Mantragama,10,40,C ,G,
3598,607/12,"?????? ???
vi??u kal?",,PL,TU,34x5,59 To 1 To 60,Tantra Mantragama,10,40,C,G,
3599,607/13,"????? ???
rudra kal?",,PL,TU,34x5,60,Tantra Mantragama,10,40,C,G,
3600,607/14,"????? ???
bi?du kal?",,PL,TU,34x5,60 To 60 To 1,Tantra Mantragama,10,40,C,G,
3601,607/16,"?????? ????
n?si?ha kavaca?",,PL,TU,34x5,1 To 3,Stotra,10,40,C,G ,
3602,607/17,"??????? ???????
?r?ddha pray?ga?",,PL,TU,34x5,1 To 14, G- Prayoga   ,10,40,Inc,OD,
3603,607/18,"???? ????????
arka ratn?va?i",,PL,TU,34x5,1 To 4,Tantra Mantragama,10,40,C,G ,
3604,607/19,"???????????? ?????
pr?ya?citta vidh?na",,PL,TU,34x5,4Folios,Tantra Mantragama,10,40,Inc.,O,
3605,607/2,"?????? ?????????????
durg? sahasran?m?va?i?",,PL,TU,34x5,8 To 17,Stotra,10,40,C,GO,
3606,607/20,"?????? ?????????????
n?si?ha sahasran?m?va?i?",,PL,TU,34x5,8Folios,Stotra,10,40,C,GO,
3607,607/21,"???? ?????
d?v? bhuja?ga",,PL,Tu,34x5,1 To 2 To 1,Stotra,10,40,C,G,
3608,607/22,"?????? ?????
n?si?ha bhuja?ga",,PL,Tu,34x5,2 To 2 To 1,Stotra,10,40,C,G,
3609,607/3,"????????????????
?ivasahasran?m?va?i?",,PL,TU,34x5,3 To 13,Stotra,10,40,Inc.,GO,
3610,607/4,"????????????????? ?????
pr??aprati??h?pan? vidhi?",,PL,Tu,34x5,17 To 17 To 1, pooja,10,40,C,G,
3611,607/5,"?????? ??????
m?t?k? ny?sa?",,PL,Tu,34x5,17 To 1 To 18, pooja,10,40,C,G,
3612,607/6,"?????????????? ????????
vi??usahasran?ma st?tra?",,PL,TU,34x5,19 To 27,Stotra,10,40,C,OD,""""
3613,607/7,"????? ??? ???????
agni mukha pray?ga?",,PL,Tu,34x5,41 To 42, G- Prayoga   ,10,40,C,GD ,Asvalayaniya
3614,607/8,"??? ??????
mah? ny?sa?",,PL,Tu,34x5,43 To 51, pooja,10,40,C,GO,
3615,607/9,"??? ?????
saura ma?tra",,PL,TU,34x5,51 To 51 To 1,Veda - Mantra,10,40,C,G,
3616,608/1,"??? ????
pa?ca p?j?",,PL,Tu,31x3.5,1 To 27, pooja,6,30,Inc.,O,
3617,608/2,"???????????? ?????
jy?ti?sta?bha vrata?",,PL,Tu,31x3.5,2 To 8,Vrata,6,30,Inc.,O,""""
3618,609/1,"?????????? ??????
a?ty???hi paddhati",,PL,Tu,26x6, To , G- Prayoga   ,12,40,Inc.,GO,Sri Ganadi Pataye Nama
3619,609/10,"???????????
upani?krama?a",,PL,Tu,26x6,17 To 1, G- Prayoga   ,12,40,C,G,
3620,609/11,"?????????? ?????
annapr??ana vidhi?",,PL,Tu,26x6,18 To , G- Prayoga   ,12,40,C,G,
3621,609/12,"??????? ???????
caulakarma pray?ga?",,PL,Tu,26x6,18 To 19, G- Prayoga   ,12,40,C,G,
3622,609/13,"????? ???????
upanayana pray?ga?",,PL,Tu,26x6,19 To 22, G- Prayoga   ,12,40,C,G,
3623,609/14,"??????????
brahm?d?na",,PL,Tu,26x6,22 To 22 To 1, G- Prayoga   ,12,40,C ,G,
3624,609/15,"???? ??? ???????
m?dh? janana pray?ga?",,PL,Tu,26x6,22 To 1, G- Prayoga   ,12,42,C,G,
3625,609/16,"??????? ???????
up?karma pray?ga?",,PL,TU,26x6,22 To 1 To 25, G- Prayoga   ,12,40,C ,G,
3626,609/17,"???????? ?????
utsarjana vidhi?",,PL,Tu,26x6,25 To 1 To 26, G- Prayoga   ,12,40,C,G,
3627,609/18,"???????? ???????
sam?vartana pray?ga?",,PL,Tu,26x6,28 To 28, G- Prayoga   ,12,40,C,G,
3628,609/19,"??????? ?????
v?gdh?na vidhi?",,PL,TU,26x6,29 To 30, G- Prayoga   ,12,40,C,G,
3629,609/2,"??????? ???????
pu?y?ha pray?ga?",,PL,Tu,26x6,5 To 6, G- Prayoga   ,12,40,Inc.,G,
3630,609/20,"???????? ???????
kany?vara?a pray?ga?",,PL,Tu,26x6,30 To 30 To 1, G- Prayoga   ,12,40,C,G,
3631,609/21,"??????? ???????
madhuparka pray?ga?",,PL,Tu,26x6,30 To 1 To 32, G- Prayoga   ,12,40,C ,G,
3632,609/22,"????? ???????
viv?ha pray?ga?",,PL,Tu,26x6,32 To 33, G- Prayoga   ,12,40,Inc,G,
3633,609/23,"????????? ??? ????
a???ttara n?ma p?j?",,PL,TU,26x6,2 To 9, pooja,12,40,Inc.,GO,
3634,609/24,"???? ?????
anna s?kta",,“,TU,26x6,2 To 3,Veda - Mantra,12,40,Inc.,G,
3635,609/25,"?????? ??????
?gv?da sa?hit?",,PL,TU,26x6,4 To 15,Samhita,12,40,Inc.,D,
3636,609/3,"????? ??? ???????
agni mukha pray?ga?",,PL,Tu,26x6,6 To 6 To 1, G- Prayoga   ,12,40,C,GO,
3637,609/4,"????????? ???????
sth?l?p?ka pray?ga?",,PL,TU,26x6,6 To 1 To 11, G- Prayoga   ,12,40,C,GO,
3638,609/5,"???????? ?????
garbh?d?na vidhi?",,PL,Tu,26x6,11 To 1 To 13 To 1, G- Prayoga   ,12,40,C,G,
3639,609/6,"?????? ???????
pu?savana pray?ga?",,PL,Tu,26x6,13 To 1 To 14, G- Prayoga   ,12,40,C,G,
3640,609/7,"????? ???????
s?ma?ta pray?ga?",,PL,Tu,26x6,14 To 1 To 15, G- Prayoga   ,12,40,C,G,
3641,609/8,"??? ???? ???????
j?ta karma pray?ga?",,PL,Tu,26x6,15 To 1 To 16, G- Prayoga   ,12,40,C,G,
3642,609/9,"??????
n?makara?a",,PL,Tu,26x6,16 To 1 To 17, G- Prayoga   ,12,40,C,G,
3643,610/1,"??????????? ?????
sarpasa?sk?ra vidhi?",,PL,Tu,24x5.5,1 To 8 To 1,Shanti,10,30,C,G ,Bodhayanokta
3644,610/2,"??????????? ?????
sarpasa?sk?ra vidhi?",,PL,Tu,24x5.5,8 To 1 To 23,Shanti,10,30,C,G ,Scribe : Sankara Bhat
3645,610/3,"??????????????? ?????
n?gaprati??h?pan? vidhi?",,PL,Tu,24x5.5,24 To 26, pooja,10,30,C,G ,""""
3646,611/1,"???????? ????
navadurg? p?j?",,PL,Tu,20.5x4.5,1 To 64, pooja,8,32,C,G,
3647,611/2,"?????? ?????????????
durg? sahasran?m?va?i?",,PL,TU,20.5x4.5,64 To 77,Stotra,8,32,C,G ,
3648,611/3,"?????????????? ????? ????????
durg????ttara ?atan?ma st?tra?",,PL,TU,20.5x4.5 ,77 To 1 To 81,Stotra,8,32,C,GO,
3649,611/4,"????????? ?????
??rad?p?j? vidhi?",,PL,TU,20.5x4.5,85 To 86, pooja,8,32,Inc.,G,
3650,612/1,"??????? ?????? ????
lak?m? n?r?ya?a h?daya",,PL,TU,23x6,1 To 3,Stotra,10,38,C,G,From : Athrvana Rahasya
3651,612/10,"???????????????????
vi??usahasran?m?va?i?",,PL,TU,23x6,27 To 29,Stotra,10,38,Inc.,G,Scribe: Sankara Bhatta
3652,612/11,"??????? ?????
kannik? s?kta",,PL,Tu,23x6,48 To 49,Veda - Mantra,10,38,C,G,
3653,612/2,"?????????? ???? ????????
mah?lak?m? h?daya st?tra?",,PL,TU,23x6,3 To 1 To 6,Stotra,10,38,C,G,""""
3654,612/3,"????????? ????
???a??pac?ra p?j?",,PL,Tu,23x6,22 To 23 To 1, pooja,10,38,Inc.,G,
3655,612/4,"??????? ????
nava?akti p?j?",,PL,Tu,23x6,23 To 1 To 25, pooja,10,38,C,G,
3656,612/5,"????????????????? ?????
pr??aprati??h?pan? vidhi?",,PL,Tu,23x6,25 To , pooja,10,38,C,G,
3657,612/6,"???? ????
varu?a p?j?",,PL,Tu,23x6,25 To 26, pooja,10,38,C ,G,
3658,612/7,"??? ????
a?ga p?j?",,PL,Tu,23x6,26 To 26 To 1, pooja,10,38,C,G,
3659,612/8,"???? ????
patra p?j?",,PL,TU,23x6,26 To 1 To 27, pooja,10,38,C,G,
3660,612/9,"????? ???? ?????
pu?pa p?j? vidhi?",,PL,TU,23x6,26 To 1 To 27, pooja,10,38,C,G,
3661,613/1,"???????? ??? ??????
k??m???a h?ma pray?ga",,PL,Tu,17.5x4,1 To 8, G- Prayoga   ,8,22,C,OD,
3662,613/10,"??????? ????? ???????
a?vattha viv?ha pray?ga?",,PL,Tu,17.5x4,51 To 54, G- Prayoga   ,8,22,C,GO,
3663,613/11,"??? ?????
saura ma?tra",,PL,TU,17.5x4,55 To 56,Veda - Mantra,8,22,C,G,
3664,613/12,"??????????????? ?????
n?gaprati??h?pan? vidhi?",,PL,Tu,17.5x4,57 To 59, pooja,8,22,C,G,
3665,613/13,"????? ????????
v?dapada st?tra?",Jaimini,PL,TU,17.5x4,60 To 85,Stotra,8,22,C,G,From : Skanda Purana 
3666,613/14,"??????? ????????
tri?ati st?tra?",,PL,Tu,17.5x4,86 To 98,Stotra,8,22,C,G,
3667,613/15,"????????????? ????????
tripurasu?dar? st?tra?",,PL,Tu,17.5x4,98 To 99,Stotra,8,22,Inc.,GO,
3668,613/16,"????? ????????
lalit? st?tra?",,PL,TU,17.5x4,99 To 103,Stotra,8,22,C,G,
3669,613/17,"????? ???????? ????????
lalit? sahasran?ma st?tra?",,PL,TU,17.5x4,104 To 129,Stotra,8,22,C,G,
3670,613/18,"?????? ??????? ?????
vidy? p?rvati ma?tra",,PL,Tu,17.5x4,129 To 133,Veda - Mantra,8,22,Inc.,G,
3671,613/19,"?????? ??????? ?????
sa?ka??a caturth? vrata?",,PL,Tu,17.5x4,140 To 146,Vrata,8,22,C,G,
3672,613/2,"?????????? ????? ?????
pr???gni h?tra vidhi?",,PL,Tu,17.5x4,8 To 14, G- Prayoga   ,8,22,C,G,
3673,613/20,"?????? ????
?ditya h?daya",,PL,Tu,17.5x4,147 To 149,Stotra,8,22,C,G,From : Yuddha Kanda
3674,613/21,"?????? ?????
navagraha ma?tra",,PL,Tu,17.5x4,149 To 162,Veda - Mantra,8,22,C,G,
3675,613/22,"??? ????
r?ma kavaca?",,PL,TU,17.5x4,162 To 164,Stotra,8,22,C,G,
3676,613/23,"?????? ????
?ditya h?daya",,PL,Tu,17.5x4,165 To 178,Stotra,8,22,C ,G,From : Bhavisottara Purana 
3677,613/3,"??? ?????
cara?a vy?ha",,PL,TU,17.5x4,14 To 1 To 20,Vedanga,8,22,C ,G,
3678,613/4,"??????
itih?sa",,PL,TU,17.5x4,20 To 1 To 33,Vedanga,8,22,C ,G,
3679,613/5,"???????????
s?m?tpatti",,PL,Tu,17.5x4,34 To 37,Vedanga,8,22,C ,GO,
3680,613/6,"????????????????
satyatapayup?khy?na?",,PL,Tu,17.5x4,37 To 40,Vedanga,8,22,C,G,
3681,613/7,"??????? ???????????? ?????
a?vattha prati??h?pan? vidhi?",,PL,TU,17.5x4,41 To 43, pooja,8,22,C,G,
3682,613/8,"???????????? ????
a?vatth?panayana vidhi",,PL,Tu,17.5x4,43 To 1 To 49, G- Prayoga   ,8,22,C ,GO,Saunaka
3683,613/9,"??????? ????? ???????
a?vattha viv?ha pray?ga?",,PL,Tu,17.5x4,49 To 51, G- Prayoga   ,8,22,C,GO,Saunakiya
3684,614/1,"???? ????
d?v? kavaca?",,PL,Tu,21x5,1 To 10,Stotra,8,21,C,GO,
3685,614/2,"?????? ????????
durg? st?tra?",,PL,TU,21x5,1 To 11,Stotra,8,21,C ,G,
3686,615/1,"?????? ????????
n?si?ha sahasran?ma",,PL,TU,18.5x5,3 To 17,Stotra,9,18,Inc.,OD ,
3687,615/2,"?????? ????
n?si?ha kavaca?",Prahallada,PL,TU,18.5x5,17 To 21,Stotra,9,18,C ,GO,
3688,615/3,"??????? ?????
sarasvat? stava?",,PL,TU,18.5x5,24 To 25 To 1,Stotra,9,18,Inc.,OD,
3689,615/4,"??????
bh?gavata?",,PL,TU,18.5x5,26 To 34,Purana,9,18,Inc.,OD,X Skanda MSS Protected Plates 
3690,615/5,"????? ????
ga?apati p?j?",,PL,Tu,18.5x5,34 To 44, pooja,9,18,Inc.,OD,
3691,615/6,"??? ????
pa?ca p?j?",,PL,Tu,18.5x5,44 To 1 To 59, pooja,9,18,Inc. ,ODW,
3692,616/1,"??? ???? ?????
d?va p?j? vidhi?",,PL,Tu,18x6,1 To 35, pooja,14,40,C,ODW,
3693,616/10,"?? ?????? ????
bhaja g?vi?da g?t?",,PL,Tu,18x6,48 To 1 To 50,Gita,14,40,C,G,
3694,616/11,"?????? ??????? ?????
r?m?ya?a sa?graha? ?l?ka",,PL,Tu,18x6,50 To 52,Itihasa,14,40,C,G,
3695,616/12,"?????? ????? ????????
vi??u bhuja?ga st?tra?",,PL,TU,"""",18x6,Stotra,42&1,14,40,Inc.,O
3696,616/13,"??? ???????
r?ma stuti?",,PL,TU,18x6,54 To 54 To 1,Stotra,14,40,C,ODW,
3697,616/14,"?????? ???? ?????
brahma yajña vidhi?",,PL,TU,18x6,55 To 56, G- Prayoga   ,14,40,Inc.,DW,
3698,616/15,"?????? ???????
vi??u stuti?",,PL,TU,18x6,73 To 76,Stotra,14,40,Inc.,DW,
3699,616/16,"??? ????
?iva kavaca?",,PL,TU,18x6,76 To 79,Stotra,14,40,C,GO,""""
3700,616/2,"????? ?? ?????
sarv? vai rudra",,PL,TU,18x6,35 To 1 To 39,Veda - Mantra,14,40,C,G,
3701,616/3,"????? ????? ????????
k???a bhuja?ga st?tra?",,PL,Tu,18x6,40 To 41,Stotra,12,40,C,G,
3702,616/4,"????? ?????
puru?a s?kta",,PL,TU,18x6,42 To 43,Veda - Mantra,14,40,C,G,
3703,616/6,"?????????
r?m???aka?",,PL,TU,18x6,45 To 1,Stotra,14,40,C,G,
3704,616/7,"????????????????????
dak?i??m?rtiy???aka?",,PL,Tu,18x6,46 To 47,Stotra,14,40,C,G,
3705,616/8,"???????????????? ????????
g?p?lak???as?ttara st?tra?",,PL,Tu,27.5x5 ,107 To 108,Stotra,11,55,C,G,
3706,616/9,"?????? ???? ?????
durg? p?j? vidhi?",,PL,Tu,18x6,48 To 48 To 1, pooja,14,40,C,G,
3707,617,"??? ??????
?la? d?pik?",Mantresvara,PL,TU,22x5,20Folios,Jautisha,11,30,Inc.,OD,
3708,618,"??????? ??????
muh?rta d?pik?",,PL,TU,24x5,1 To 25,Jautisha,9,30,Inc.,G ,Kannada Tika
3709,619/1,"???????????? ?????
jy?ti?sta?bha vrata?",,PL,Tu,24.5x5,4Folios,Vrata,8,22,Inc. ,O,""""
3710,619/2,"??????? ??????????
kamala?ile m?h?tmya?",,PL,Tu,24.5x5,15Folies,Purana,10,25,Inc.,OD,
3711,619/3,"?????????? ?????
svar?agaur? vrata?",,PL,TU,24.5x5,2Folios,Vrata,10,25,Inc. ,O,
3712,620/1,"?????? ??????
?gv?da sa?hit?",,PL,TU,14x4.5,3.65,Samhita,8,15,Inc. ,OD,
3713,620/10,"????? ?????
manyu s?kta",,PL,Tu,14x4.5,141 To 144,Veda - Mantra,8,15,C,O,
3714,620/11,"??? ????
saura varga",,PL,TU,14x4.5,144 To 152 To 1,Veda - Mantra,8,15,C ,OD,
3715,620/12,"?? ?????
g? s?kta",,PL,Tu,14x4.5,152 To 1 To 154,Veda - Mantra,8,15,C,GO,
3716,620/13,"???? ?????
v?mana s?kta",,PL,TU,14x4.5,154 To 164,Veda - Mantra,8,15,C,GO,
3717,620/14,"???? ?????? ?????
graha ???ti? vidhi?",,PL,Tu,14x4.5,164 To 1 To 189,Shanti,8,15,C ,Go.,
3718,620/15,"?????? ?????
n?r?ya?a s?kta",,PL,Tu,14x4.5,190 To 191,Veda - Mantra,8,15,C,OD,
3719,620/16,"???? ?????
?r? s?kta",,PL,TU,14x4.5,191 To 1 To 177,Veda - Mantra,8,15,C,OD,
3720,620/17,"?????
pavam?na",,PL,Tu,14x4.5,197 To 201,Veda - Mantra,8,15,C,OD,
3721,620/18,"??? ???
d?va ?k",,PL,Tu,14x4.5,201 To 1 To 210,Veda - Mantra,8,15,C,OD,
3722,620/19,"?????? ?????
samudra s?kta",,PL,Tu,14x4.5,210 To 213,Veda - Mantra,8,15,C,GO,
3723,620/2,"???? ?????
anna s?kta",,“,TU,14x4.5,65 To 73,Veda - Mantra,8,15,C,O,
3724,620/20,"????? ?????
?yur ma?tra",,PL,Tu,14x4.5,213 To 1 To 222,Veda - Mantra,8,15,Inc.,OD,
3725,620/3,"?????????????
abhi?rava?ama?tra",,PL,Tu,14x4.5,73 To 102,Veda - Mantra,8,15,C,OD,
3726,620/4,"??? ??? ?????
mah? saura s?kta",,PL,Tu,14x4.5,102 To 1 To 111,Veda - Mantra,8,15,C,OD,
3727,620/5,"??? ?????? ?????
mah? ???ti? ma?tra",,PL,Tu,14x4.5,111 To 1 To 126,Veda - Mantra,8,15,C,OD,
3728,620/6,"??? ?????
hari s?kta",,PL,Tu,14x4.5,126 To 130,Veda - Mantra,8,15,C,OD,
3729,620/7,"????? ?????
rudra s?kta",,PL,Tu,14x4.5,130 To 137,Veda - Mantra,8,15,C ,ODW,
3730,620/8,"?????????
kar?as?kta",,PL,Tu,14x4.5,137 To 140,Veda - Mantra,8,15,C,OD,
3731,620/9,"????? ?????
??kuna s?kta",,PL,TU,14x4.5,140 To 141,Veda - Mantra,8,15,C,OD,
3732,621,"?????????????? ????????
vi??usahasran?ma st?tra?",,PL,TU,14x4,3 To 24,Stotra,9,20,Inc.,OD,
3733,622,"?????
pavam?na",,PL,Tu,16x5.5,1 To 55,Veda - Mantra,10,20,C,OD,
3734,623/1,"?????? ?????
navagraha ma?tra",,PL,Tu,24x4,1 To 3,Veda - Mantra,7,27,C,OD,
3735,623/10,"???? ?????
?r? s?kta",,PL,TU,24x4,6 To 1 To 9 To 1,Veda - Mantra,7,27,C,G,
3736,623/11,"????? ??????????
ma?tra pu?p??jali",,PL,Tu,24x4,9 To 1 To 11, pooja,7,27,C,G,
3737,623/12,"????? ?????????
rudra mah?ny?sa?",,PL,Tu,24x4,11 To 25, pooja,7,27,C,G,
3738,623/13,"??? ????? ?????
laghu ny?sa rudra",,PL,Tu,24x4,25 To 29, pooja,7,27,C,G ,Bodhayana Prokta
3739,623/14,"????????????????
taittir?y?pani?at",,PL,Tu,24x4,29 To 1 To 39,Upanisat,7,27,C,G,
3740,623/15,"?????????????
n?r?ya??pani?at",,PL,Tu,24x4,39 To 41,Upanisat,7,27,C,G,
3741,623/2,"???????????
bilv???aka?",,PL,TU,24x4,4 To 5,Stotra,7,27,C,OD,
3742,623/3,"?????? ???? ?????
brahma yajña vidhi?",,PL,TU,24x4,5 To 1 To 9, G- Prayoga   ,7,27,C,ODW,
3743,623/4,"??????? ?????
pa?cagavya vidhi?",,PL,Tu,24x4,9 To 1 To 11, G- Prayoga   ,7,27,C,G,
3744,623/5,"???????? ?????
vai?vad?va vidhi?",,PL,Tu,24 x4,11 To 1 To 16, G- Prayoga   ,7,27,C,OD,
3745,623/6,"????? ????
tu?as? p?j?",,PL,Tu,24x4,17 To 24, pooja,7,27,C,G,
3746,623/7,"?????? ???
paribh?va mita",,PL,TU,24x4,1 To 4,Jautisha,7,27,C ,G,
3747,623/8,"???? ??????
ruc? pr?ci",,PL,Tu,24x4,1 To 2,Vedanga,7,27,C,O,
3748,623/9,"????? ??????
utt? ???ti?",,PL,Tu,24x4,3 To 6 To 1,Shanti,7,27,C,OD,
3749,624/1,"??? ????????
r?ma st?tra?",,PL,TU,16x4,1 To 1,Stotra,12,22,C,GO,
3750,624/2,"????? ???????
i?dra stuti?",Indra, PL,Tu,16x4,2 To 2 To 1,Stotra,12,22,C ,OD,
3751,624/3,"??????? ????????
kar?vala?ba st?tra?",,PL,Tu,16x4,3 To 4,Stotra,12,22,Inc.,ODW,
3752,624/4,"???? ??????????
d?v? m?h?tmya?",Vyasa,PL,TU,16x4,20 To 95,Purana,12,22,Inc.,ODW,From : Markandeya Purana 
3753,625/1,"????? ???????? ???????
vrata? sam?vartana pray?ga?",,PL,Tu,39x5.5,1 To 5, G- Prayoga   ,10,45,Inc,OD,
3754,625/10,"??? ???? ???????
j?ta karma pray?ga?",,PL,Tu,39x5.5,7 To 7 To 1, G- Prayoga   ,10,45,C ,G,
3755,625/11,"??????
n?makara?a",,PL,Tu,35x5.5,7 To 1 To 8, G- Prayoga   ,10,45,C,G,
3756,625/12,"????????? ?????
ni?krama?a vidhi?",,PL,Tu,39x5.5,8 To 1 To 9, G- Prayoga   ,10,45,C,G,
3757,625/13,"?????????? ?????
annapr??ana vidhi?",,PL,Tu,39x5.5,9 To 1 To , G- Prayoga   ,10,45,C ,G,
3758,625/14,"???? ?????
kar?a ma?tra",,PL,Tu,39x5.5,9 To 1 To 10, G- Prayoga   ,10,45,C ,G,
3759,625/15,"??????? ???????
caulakarma pray?ga?",,PL,Tu,39x5.5,10 To 11, G- Prayoga   ,10,45,C ,G,
3760,625/16,"???? ?????? ??????? ???????
garbha d?n?di ?kata?tra pray?ga?",,PL,""" ",39x5.5,11 To 17, G- Prayoga   ,10,45,C ,G,
3761,625/17,"????? ???????
upanayana pray?ga?",,PL,Tu,39x5.5,17 To 1 To 21, G- Prayoga   ,10,45,C,G,
3762,625/18,"????? ??????????
agni k?ryavidhi?",,PL,TU,39x5.5,21 To 1 To 22, G- Prayoga   ,10,45,C,O,
3763,625/19,"?????????? ???????
punaspa?dan? pray?ga?",,PL,Tu,39x5.5,47 To 48 To 1, G- Prayoga   ,10,45,C,G,
3764,625/2,"?????????
mah?sa?kalpa",,PL,Tu,39x5.5,1 To 3, G- Prayoga   ,10,45,C,G,
3765,625/20,"?????? ???????????? ???????
?a?m?sa pr?ya?citta pray?ga?",,PL,39x5.5 ,48to1to49,10, G- Prayoga   ,45,C,G,,
3766,625/21,"????? ??????? ?????
putra svik?ra vidhi?",????,PL,Tu,39x5.5,OneFolio, G- Prayoga   ,10,45,C,G,
3767,625/22,"?????? ??? ?????
v?stu h?ma vidhi?",,PL,Tu,39x5.5,1, G- Prayoga   ,10,45,C,G,
3768,625/23,"????????? ??? ???????
r?k??ghna h?ma pray?ga?",,PL,Tu,39x5.5 ,2 To 2 To 1, G- Prayoga   ,10,45,Inc,GO,
3769,625/24,"????? ??????? ?????
putra svik?ra vidhi?",????,PL,Tu,39x5.5,3 To 3 To 1, G- Prayoga   ,10,45,Inc. ,G,
3770,625/25,"??? ????
?iva kavaca?",,PL,TU,39x5.5,1 To 3,Stotra,10,45,C,G,""""
3771,625/26,"????????????
g?vi?d???aka?",,PL,Tu,39x5.5,3 To 1 To 4,Stotra,10,45,C,G,"Durmati Sam, Asvija Bahula "
3772,625/3,"????? ??? ???????
agni mukha pray?ga?",,PL,Tu,39x5.5,1 To 15, G- Prayoga   ,10,45,C,G ,From : Gruhya- Prayoga   malaya
3773,625/4,"??? ??????
?tu ???ti?",,PL,TU,39x5.5,1 To 3,Shanti,10,45,C,G,
3774,625/5,"??????? ?????
pa?cagavya vidhi?",,PL,Tu,39x5.5,3 To 3 To 1, G- Prayoga   ,10,45,C,G,
3775,625/6,"???????? ?????
garbh?d?na vidhi?",,PL,Tu,39x5.5,3 To 1 To 5, G- Prayoga   ,10,45,C,G,
3776,625/7,"?????? ???????
pu?savana pray?ga?",,PL,Tu,39x5.5,5 To , G- Prayoga   ,10,45,C,G,
3777,625/8,"????? ???????
s?ma?ta pray?ga?",,PL,Tu,39x5.5,5 To 1 To 6, G- Prayoga   ,10,45,C,G,
3778,625/9,"?????? ??? ???????
vi??u bali pray?ga?",,PL,Tu,39x5.5,6 To 7, G- Prayoga   ,10,45,C,G,
3779,626/1,"??????????????????
?v?t??vatar?pani?at",,PL,TU,15.5x5.5, To ,Upanisat,11,16,Inc.,G.,
3780,626/2,"?????????????
nirgu??r?dhane",,PL,TU,15.5x5.5,102,Yoga,11,16,C,G,
3781,626/3,"???????
laghug?t?",Vyasa,PL,Tu,15.5x5.5,102,Gita,11,16,C,G,
3782,626/4,"????????? ?????
gurup?duka ma?tra",,PL,Tu,15.5x5.5,one, pooja,11,16,C,G,
3783,627/1,"????? ??????
g?hya k?rik?",???????,PL,Tu,17.5x5,1 To 175, G- Prayoga   ,10,25,Inc. ,GOD,
3784,627/2,"??? ????
sabh? p?j?",,PL,Tu,17.5x5,175 To 177, pooja,10,25,Inc.,GO,"Script : Tulu, Langauage : kannada"
3785,628,"????? ?????? ?????
g?hya pray?ga vivara?a",,PL,Tu,20.5x4.5,1 To 128, G- Prayoga   ,10,27,C,ODW,
3786,629,"??????? ???????
?r?ddha pray?ga?",,PL,TU,25x5,2 To 15, G- Prayoga   ,10,46,Inc,GOD,Scribe : Subraya 
3787,630/1,"?????????????
brahm?pani?at",,PL,Tu,21x5,15 To 16,Upanisat,11,35,Inc.,G,
3788,630/10,"?????????????
ga?apatyupani?at",,PL,Tu,21x5,28 To 29,Upanisat,11,35,C,G,
3789,630/2,"???????????
?tm?pani?at",,PL,Tu,21x5,16 To 17,Upanisat,11,35,C,G,
3790,630/3,"??????????
ha?s?pani?at",,PL,TU,21x5,17 To 18,Upanisat,11,35,C,G,
3791,630/4,"??????????????
pa?cakar??pani?at",,PL,Tu,21x5,18 To 19,Upanisat,11,35,C ,G,
3792,630/5,"???????????
garbh?pani?at",,PL,Tu,21x5,20 To 21 To 1,Upanisat,11,35,C,G,
3793,630/6,"??????????????
nirv???pani?at",,PL,Tu,21x5,22 To 22 To 1,Upanisat,11,35,C ,G,
3794,630/7,"??????????????
n?dabi?d?pani?at",,PL,Tu,21x5,22 To 1 To 24,Upanisat,11,35,C,G,
3795,630/8,"???????????????
bi?duna?d?pani?at",,PL,Tu,21x5,24 To 26,Upanisat,11,35,C,G,
3796,630/9,"?????????????
kaivaly?pani?at",,PL,Tu,21x5,28 To 1 To 28,Upanisat,11,35,C,G,
3797,631,"?????? (??????????) 
pa?c??ga (vir?dhik?t) ",,PL,TU,21.5x3.5,1 To 24,Jautisha,10,40,C,GO,"Sa-1774, Year-1853"
3798,632/1,"?????? ?????? (???????? ????)
?gv?da sa?hit? (sakalasmita padapa?a)",,PL,TU,36x5.5,1 To 12,Samhita,10,40,C,OD,I Astaka
3799,632/2,"??????? ?????????
sm?rta prad?pik?",,PL,Tu,36x5.5,1 To 24, G- Prayoga   ,10,40,Inc.,OD,
3800,633/1,"???? ?????
?r? s?kta",,PL,TU,17x5,16 To 19 To 1,Veda - Mantra,9,15,Inc.,OD,
3801,633/10,"?????? ?????
vi??u s?kta",,PL,Tu,17x5,82 To 90,Veda - Mantra,9,15,C,G,
3802,633/11,"?????? ?????
n?r?ya?a s?kta",,PL,Tu,17x5,90 To 1 To 93,Veda - Mantra,9,15,Inc.,OD,
3803,633/12,"??? ??? ?????
mah? saura s?kta",,PL,Tu,17x5,93 To 100,Veda - Mantra,9,15,C,GO,
3804,633/13,"????? ?????
rudra s?kta",,PL,Tu,17x5,102 To 104,Veda - Mantra,9,15,C,OD,
3805,633/2,"???? ?????
varu?a s?kta",,PL,Tu,17 x5,19 To 1 To 27,Veda - Mantra,9,15,C,OD,
3806,633/3,"??? ?????? ?????
mah? ???ti? ma?tra",,PL,Tu,17x5,27 To 1 To 28,Veda - Mantra,9,15,C,OD,
3807,633/4,"??????? ?????
svasti s?kta",,PL,Tu,17x5,28 To 1 To 30,Veda - Mantra,9,15,C,OD,
3808,633/5,"?????? ?????
???ti? s?kta",,PL,TU,17x5,30 To 1 To 43,Veda - Mantra,9,15,C,OD,
3809,633/6,"???? ?????
anna s?kta",,PL,Tu,17x5,43 To 1 To 51,Veda - Mantra,9,15,C,OD,
3810,633/7,"?????????????
abhi?rava?ama?tra",,PL,Tu,17x5,51 To 1 To 73,Veda - Mantra,9,15,C,OD,
3811,633/8,"????? ?????
puru?a s?kta",,PL,TU,17x5,73 To 1 To 77,Veda - Mantra,9,15,C,OD,
3812,633/9,"????? ?????
rudra s?kta",,PL,Tu,17x5,77 To 1 To 82,Veda - Mantra,9,15,C,OD,
3813,634,"??????? ????
a????ga h?daya",??????,PL,TU,44x4,135Folios,Vaidya,,,,,
3814,635/1,"?????????? ????
um?mah??vara p?j?",,PL,Tu,27.5x6,1 To 12, pooja,13,35,C,G,
3815,635/2,"????????? ????
?aniprad??a p?j?",,PL,TU,27.5x6,13 To 15, pooja,13,35,C,G,
3816,636,"?????????????? ????????
vi??usahasran?ma st?tra?",Vyasa,PL,TU,28x3.5,1 To 14,Stotra,6,35,C,"OD """,
3817,637/1,"????? ?????
puru?a s?kta",,PL,TU,17x4.5,1 To 4,Veda - Mantra,8,16,C,O,
3818,637/2,"?????? ?????
n?r?ya?a s?kta",,PL,Tu,17x4.5,4 To 7,Veda - Mantra,8,16,C,G,
3819,637/3,"???? ?????
?r? s?kta",,PL,TU,17x4.5,7 To 12,Veda - Mantra,8,16,Inc,DW,
3820,638/1,"?????? ??????
?gv?da sa?hit?",,PL,TU,25x4.5,1 To 35,Samhita,9,33,Inc,DW,"V,VI & VII Astaka"
3821,638/1,"?????
pavam?na",,PL,Tu,24x4.5,1 To 2,Veda - Mantra,11,35,Inc.,DW,
3822,639,"??????? ???????
?r?ddha pray?ga?",,PL,TU,17x3,9 To 28, G- Prayoga   ,7,22,Inc,OD,Scribe : Kesava
3823,640/1,"?????? ???? ?????
durg? p?j? vidhi?",,PL,Tu,19x4.5,1 To 32, pooja,10,27,C,G,"Siddarth sam, Asada bahula-14, "
3824,640/2,"??? ????
n?ga p?j?",,PL,Tu,19x4.5,32 To 33, pooja,10,27,Inc.,GO,
3825,641,"?????? ?????
jaimini s?tra",Jaimini,PL,TU,19.5x4,1 To 57,Jautisha,8,32,Inc.,G,"Script: Tulu, Kannada Language"
3826,642/1,"?????????
b?hajj?taka",Varahamihira,PL,TU,17x5,1 To 61,Jautisha,10,25,Inc.,GO,
3827,642/2,"?????? ????
ca??ik? p?j?",,PL,Tu,17x5,1 To 9, pooja,10,25,Inc.,G,
3828,643/1,"??? ???? ???? ??????
kuja r?hu sa?dhi ???ti?",,PL,Tu,13x5.5,1 To 6,Shanti,10,16,C,G ,Saunakiya
3829,643/10,"???????? ??? ??????
saptagraha y?ga ???ti?",,PL,Tu,13x5.5 ,46 To 1 To 48,Shanti,10,16,C,G,
3830,643/11,"??????? ??? ?????
ana?v?ha d?na vidhi?",,PL,Tu,13x5.5,51 To 52,Shanti,10,16,Inc. ,G,
3831,643/2,"????? ??? ??????
g?mukha janana ???ti?",,PL,TU,13x5.5,7 To 10,Shanti,10,16,C,G.,
3832,643/4,"????? ??? ??????
g?mukha janana ???ti?",,PL,TU,13x5.5,13 To 16 To 1,Shanti,10,16,C,G. ,Bodhayana
3833,643/5,"??????????? ???? ??????
?ukr?ditya sa?dhi ???ti?",,PL,Tu,13x5.5,16 To 1 To 21,Shanti,10,16,C,G ,""""
3834,643/6,"??????? ??????
abdad?na ???ti?",,PL,Tu,13x5.5,21 To 1 To 28,Shanti,10,16,C,G,
3835,643/7,"??????? ?????? ??????
v?yas?di prav??a ???ti?",,PL,Tu,13x5.5,29 To 31,Shanti,10,16,C,G,Saunakiya 
3836,643/8,"??? ??????
k?pa ???ti?",,PL,Tu,13x5.5,31 To 32,Shanti,10,16,C,G ,Bodhayaniya
3837,644/1,"???? ??
graha japa",,PL,Tu,17.5x5,1 To 40,Jautisha,9,20,Inc.,OD,
3838,644/2,"????????????
abhil?????aka?",,PL,Tu,17.5x5,41 To ,Stotra,9,20,Inc.,OD,
3839,644/3,"??? ?????? ?????
udaka ???ti? vidhi?",,PL,Tu,17.5x5,114 To 171, G- Prayoga   ,9,20,Inc. ,Go,Scribe : Devara Bhatta
3840,644/3,"????? ??? ??????
g?mukha janana ???ti?",,PL,TU,13x5.5,11 To 13,Shanti,10,16,C,G.,
3841,645/1,"???????? ???? ?????
navar?tr? p?j? vidhi?",,PL,Tu,15x5,1 To 17, pooja,9,20,C,G,
3842,645/10,"??????? ????
sarasvat? p?j?",,TU,Tu,15x5,65 To 1, pooja,9,20,C,OD,
3843,645/2,"???? ???? ?????
?rya p?j? vidhi?",,PL,Tu,15x5,18 To 25, pooja,9,20,C ,G,
3844,645/3,"????? ????
bhagavat? p?j?",,PL,Tu,15x5,26 To 31, pooja,9,20,C ,G,
3845,645/4,"?????? ????
kum?r? p?j?",,PL,Tu,15x5,32 To 38, pooja,9,20,C,G,
3846,645/5,"?????? ????
a?bik? p?j?",,PL,Tu,15x5,39 To 43, pooja,9,20,C ,G,
3847,645/6,"??????????? ????
mahi?amardini p?j?",,PL,Tu,15x5,43 To 1 To 48, pooja,9,20,C,G,
3848,645/7,"?????? ????
ca??ik? p?j?",,PL,Tu,15x5,49 To 54, pooja,9,20,C,G,
3849,645/8,"??????? ????
sarasvat? p?j?",,TU,Tu,15x5,54 To 60, pooja,9,20,C,G,
3850,645/9,"????????? ????
v?g??var? p?j?",,PL,Tu,15x5,60 To 65 To 1, pooja,9,20,C,OD,
3851,646/1,"???? ???? ?????
graha p?j? vidhi?",,PL,TU,25x4.5,1 To 3, pooja,8,40,C,G,
3852,646/10,"?????? ????
k?tujapa p?j?",,PL,TU,25x4.5,13 To 1 To 15, pooja,8,40,C,G,
3853,646/11,"??????????? ?????????
vir??puru?a p?j?vidhi?",,PL,TU,2.5x4.5,15 To 16 To 1, pooja,8,40,C,G,
3854,646/12,"???????? ????????? (??????)
trya?baka p?j?vidhi? (ny?sa?)",,PL,Tu,25x4.5,16 To 1 To 19 To 1, pooja,8,40,C,G,
3855,646/13,"??? ????
ravi p?j?",,PL,Tu,25x4.5,19 To 1 To 20, pooja,8,40,C,G,
3856,646/14,"????? ????
ca?dra p?j?",,PL,Tu,25x4.5,20 To 1 To 21, pooja,8,40,C,G,
3857,646/15,"??? ?????????
kuja pr?rthan?",,PL,Tu,25x4.5,21 To 21 To 1, pooja,8,40,C,G,
3858,646/16,"??? ????
budha p?j?",,PL,Tu,25x4.5,21 To 1, pooja,8,40,C ,G,
3859,646/17,"???? ?????????
guru pr?rthan?",,PL,Tu,25x4.5,22 To , pooja,8,40,C,G,
3860,646/18,"????? ???? ?????
?ukra p?j? vidhi?",,PL,TU,25x4.5,22 To 22 To 1, pooja,8,40,C,G,
3861,646/19,"??????? ????
?an??vara p?j?",,PL,TU,25x4.5,22 To 1 To 23, pooja,8,40,C,G,
3862,646/2,"????? ????
ca?dra p?j?",,PL,Tu,25x4.5,3 To 4, pooja,8,40,C,G,
3863,646/20,"???? ???? ?????
r?hu p?j? vidhi?",,PL,Tu,25x4.5,23 To 23 To 1, pooja,8,40,C,G,
3864,646/21,"?????? ????
k?tujapa p?j?",,PL,TU,25x4.5,23 To 1 To 24, pooja,8,40,C,G,
3865,646/22,"???????? ????????? (??????)
trya?baka p?j?vidhi? (ny?sa?)",,PL,Tu,25x4.5,24 To 24 To 1, pooja,8,40,C,G,
3866,646/23,"???????? ?????????
v?rapuru?a pr?rthan?",,PL,TU,25x4.5,24 To 1, pooja,8,40,C,G,
3867,646/24,"????? ?????
gajad?na ma?tra",,PL,TU,25x4.5,24 To 1 To 25,Tantra Mantragama,8,40,C,G,
3868,646/25,"?????? ???? ?????
navagraha p?j? vidhi?",,PL,Tu,25x4.5,25 To 1 To 34, pooja,8,40,Inc.,G,
3869,646/3,"???? ????
?vara?a p?j?",,PL,TU,25x4.5,4 To 4 To 1, pooja,8,40,C,G,
3870,646/4,"?????? ????
a?g?raka p?j?",,PL,Tu,25x4.5,4 To 1 To 6, pooja,8,40,C,G,
3871,646/5,"??? ????
budha p?j?",,PL,Tu,25x4.5,6 To 8, pooja,8,40,C,G,
3872,646/6,"???????? ?????????
b?haspati p?j?vidhi?",,PL,Tu,25x4.5,8 To 9 To 1, pooja,8,40,C,G,
3873,646/7,"????? ???? ?????
?ukra p?j? vidhi?",,PL,TU,25x4.5,9 To 1 To 11, pooja,8,40,C ,G,
3874,646/8,"??????? ????
?an??vara p?j?",,PL,TU,25x4.5,11 To 12, pooja,8,40,C,G,
3875,646/9,"???? ???? ?????
r?hu p?j? vidhi?",,PL,Tu,25x4.5,12 To 13, pooja,8,40,C,G,
3876,647/1,"?????? ?????
durg? ta?tra",,PL,TU,20x4.5,1 To 64,Tantra Mantragama,9,28,C,G,
3877,647/2,"???? ???????? ????
arka ratn?va?i ??k?",,PL,TU,20.5x4.5,1 To 34,Tantra Mantragama,9,28,Inc.,OD ,
3878,648/1,"????? ???? ?????
yamun? p?j? vidhi?",,PL,TU,21x4.5,1 To 3, pooja,9,33,C,G,
3879,648/10,"??????????????
nir?la?b?pani?at",,PL,Tu,21x4.5,1 To 3 To 1,Upanisat,9,33,C,G,
3880,648/11,"????????????????
vajras?syupani?at",,PL,Tu,21x4.5,3 To 1 To 6 To 1,Upanisat,9,33,C,G,
3881,648/12,"???????? ????????????
k?l?gni rudr?pani?at",,PL,TU,21x4.5,6 To 1 To 8,Upanisat,9,33,C,G,
3882,648/13,"??????????????
v?sud?v?pani?at",,PL,Tu,21x4.5,8 To 9 To 1,Upanisat,9,33,C,G,
3883,648/14,"?????????????
n?r?ya??pani?at",,PL,Tu,21x4.5,9 To 1 To 10 To 1,Upanisat,9,33,C ,G,
3884,648/15,"????????????????
rudr?k??pani?at",,PL,Tu,21x4.5,10 To 1,Upanisat,9,33,Inc.,G,
3885,648/2,"?????????? ????
svar?agaur? p?j?",,PL,N.Na,21x4.5,3 To 6, pooja,9,35,C,G,
3886,648/3,"?????? ???????? ????????
durg? sahasran?ma st?tra?",,PL,Tu,21x4.5,6 To 1 To 18 To 1,Stotra,9,33,C ,G,
3887,648/4,"?????????????? ??????????
durg????ttara ?atan?m?vali?",,PL,TU,21x4.5,18 To 1 To 19,Stotra,9,33,C ,G,
3888,648/5,"?????????????? ?????
gaury????ttara ?atan?ma",,PL,Tu,21x4.5 ,19 To 1 To 21,Stotra,9,33,,C,G
3889,648/6,"?????????? ???? ???
svar?agaur? vrata kath?",,PL,Tu,21x4.5,21 To 1 To 23,Vrata-Katha,9,33,C,G,""""
3890,648/7,"???? ??????? ?????
gaur? udy?pana vidhi?",,PL,Tu,21x4.5,23 To 1 To 25,Vrata,9,33,C,G,Kasi Khanda
3891,648/8,"???????????? ????
siddhivin?yaka p?j?",,PL,TU,21x4.5,25 To , pooja,9,35,Inc.,G,
3892,648/9,"??????????? ????????
sau?daryalahari vy?khy?",,PL,TU,21x4.5,1 To 3,Stotra,9,33,Inc.,G ,
3893,649,"?????? ???? ?????
durg? p?j? vidhi?",,PL,TU,18.5x4,89 To 100,Tantra Mantragama,8,20,Inc.,G,
3894,650,"?????? ????????
pray?ga ratnam?l?",???????? ????,PL,Tu,24.5x6 ,15 To 105, G- Prayoga   ,10,35,Inc.,G,
3895,651/1,"????? ??????
a?g?ra sm?ti",,PL,TU,28.5x4,1 To 28,Shanti,11,40,C,OD ,
3896,651/11,"??????? ??? ??????
vi?an??i janana ???ti?",,PL,Tu,28.5x4,37,Shanti,10,40,C,G ,Gargyokta
3897,651/12,"?????? ??????
ga??ad??a ???ti?",,PL,Tu,28.5x4,37 To 37 To 1,Shanti,10,40,C,G,From : Jyotisarnava 
3898,651/13,"?????????? ???? ??????
dak?i??mukha kadal? ???ti?",,PL,TU,28.5x4,37 To 1 To 38,Shanti,10,40,C,G,
3899,651/14,"??? ????? ????? ??????
k?ka sa?y?ga dar?ana ???ti?",,PL,TU,28.5x4,38 To 1 To 39,Shanti,10,40,C ,G,
3900,651/15,"???? ??????
kap?ta ???ti?",,PL,Tu,28.5x4,39 To 39 To 1,Shanti,10,94,C ,G,
3901,651/16,"?????? ??????
?ithili ???ti?",,PL,Tu,28.5x4,39 To 1 To 40,Shanti,10,44,C ,G,
3902,651/18,"??? ??? ??????
da?ta janana ???ti?",,PL,TU,28.5x4,40 To 40 To 1,Shanti,10,40,C ,G,
3903,651/19,"???????? ??????
dusvapna ???ti?",,PL,N.Na,28.5x4,40 To 1 To 41,Shanti,10,44,C ,G,
3904,651/2,"???????????? ????
a?vatth?panayana vidhi",,PL,Tu,28.5x4,29 To 30, G- Prayoga   ,11,40,C,OD,
3905,651/20,"??????? ??????
??l??? ???ti?",,PL,TU,28.5x4,41 To 1 To 42,Shanti,10,40,C,G,
3906,651/22,"????? ??? ??????
g?mukha janana ???ti?",,PL,TU,28.5x4,48 To 52,Shanti,10,40,C,Go.,
3907,651/23,"????? ??????? ??? ??????
j???a nak?atra janana ???ti?",,PL,TU,28.5x4,52 To 54,Shanti,10,40,C,O ,Gargya Prokta
3908,651/24,"?????? ??????? ??? ??????
r?hi?? nak?atra janana ???ti?",,PL,Tu,28.5x4,54 To 55 To 1,Shanti,10,40,C,G,Saunakiya
3909,651/26,"???? ??? ??????
sarva r?ga ???ti?",,PL,Tu,28.5x4,57 To ,Shanti,10,40,C ,G,
3910,651/27,"????? ??????
k?tya ???ti?",,PL,Tu,28.5x4,57 To 57 To 1,Shanti,10,40,C,O,
3911,651/28,"????? ??????
?atru ???ti?",,PL,Tu,28.5x4,56 To 57,Shanti,10,40,C ,O,
3912,651/29,"????? ??????
jan?gara ???ti?",,PL,TU,28.5x4,57 To 58,Shanti,10,40,C,Go.,
3913,651/30,"?????? ??? ??????
abh?kta m?la ???ti?",,PL,Tu,28.5x4 ,58 To 59 To 1,Shanti,10,40,C,G,
3914,651/33,"???? ??????
kuh? ???ti?",,PL,Tu,28.5x4,60 To 62,Shanti,10,40,C,G ,Ratna Kosa
3915,651/34,"???? ??????
a?va ???ti?",,PL,Tu,28.5x4,62 To 62 To 1,Shanti,10,40,C,G,
3916,651/36,"???? ?????????? ??????
cauti ca?dradar?ana ???ti?",,“,Tu,28.5x4,64 To ,Shanti,10,40,C,Go.,
3917,651/37,"???? ??? ?????
?yusa h?ma vidhi?",,PL,Tu,28.5x4,64 To 65,Shanti,10,40,C,G,
3918,651/39,"????????? ??? ??????
?kanak?atra janana ???ti?",,PL,Tu,28.5x4,65 To 1 To 66,Shanti,10,40,C,G,
3919,651/4,"?????? ??? ??????
v?stu cara?a lak?a?a?",,PL,Mal,28.5x4,31 To 31 To 1,Shilpa,11,40,C,OD,
3920,651/40,"?????? ??????
ga??ad??a ???ti?",,PL,Tu,28.5x4,66 To 67 To 1,Shanti,10,40,C,GO,
3921,651/41,"??????? ??? ??????
vi?an??i ?tu ???ti?",,PL,Tu,28.5x4,67 To 69,Shanti,10,40,C,G,Vradda Gargyokta 
3922,651/42,"?????? ???????? ???????? ??????
vaid?ti vyatip?ta raj?dar?ana ???ti?",,PL,28.5x4,69to71,10,Shanti,40,C,GO,,
3923,651/44,"??? ??????
?tu ???ti?",,PL,TU,28.5x4,71 To 1 To 73,Shanti,10,40,C,GO,Brahma Samhita
3924,651/46,"???????????? ?????? ??????
du??anak?atra rajasvala ???ti?",,PL,Tu,28.5x4 ,74 To 1 To 76,Shanti,10,40,C,GO,
3925,651/47,"????????? ?????? ??????
sa?kr??ti ??l?di ???ti?",,PL,Tu,28.5x4,76 To 77,Shanti,10,40,C,OD,
3926,651/48,"?????? ??????
abhi??ka ???ti?",,PL,Tu,28.5x4,79 To 80,Shanti,10,40,C,OD,Saunakiya 
3927,651/49,"??? ??????
k?ka ???ti?",,PL,TU,28.5x4,80 To 1 To 81,Shanti,10,40,C,OD,
3928,651/50,"????????? ?????????? ??????
am?v?sy? pratham?rthava ???ti?",,PL,Tu,28.5x4,82 To 82 To 1,Shanti,10,40,C,DW,
3929,651/51,"??????? ??????
k?pata??ka ???ti?",,PL,TU,28.5x4,82 To 83 To 1,Shanti,10,40,C,ODW,
3930,651/52,"??????????? ?????
sarpasa?sk?ra vidhi?",,PL,Tu,28.5x4,83 To 84 To 1,Shanti,10,40,C,G,
3931,651/55,"???????????? ?????
r?gahara?atamanad?na vidhi?",,PL,Tu,28.5x4 ,92 To 1 To 101,Shanti,10,40,C,OD,
3932,651/56,"???? ???? ?????
graha ma??ala vidhi?",,PL,TU,28.5x4,101 To ,Shanti,10,40,C,G.,
3933,651/57,"??????? ??????? ??? ??????
??l??? nak?atra janana ???ti?",,PL,Tu,28.5x4,101 To 1 To 103,Shanti,10,40,C,G,From : Manaviya Samhita
3934,651/58,"????? ???????? ??? ??????
k???a caturda?? janana ???ti?",,PL,Tu,28.5x4,103 To ,Shanti,10,40,C ,G,
3935,651/60,"??????? ??????
nak?atra ???ti?",,PL,TU,28.5x4,107 To 108 To 1,Shanti,10,40,C,Go,Bodhayanokta 
3936,651/61,"??? ??? ??????
k??a dahana ???ti?",,PL,Tu,28.5x4,113 To 1 To 114,Shanti,10,40,C ,G,
3937,651/62,"??? ??????
v?ra ???ti?",,PL,Tu,28.5x4,114 To 115 To 1,Shanti,10,40,C,OD,
3938,651/63,"?????? ????? ?????
samudra sn?na vidhi?",,PL,Tu,28.5x4 ,115 To 119,Shanti,10,40,C,G,
3939,651/66,"??? ??????
ja?hara ???ti?",,PL,TU,28.5x4,120 To 1 To 121,Shanti,10,40,C,Go.,
3940,651/7,"????????? ????? ??????
am?v?sy? prasava ???ti?",,PL,Tu,28.5x4,34 To 34 To 1,Shanti,10,40,C ,O,""""
3941,651/8,"?????? ??????
valm?ka ???ti?",,PL,Tu,28.5x4,34 To 1 To 35,Shanti,10,40,C ,G,
3942,651/9,"??? ??????
dahana ???ti?",,PL,TU,28.5x4,35 To 1 To 36,Shanti,10,40,C,G,
3943,652/1,"??????????????? ?????
?a?khaprati??h?pan? vidhi?",,PL,TU,24x5,1 To 3, pooja,9,26,C,OD,
3944,652/10,"????? ????
k???a p?j?",,PL,Tu,24x5,19 To 24 To 1, pooja,9,26,C,OD,
3945,652/11,"??????? ????
ve?ka???a kalpa",,PL,Tu,24x5,25 To 28, pooja,9,26,Inc.,OD,
3946,652/12,"???? ????? ?????
gaur? vrata? vidhi?",,PL,Tu,24x5,29 To 33,Vrata,9,26,Inc.,OD,
3947,652/13,"???? ???? ???
gaur? vrata kath?",,PL,Tu,24x5,33 To 1,Vrata-Katha,9,26,Inc. ,OD,
3948,652/14,"?????????? ?????
svar?agaur? vrata?",,PL,TU,24x5,8 To 10,Vrata,9,26,C,OD,
3949,652/2,"?????? ????
vin?yaka p?j?",,PL,Tu,24x5,3 To 7, pooja,9,26,C,OD,
3950,652/3,"?????? ????
n?r?ya?a p?j?",,PL,Tu,24x5,7 To 1 To 9 To 1, pooja,9,26,C,OD,
3951,652/4,"??????? ?????
?ivap?j? vidhi?",,PL,Tu,24x5,9 To 1 To 11 To 1, pooja,9,26,C,GOD,
3952,652/5,"????? ????
s?rya p?j?",,PL,TU,24x5,11 To 1 To 13, pooja,9,26,C,GO,
3953,652/6,"?????? ???? ?????
durg? p?j? vidhi?",,PL,Tu,24x5,13 To 14, pooja,9,26,C,G,
3954,652/7,"????? ????
tu?as? p?j?",,PL,Tu,24x5,14 To 15, pooja,9,26,C,OD,
3955,652/8,"??????? ?????? ????
lak?m? n?si?ha p?j?",,PL,Tu,24x5,15 To 17 To 1, pooja,9,26,C,OD,
3956,652/9,"????????????? ????
lak?m?n?r?ya?a p?j?",,PL,Tu,24x5,17 To 1 To 19, pooja,9,26,C,OD,
3957,653,"?????? ??????
s?kti m?lik?",Ishwara Bhatta,PL,TU,21x4.5,27 To 39,Kavya,13,30,Inc.,OD,
3958,654/1,"????????? ???????
jy?ti?ya kalpataru",,PL,TU,19x4.5,ÌkmCkOklSk,Jautisha,10,25,C,G,
3959,654/2,"?????????
kriy?s?ra",,PL,TU,19x4.5,1 To 7,Shaivagama,10,25,Inc.,OD,
3960,655,"????? ??????????
vai??kha m?h?tmya?",,PL,Tu,36x5,1 To 55,Purana,11,50,Inc.,ODW,From : Skanda Purana 
3961,655,"???? ??????? ????
janma patrik? l?khana",,PL,TU,20x4.5,One,Jautisha,9,23,Inc.,O ,"Saka 1684, Year 1763 Citrabhanu Sam "
3962,656,"????? ?????????
k???a yajusa?hit?",,PL,Tu,24x4,1 To 144,Samhita,9,33,Inc.,Go,
3963,657/1,"?????? ????? ????
v?stu lak?a?a ??k?",,PL,TU,14x4,1 To 37,Jautisha,9,20,C,OD,"Script: Tulu, Kannada Language"
3964,657/2,"??????? ??????
nak?atra nigha??u",,PL,TU,14x4,38 To 39,Jautisha,9,20,C,G,
3965,657/3,"???? ??????
graha nigha??u",,PL,TU,14x4,39 To 46,Jautisha,9,20,Inc,GOD,
3966,657/4,"??????? ???
muh?rta r?ja",,PL,TU,14x4,1 To 2,Jautisha,9,20,C ,GOD,
3967,658,"??????? ???????
pu?y?ha pray?ga?",,PL,Tu,18x3,1 To 16, G- Prayoga   ,6,20,C,G,
3968,659,"????? ??? ?????
pavam?na h?ma vidhi?",,PL,Tu,22.5x5,1 To 64, G- Prayoga   ,9,30,C,GO,
3969,660/1,"??????????? ????
s?ryan?r?ya?a p?j?",,PL,Tu,19.5x4.5,2 To 22, pooja,9,30,Inc.,G,
3970,660/2,"????? ???????? ????????
s?rya sahasran?ma st?tra?",,PL,TU,19.5x4.5,22 To 30,Stotra,9,30,C,G,
3971,660/3,"????????????? ????? ????????
s?rya???ttara ?atan?ma st?tra?",,PL,TU,19.5x4.5,30 To 32,Stotra,9,30,Inc.,G,
3972,660/4,"????????? ?????
pradak?i?a vidh?na",,PL,Tu,19.5x4.5,32 To 34, G- Prayoga   ,9,30,C,G,
3973,661/1,"?????? ????????
pray?ga ratnam?l?",???????? ????,PL,Tu,13.5x4.5,1 To 18, G- Prayoga   ,8,19,C,G ,Bodhayaniya
3974,661/2,"????? ?????
nitya vidhi?",,PL,Tu,13.5x4.5,18 To 1 To 21, G- Prayoga   ,8,19,C ,GO,
3975,661/3,"????? ????? ?????
asthi sa?cayana vidhi?",,PL,Tu,13.5x4.5,21 To 23, G- Prayoga   ,8,19,C,G,
3976,661/4,"???? ?????
da??ha vidhi?",???????? ????,PL,Tu,13.5x4.5,23 To 26, G- Prayoga   ,8,19,C,G,
3977,661/5,"?????????? ??????
v???tsarga nir?aya",,PL,Tu,13.5x4.5,26 To 29, G- Prayoga   ,8,19,C,G,
3978,661/6,"???????? ??????? ???????
?k?di??a ?r?ddha pray?ga?",,PL,Tu,13.5x4.5,29 To 1 To 30, G- Prayoga   ,8,19,C ,G,
3979,661/7,"????????? ?????
sapi???kara?a vidhi?",,PL,Tu,13.5x4.5,30 To 1 To 40, G- Prayoga   ,8,19,C ,GO,
3980,662/1,"??????? ???????
pu?y?ha pray?ga?",,PL,Tu,32x5,1 To 3, G- Prayoga   ,10,50,C,OD,
3981,662/10,"??????
n?makara?a",,PL,Tu,32x5,34, G- Prayoga   ,10,50,C ,G,
3982,662/11,"???????????
upani?krama?a",,PL,Tu,32x5,34 To 1 To 35, G- Prayoga   ,10,50,C,O,
3983,662/12,"?????????? ?????
annapr??ana vidhi?",,PL,Tu,32x5,35 To , G- Prayoga   ,10,50,C,O,
3984,662/13,"??????? ???????
caulakarma pray?ga?",,PL,Tu,32x5,35 To 37, G- Prayoga   ,10,50,C,O,
3985,662/14,"????? ???????
upanayana pray?ga?",,PL,Tu,32x5,37 To 40 To 1, G- Prayoga   ,10,50,C ,O,
3986,662/15,"??????????
brahm?d?na",,PL,Tu,32x5,40 To 1 To 41, G- Prayoga   ,10,50,C ,O,
3987,662/16,"???? ??? ???????
m?dh? janana pray?ga?",,PL,Tu,32x5,41 To 1 To 42, G- Prayoga   ,10,50,C ,O,
3988,662/17,"???????? ???????
sam?vartana pray?ga?",,PL,Tu,32x5,42 To 1 To 45, G- Prayoga   ,10,50,C ,O,
3989,662/18,"????? ???????
viv?ha pray?ga?",,PL,Tu,32x5,45 To 1 To 51, G- Prayoga   ,10,50,C ,O,
3990,662/19,"???????? ?????????
paur?am?sa sth?l?p?ka",,PL,Tu,32x5 ,51 To 1 To 53, G- Prayoga   ,10,50,C,O,
3991,662/2,"????? ??? ???????
agni mukha pray?ga?",,PL,“,32x5,3 To 7, G- Prayoga   ,10,50,C,ODW,
3992,662/20,"??????? ?????? ???????
?gr?ya?a sth?l? pray?ga?",,PL,32x5,53to54 ,10, G- Prayoga   ,50,C,ODW,,
3993,662/21,"??????? ???????
up?karma pray?ga?",,PL,TU,32x5,54 To 56, G- Prayoga   ,10,50,C,OD,
3994,662/22,"???????? ??????? ???????
?k?di??a ?r?ddha pray?ga?",,PL,Tu,32x5,57 To 58, G- Prayoga   ,10,50,C,OD,
3995,662/23,"???? ??????? ??????
???a?a ?r?ddha pray?ga",,PL,Tu,32x5,58 To 1 To 60, G- Prayoga   ,10,50,C ,G,
3996,662/24,"????????? ?????
sapi???kara?a vidhi?",,PL,Tu,32x5,60 To 68, G- Prayoga   ,10,50,C,OD,
3997,662/25,"????? ????????
aitar?ya br?hma?a",,PL,Tu,32x5,1 To 42,Brahmana,10,50,C,ODW,
3998,662/3,"????? ??? ???????
agni mukha bh??akrama",,PL,TU,32x5,4 To 17, G- Prayoga   ,10,50,C,OD,Script : Tulu Tika : Kannada 
3999,662/4,"???????? ??? ??????
k??m???a h?ma pray?ga",,PL,Tu,32x5,17 To 25, G- Prayoga   ,10,50,C,OD,
4000,662/5,"???????? ???
abhy?yu?a h?ma",,PL,TU,32x5,25 To 1 To 27, G- Prayoga   ,10,50,C,OD,
4001,662/6,"????? ?????
agni lak?a?a",,PL,32x5,27to28,10, G- Prayoga   ,50,C,OD ,Asvalayaniya,
4002,662/7,"?????? ???????
pu?savana pray?ga?",,PL,Tu,32x5,29 To 31 To , G- Prayoga   ,10,50,C,OD,"Script : Tulu, Vayakhyato kannada"
4003,662/8,"????? ???????
s?ma?ta pray?ga?",,PL,Tu,32x5,31 To 1 To 33, G- Prayoga   ,10,50,C,GO,
4004,662/9,"??? ???? ???????
j?ta karma pray?ga?",,PL,Tu,32x5,33 To 1 To 34, G- Prayoga   ,10,50,C,GO,
4005,663,"?????? ??????
?gv?da sa?hit?",,PL,TU,32 x 5.5,169 To 230,Samhita,10,45,C,OD,VII & VIII Astaka
4006,664,"??? ???? ??????
apara ???a?a sa?kalpa",,PL,Tu,35x6,1 To 77, G- Prayoga   ,16,55,Inc.,OD,
4007,665/1,"???????? ????? ?????
m?ttik? sn?na vidhi?",,PL,Tu,36x5,2 To 2 To 1, G- Prayoga   ,9,55,Inc.,OD ,
4008,665/10,"????????? ?????
sapi???kara?a vidhi?",,PL,Tu,36x5,23 To 25, G- Prayoga   ,9,55,Inc.,ODW ,
4009,665/11,"????? ??????? ?????
p?th?ya ?r?ddha vidhi?",,PL,Tu,36x5,26 To 26 To 1, G- Prayoga   ,9,55,Inc.,ODW,
4010,665/12,"??? ???? ??????? ?????
udaka ku?bha ?r?ddha vidhi?",,PL,Tu,35x5 ,26 To 1 To 27, G- Prayoga   ,9,55,Inc.,ODW,
4011,665/13,"????? ??????? ??? ?????
p?l??a prak?ti d?na vidhi?",,PL,Tu,36x5,27 To 1 To 28 To 1, G- Prayoga   ,9,55,Inc.,ODW,
4012,665/14,"?????????
kar?as?kta",,PL,Tu,36x5,28 To 1 To 29,Veda - Mantra,9,55,C,ODW,
4013,665/15,"??? ?????
j?va s?kta",,PL,Tu,36x5,29 To ,Veda - Mantra,9,55,Inc.,ODW,
4014,665/2,"??????? ?????
pa?cagavya vidhi?",,PL,Tu,36x5,2 To 1 To 3, G- Prayoga   ,9,55,C,DW,
4015,665/3,"??? ??? ???????
da?ama dina pray?ga?",,PL,,36x5,3 To 18, G- Prayoga   ,9,55,C,DW,
4016,665/4,"?????? ??????
?k?da?? nir?aya",,PL,Tu,36x5,18 To 18 To 1, G- Prayoga   ,9,55,C,DW,
4017,665/5,"?????????? ??????
v???tsarga nir?aya",,PL,Tu,36x5,18 To 1 To 19, G- Prayoga   ,9,55,C,DW,
4018,665/6,"???????? ??????? ???????
?k?di??a ?r?ddha pray?ga?",,PL,',36x5,19 To 1 To 21, G- Prayoga   ,9,55,C,ODW,
4019,665/7,"????? ?? ??????? ?????
rudra ga?a ?r?ddha vidhi?",,PL,Tu,36x5,21 To 21 To 1, G- Prayoga   ,9,55,C,DW,
4020,665/8,"??? ?? ??????? ?????
vasu ga?a ?r?ddha vidhi?",,PL,Tu,36x5,21 To 1, G- Prayoga   ,9,55,C,G,
4021,665/9,"???? ??????? ??????
???a?a ?r?ddha pray?ga",,PL,Tu,36x5,21 To 1 To 23, G- Prayoga   ,9,55,C,DW,
4022,666/1,"????????? ?????
d?vat?rcana vidhi?",,PL,TU,20x5,1 To 16,Tantra Mantragama,12,35,C,ODW,
4023,666/2,"????? ????
ga?apati p?j?",,PL,Tu,20x5,17 To 18, pooja,12,35,C,OD,
4024,666/3,"?????????? ????
um?mah??vara p?j?",,PL,Tu,20x5,18 To 18 To 1, pooja,12,35,C,OD,
4025,666/4,"?????? ???? ?????
vi??u p?j? vidhi?",,PL,TU,20x5,18 To 1 To 19, pooja,12,35,C,OD,
4026,666/5,"????? ????
s?rya p?j?",,PL,TU,20x5,19 To 1 To 22, pooja,12,35,C,OD,
4027,666/6,"??????? ????
ve?ka???a kavaca?",,PL,TU,20x5,22 To 1 To 25,Stotra,12,35,C,OD,From : Varaha Purana
4028,666/7,"??????? ????
?anai?cara kavaca?",,PL,TU,20x5,26 To 29,Stotra,12,35,C ,OD,Skanda Purana
4029,666/8,"???? ????????
ma?ga?a st?tra?",,PL,TU,20x5,1 To 2,Stotra,12,35,C,OD ,
4030,667,"??????????? ?????
rudr?bhi??ka vidhi?",,PL,Tu,20.5x5,12 To 27, pooja,8,23,Inc.,GO,
4031,668,"??? ?????????????
?k sarv?nukrama?i",,PL,TU,26.5x4.5,1 To 28,Vedanga,11,35,C,G,
4032,669/1,"??????? ?????
v?rabhadra ma?tra",,PL,N.Na,22.5x5,6,Shaivagama,12,37,Inc.,OD,
4033,669/2,"????????
ta?tras?ra",Krsnananda Vagisa ,PL,TU ,22.5x5,6 To 45,Tantra Mantragama,9,28,Inc.,O,
4034,669/3,"????? ???????? ???? ?????
sahasra br?hma?a bh?jana vidhi?",,PL,Tu,22.5x5 ,46 To 47,Vrata,12,37,C,O,
4035,670,"??? ???????
?aiva ratn?kara",,PL,TU,23.5x5,1 To 82,Veerashaiva,10,30,C,ODW ,
4036,671/1,"????? ??? ?????
ga?apati h?ma vidhi?",,PL,Tu,17x5,14 To , G- Prayoga   ,10,26,C,G,
4037,671/2,"????? ??? ?????
ga?apati h?ma vidhi?",,PL,Tu,17x5,15 To 20 To 1, G- Prayoga   ,10,26,C,G,
4038,671/3,"????? ??????????
agni k?ryavidhi?",,PL,TU,17x5,20 To 1 To 25,Tantra Mantragama,10,26,C,G ,
4039,671/4,"?????? ?????
s?mav?ra vrata?",,PL,Tu,17x5,26 To 33,Vrata,10,26,C,G,From : Skandapurana
4040,671/5,"?????? ?????? ????
?gv?da bh??y? ??k?",,PL,Tu,17x5,33 To 1 To 36,Samhita,10,26,C,GO,
4041,671/6,"????????? ?????? ?????
lak?atu?as? samarpa?a vidhi?",,PL,Tu,17x5,33 To 1 To 36,Vrata,10,26,C,G,From : Vishnupurana
4042,671/7,"????????
karmag?t?",,PL ,Tu,17x5,1 To 5,Gita,10,26,C,G,From : Bhavisottara Purana
4043,672/1,"????? ??????
ska?da pur??a?",,PL,Tu,20.5x4.5,2 To 66,Purana,11,30,Inc.,OD ,
4044,672/10,"????????? ??????
catu??a??h? upac?ra?",,PL,Tu,20.5x4.5,127 To 1 To 148, pooja,11,30,C,GO,
4045,672/11,"??? ??????
bh?ta suddi",,PL,TU,20.5x4.5,149 To 157,Tantra Mantragama,11,30,C,GO,
4046,672/12,"??????? ????????
v?rabhadra st?tra?",,PL,TU,20.5x4.5 ,157 To 1 To 160,Stotra,11,30,Inc.,GO,
4047,672/2,"????????
?ivarahasya",Vyasa,PL,Tu,20.5x4.5,74 To 74 To 1,Purana,11,30,Inc.,GO,
4048,672/3,"???????? ?????
siddh??ta ?ikhar?",,PL,TU,20.5x4.5,74 To 1 To 93,shaiva,11,30,Inc.,GO,
4049,672/4,"???? ???????? ????
arka ratn?va?i ??k?",,PL,TU,20.5x4.5,93 To 1 To 95,Tantra Mantragama,11,30,C ,G,Kannada Vyakhya
4050,672/5,"?????????
tricakalpa",,PL,Tu,20.5x4.5,119 To 121, pooja,11,30,Inc. ,GO,
4051,672/6,"?????? ?????
arghya vidhi?",,PL,Tu,20.5x4.5,121 To , pooja,11,30,C,G,
4052,672/7,"???? ????
?vara?a p?j?",,PL,TU,20.5x4.5,121 To 1 To 122, pooja,11,30,C ,GO,
4053,672/8,"???? ?????
ku?da vidhi?",,PL,TU,20.5x4.5,123 To 123 To 1,Shaivagama,11,30,C,GO,
4054,672/9,"????????? ?????
lak?avarti vrata?",,PL,Tu,20.5x4.5,124 To 127 To 1,Vrata,11,30,C ,GO,
4055,673/1,"????? ??? ?????
pavam?na h?ma vidhi?",,PL,Tu,20x4.5,1 To 60, G- Prayoga   ,9,22,Inc.,ODW ,No. of Leaves Missing
4056,673/3,"??????? ???????
g?yatr? r?m?ya?a?",,Tu,37x5,20x4.5,69 To 1 To 72,Itihasa,9,22,Inc.,G ,
4057,674/1,"???????? ?????
param???hi ma?tra",,PL,Tu,22.5x4.5,1 To 9,Veda - Mantra,8,25,C,G,
4058,674/2,"???? ?????
bh?gu ma?tra",,PL,Tu,22.5x4.5,9 To 10,Veda - Mantra,8,25,C,G,
4059,674/3,"??????? ??? ???????
dv?da?? h?ma pray?ga?",,PL,Tu,22.5x4.5 ,12 To 1 To 13, G- Prayoga   ,8,25,C,G,
4060,674/4,"?????????????
v?d??t?pani?at",,PL,Tu,22.5x4.5,1 To 28,Upanisat,11,30,C,G,
4061,674/5,"????????????????
taittir?y?pani?at",,PL,Tu,22.5x4.5,29 To 40,Upanisat,11,30,Inc.,G,
4062,674/6,"??????????? ????????????
?anitray?da?? vrat?dy?pana?",,PL,Tu,22.5x4.5,1 To 8,Vrata,11,30,Inc.,GO ,From : Skandapurana
4063,674/7,"?????? ????????????
s?mav?ra vrat?dy?pana?",,PL,TU,22.5x4.5,1 To 9,Vrata,11,30,Inc.,O,
4064,675/1,"??? ?????
mara?a vidhi?",,PL,Tu,19x4,1 To 31, G- Prayoga   ,8,25,C ,Go,
4065,675/2,"??????? ??????
tripadi ???ti?",,PL,TU,10x4,33 To 34,Shanti,8,25,C,Go ,Saunakiya 
4066,675/3,"?????? ???
n?r?ya?a bali",,PL,Tu,10x4,36 To 46, G- Prayoga   ,8,25,C,GO,
4067,675/4,"????? ??????? ?????
p?th?ya ?r?ddha vidhi?",,PL,Tu,10x4,87 To 88, G- Prayoga   ,8,25,C,ODW,
4068,675/5,"??? ???? ??????? ?????
udaka ku?bha ?r?ddha vidhi?",,PL,Tu,10x4,48 To 48 To 1, G- Prayoga   ,8,25,C,OD,
4069,675/6,"???? ???? ???????
graha yajña pray?ga?",,PL,Tu,10x4,49 To 50, G- Prayoga   ,8,25,C,O,
4070,675/7,"????? ?????? ????????
ak?ara m?lik? st?tra?",Sankaracarya,PL,Tu,10x4 ,51 To 51 To 1,Stotra,8,25,Inc.,OD,
4071,676/1,"???? ????
d?v? kavaca?",Sankaracarya,PL,Tu,14x4.5,1 To 12,Stotra,9,20,C,ODW ,
4072,676/2,"??? ????
?a?kha p?j?",,PL,TU,14x4.5,1 To 69, pooja,7,11,Inc.,OD,
4073,677/1,"??????? ????? (??? ?????)
kal?v?hana vidhi? (ka?asa vidhi?)",,PL,TU,15x4.5 ,1 To 19,Tantra Mantragama,9,16,C,OD,
4074,677/2,"??????? ?????
pa?cagavya vidhi?",,PL,TU,15x4.5,19 To 28,Tantra Mantragama,9,16,C,GO ,
4075,677/3,"????? ??? ???????
agni mukha pray?ga?",,PL,“,15x4.5,29 To 38, G- Prayoga   ,9,16,C,G ,Asvalayaniya
4076,677/4,"??????? ?????
pa?cagavya vidhi?",,PL,TU,15x4.5,36 To 39,Tantra Mantragama,9,16,C,GO ,
4077,677/5,"??????? ??????
pa?cagavya k?rik?",,PL,Tu,15x4.5,40 To 42, G- Prayoga   ,9,16,C,G,
4078,677/6,"??????? ????
nava?akti p?j?",,PL,Tu,15x4.5,1 To 11, pooja,9,16,Inc.,G,
4079,678," ???? ??????
 p?j? vidh?na?",,PL,Tu,19.5x5,14 To 101, pooja,11,30,Inc. ,ODW,
4080,679,"????? ?????
nitya vidhi?",,PL,Tu,20x5,16Folios, G- Prayoga   ,9,26,Inc.,ODW,
4081,680/1,"???? ??? ?????
?yusa h?ma vidhi?",,PL,Tu,13.5x4,66 To 70,Shanti,10,20,C,OD,
4082,680/10,"????? ???????
upanayana pray?ga?",,PL,Tu,13.5x4,95 To 1 To 104, G- Prayoga   ,10,20,C,G,
4083,680/11,"???? ??? ???????
m?dh? janana pray?ga?",,PL,Tu,13.5x4,104 To 1 To 109, G- Prayoga   ,10,20,C ,G,
4084,680/12,"???????? ???????
sam?vartana pray?ga?",,PL,Tu,13.5x4,109 To 117, G- Prayoga   ,10,20,C,G,"Script : Tulu, Language : Kannada"
4085,680/13,"????? ???????
viv?ha pray?ga?",,PL,Tu,13.5x4,117 To 1 To 135, G- Prayoga   ,10,20,Inc,GO,
4086,680/14,"??????? ???????
madhuparka pray?ga?",,PL,Tu,13.5x4,135 To 137, G- Prayoga   ,10,20,Inc.,O,
4087,680/15,"??????? ?????????
da?ap?r?a sth?l?p?ka",,PL,Tu,13.5x4 ,137 To 141, G- Prayoga   ,10,20,C,G,
4088,680/16,"??????? ???????
?gr?ya?a pray?ga?",,PL,TU,13.5x4,141 To 144 To 1, G- Prayoga   ,10,20,C,GO,
4089,680/17,"??????? ???????
up?karma pray?ga?",,PL,TU,13.5x4,144 To 1 To 152, G- Prayoga   ,10,20,C,G,
4090,680/18,"???????? ??????? ???????
?k?di??a ?r?ddha pray?ga?",,PL,,13.5x4,152 To 156, G- Prayoga   ,10,20,C,GO,
4091,680/19,"???? ??????? ??????
???a?a ?r?ddha pray?ga",,PL,Tu,13.5x4,157 To 1 To 162, G- Prayoga   ,10,20,Inc,OD,
4092,680/2,"????? ?????
agni lak?a?a",,PL,32x5,13.5x4,70 To 74, G- Prayoga   ,10,20,C,G,
4093,680/3,"?????? ???????
pu?savana pray?ga?",,PL,Tu,13.5x4,74 To 81, G- Prayoga   ,10,20,C,G,
4094,680/4,"????? ???????
s?ma?ta pray?ga?",,PL,Tu,13.5x4,81 To 85 To 1, G- Prayoga   ,10,20,C ,G,"Script : Tulu, Vykhya : Kannada"
4095,680/5,"??? ???? ???????
j?ta karma pray?ga?",,PL,TU,13.5x4,85 To 1 To 87, G- Prayoga   ,10,20,C ,G,
4096,680/6,"??????
n?makara?a",,PL,Tu,13.5x4,87 To 88, G- Prayoga   ,10,20,C,G,
4097,680/7,"???????????
upani?krama?a",,PL,Tu,13.5x4,88 To 89 To 1, G- Prayoga   ,10,20,C ,G,
4098,680/8,"?????????? ?????
annapr??ana vidhi?",,PL,TU,13.5x4,89 To 1 To 90, G- Prayoga   ,10,20,C,G,
4099,680/9,"??????? ???????
caulakarma pray?ga?",,PL,Tu,18.5x4,90 To 95 To 1, G- Prayoga   ,10,20,C ,G,
4100,681/1,"?????? ???????
sn?t? nirmal?",,PL,Tu,27x6,1 To 3 To 1,Tantra Mantragama,11,30,C ,G,
4101,681/2,"??? ?????? ?????
bh?ta ?uddhi vidhi?",,PL,TU,27x6,3 To 1 To 4 To 1,Tantra Mantragama,11,30,C,G,
4102,681/3,"????????????????? ?????
pr??aprati??h?pan? vidhi?",,PL,TU,27x6,4 To 5 To 1,Tantra Mantragama,11,30,C,G,
4103,681/4," ???? ??????
 p?j? vidh?na?",,PL,Tu,27x6,5 To 1 To 15, pooja,11,30,C,G,
4104,681/5,"?????????????
ga?apatyupani?at",,PL,Tu,27x6,15 To 1 To 17,Upanisat,11,30,C,G,
4105,681/6,"????? ?????
rudra s?kta",,PL,Tu,27x6,18 To 24,Veda - Mantra,11,80,C,OD,
4106,681/7,"???????? ?????
vi?vad?va s?kta",,PL,TU,27x6,25 To 1 To 29,Veda - Mantra,11,30,C,G,
4107,682/1,"??? ??? ??????
k?pa p??ha nir?aya",,PL,TU,20.5x5,53 To 54,Jautisha,9,30,C,O,
4108,682/1,"???? ???
lagna ?la?",,PL,TU,20.5x5,1 To 2,Jautisha,9,27,C,GOD,
4109,682/2,"?????? ???
dv?da?a bh?va",,PL,TU,20.5x5,2 To 13,Jautisha,9,27,Inc.,G,
4110,682/3,"??? ???????
bh?va sa?graha?",,PL,TU,20.5x5,14 To 21,Jautisha,9,27,C,G,
4111,682/4,"?????? ???
str? bh?va",,PL,TU,20.5x5,22 To 27,Jautisha,9,27,C,G,
4112,682/5,"???? ????????
j?taka ca?drik?",Venkatesa,PL,TU,20.5x5,28 To 33,Jautisha,9,27,C,G,
4113,682/6,"?????
da?a?la?",,PL,TU,20.5x5,45.5,Jautisha,9,27,Inc.,G,
4114,682/8,"??????????
k?pa??stra",,PL,TU,20.5x5,55 To 57,Vastu,9,30,Inc.,GOD,
4115,683,"??????? ??????
?r?ddha nir?aya",,PL,Tu,15.5x4.5,1 To 29, G- Prayoga   ,8,25,Inc,G,Bodhayamiya
4116,684/1,"?????? ?????? ?????
pa?c??ga ny?sa? vidhi?",,PL,Tu,20.5x5,1 To 10, pooja,9,30,C,ODW,
4117,684/2,"??????? ????? ?????
g?yatr? ny?sa vidhi?",,PL,Tu,20.5x5,10 To 35, pooja,9,30,Inc.,ODw,
4118,685,"???????????? ?????
jy?ti?sta?bha vrata?",,PL,Tu,18x5.5,1 To 7,Vrata,12,25,C,OD ,""""
4119,686,"???? ??????? ??????
???a?a ?r?ddha pray?ga",,PL,Tu,23x4.5,30Folios, G- Prayoga   ,10,35,Inc ,ODW,
4120,687/1,"???????????????
n?mali?g?nu??sana?",,PL,TU,26x4,157 To 166,Nighantu,8,27,Inc.,OD,
4121,687/2,"????? ????????
s?rya siddh??ta",,PL,TU,26x4.5,193 To 238,Jautisha,8,30,Inc. ,GOD,Scribe: Vasudeva Udupa
4122,688/1,"??? ?????
laghu stava?",,PL,TU,12.5x4,13 To 14,Stotra,11,20,Inc.,GO ,
4123,688/2,"??????? ?????
sakalajanan? stava?",,PL,TU,12.5x4,14 To 25,Stotra,11,20,C,G,
4124,688/3,"???????? ?????
m?nasap?j? vidhi?",Sankaracarya,PL,Tu,12.5x4 ,25 To 37, pooja,11,20,C,G,
4125,688/4,"????????????? ????????
tripurasu?dar? st?tra?",Durvasa,PL,Tu,12.5x4,38 To 39,Stotra,11,20,C,G,
4126,688/5,"???????????? ?????
bh?gavat??targata ?atan?ma",Vyasa,PL,TU ,12.5x4,39 To 42,Stotra,11,20,C,GO,From : Devi Mahatmya
4127,688/6,"???? ????
d?v? kavaca?",,PL,TU,12.5x4,44 To 47,Tantra Mantragama,11,20,C,G,From: Bhairava Tantra
4128,688/7,"???? ????
bhairava kavaca?",,PL,TU,12.5x4,47 To 53,Tantra Mantragama,11,20,Inc.,G,
4129,689,"????? ???????? ????????
lalit? sahasran?ma st?tra?",,PL,TU,10.5x5,1 To 15,Stotra,9,10,Inc.,O ,
4130,690/1,"????? ????????
kada?baka st?tra?",Hari Hara,PL,Tu,17x5,47 To 48,Stotra,10,15,Inc.,OD,
4131,690/2,"??????????????
r?maca?dr???aka?",,PL,TU,17x5,51 To 54,Stotra,10,15,Inc.,O,
4132,690/3,"?????? ????
ra?gan?tha ?ataka?",,PL,TU,17x5,54 To 56,Stotra,10,15,C,OD,
4133,690/4,"????? ????????
s?t??a st?tra?",,PL,TU,17x5,65 To 67,Stotra,10,75,C,OD,""""
4134,690/5,"????? ????????? ???
v?t?la pa?cavi??ati kath?",,PL,TU,17x5,70 To 85,Gadya - Katha,10,15,Inc.,DW,
4135,690/6,"??????
itih?sa",,PL,TU,17x5,99 To 110,Vedanga,10,15,Inc.,OD,
4136,691/1,"??? ????
sabh? p?j?",,TU,Tu,23.5x5.5,1 To 3, pooja,9,23,C,G,
4137,691/2,"????? ?????????
agni ma?tr?rtha",,PL,Tu,23.5x5.5,1 To 3,Veda - Mantra,9,23,C,G,
4138,691/3,"?????????
ma?tr?k?a",,PL,TU,23.5x5.5,4,Tantra Mantragama,9,23,C,G,
4139,691/4,"?????????
mah?sa?kalpa",,PL,TU,23.5x5.5,1 To 10,Tantra Mantragama,9,23,C,G,
4140,691/5,"???????????? ????
a?vatth?panayana vidhi",,PL,Tu,23.5x5.5,1 To 3 To 1, G- Prayoga   ,10,25,C,G ,Gargyokta
4141,691/6,"??????? ???????????? ?????
a?vattha prati??h?pan? vidhi?",,PL,TU,23.5x5.5,3 To 1 To 4, pooja,10,25,C,G,
4142,691/7,"????? ??? ?????
ga?apati h?ma vidhi?",,PL,Tu,23.5x5.5,4 To 5, G- Prayoga   ,10,26,C,G,
4143,691/8,"?????? ?????
l?kap?la ma?tra",,PL,TU,23.5x5.5,5,Tantra Mantragama,10,25,C,G,
4144,692/1,"??? ????
sabh? p?j?",,TU,Tu,27.5x5.5,1 To 9, pooja,9,35,C,GO,
4145,692/2,"????????
r?ghavastaka",,PL,TU,27.5x5.5,9 To 1 To 11,Stotra,10,25,C,GO,
4146,692/3,"??? ????????
r?ma st?tra?",,PL,TU,27.5x5.5,11 To 12,Stotra,10,25,C,O ,
4147,692/4,"????? ????
ga?apati bhajan?",,PL,Tu,27.5x5.5,11 To 1,General,10,30,C,G,
4148,692/5,"???? ????
a?b? bhajan?",,PL,TU,27.5x5.5,12 To ,General,10,30,C,G,
4149,692/6,"???????? ????
da??vat?ra? bhajan?",,PL,Tu,27.5x5.5,12 To ,General,10,30,C,G,
4150,692/7,"???? ???? ???? ??? ????
guru bhajan? athav? r?ma bhajan?",,PL,TU,27.5x5.5 ,13 To ,General,10,30,Inc.,G,
4151,692/8," ???? ??????
 p?j? vidh?na?",,PL,Tu,27.5x5.5,1 To 4, pooja,10,30,Inc.,OD,
4152,693/1,"??????????
ma?ga????aka?",,PL,TU,15x4,1 To 3,Stotra,8,23,C,O,
4153,693/10,"??????????
ma?ga????aka?",,PL,TU,15x4,21 To 25,Stotra,8,23,C,GO ,
4154,693/11,"?????????
?iv???aka?",,PL,TU,15x4,26 To 27,Stotra,8,23,C,GO,
4155,693/12,"????????? ????????
pa?c?k?ar? st?tra?",,PL,TU,15x4,26 To 29,Stotra,8,23,C,OD,From : Brahmanda Purana
4156,693/2,"???????????
ca??ik???aka?",,PL,Tu,15x4,3 To 1 To 4,Stotra,8,23,Inc.,GO,
4157,693/3,"???? ????????
da??aka st?tra?",Yamadharma Raja,PL,Tu,15x4,5 To 6,Stotra,8,23,C,G,From : Skanda Purana 
4158,693/4,"?????????? ????????
i?dr?k?i st?tra?",,PL,Tu,15x4,7 To 8 To 1,Stotra,8,23,C,GO,
4159,693/5,"??? ????
?iva kavaca?",,PL,TU,15x4,8 To 1 To 16,Stotra,8,23,C,GO,""""
4160,693/6,"????????????
vin?yak???aka?",,PL,TU,15x4,16 To 17,Stotra,8,23,C,GO,
4161,693/7,"?????? ????????
bh?skara st?tra?",,PL,TU,15x4,17 To 1 To 18,Stotra,8,23,C,OD,
4162,693/8,"??? ????????
?iva st?tra?",,PL,TU,15x4,18 To 1 To 19,Stotra,8,23,C,OD ,
4163,693/9,"?????? ??????
navaratna m?lik?",,PL,Tu,15x4,20 To 21,Stotra,8,23,C,G,
4164,694/1,"?????????? ??????
g?ddh?r?ha?a ???ti?",,PL,Tu,21x5,1 To 2,Shanti,9,30,Inc. ,ODW,
4165,694/2,"?? ???? ?????
vana bh?jana vidhi?",,PL,Tu,21x5,one,Vrata,9,30,Inc,ODW,
4166,695/1,"????????
sap?dhy?ya",,PL,Tu,20x5,65 To 70,Purana,10,34,C,GO ,
4167,695/10,"??? ??? ???
da?ama bh?va ?la?",,PL,TU,20x5,115 To 117,Jautisha,10,34,C,G,
4168,695/11,"??? ???
l?bha ?la?",,PL,TU,20x5,117x118,Jautisha,10,34,C,G,
4169,695/12,"??????? ???
vyayabh?va ?la?",,PL,TU,20x5,118 To 120,Jautisha,10,34,C,G,
4170,695/2,"?????? ???? ????
sarvat? bhadra cakra",,PL,TU,20x5,70 To 1 To 72,Jautisha,10,34,Inc.,G ,
4171,695/3,"??? ???????
k?pa pra?n?",,PL,TU,20x5,81 To 86,Vastu,10,34,Inc.,O,"Script : Tulu, Kannada Language"
4172,695/4,"????? ??????
sa?t?na d?pik?",,PL,TU,20x5,87 To 94,Jautisha,10,34,C,G,
4173,695/5,"???? ?? ???
pa?cama bhava ?la?",,PL,TU,20x5,95 To 98,Jautisha,10,34,C,G,
4174,695/6,"??????? ???
?a??habh?va ?la?",,PL,TU,20x5,98 To 1 To 103,Jautisha,10,34,C,G,
4175,695/8,"??????? ???
a??abh?va ?la?",,PL,TU,20x5,108 To 112,Jautisha,10,34,C,G,
4176,695/9,"??? ??? ???
navama bh?va ?la?",,PL,TU,20x5,112 To 114,Jautisha,10,34,C,G,
4177,696,"???????? ?????
vi?vad?va s?kta",,PL,TU,20.5x4.5,11Folios,Veda - Mantra,9,28,Inc.,OD,
4178,697/1,"???? ?????
?r? s?kta",,PL,TU,19.5x3,1 To 4,Veda - Mantra,5,25,C,DW,
4179,697/2,"??? ????? ?????
laghu ny?sa rudra",,PL,Tu,19.5x3,4 To 1 To 14, pooja,5,25,C,DW,
4180,697/3,"??????????? ?????
sa?dhy?p?san? vidhi?",,PL,TU,19.5x3,15 To 29, G- Prayoga   ,5,25,C,DW,
4181,697/4,"??????????
ma?ga????aka?",,PL,TU,19.5x3,29 To 31,Stotra,5,25,C,G ,
4182,697/5,"???????? ?????
vai?vad?va vidhi?",,PL,Tu,19.5x3,32 To 35, G- Prayoga   ,5,25,C,ODW,
4183,698/1,"????? ?????
rudra s?kta",,PL,Tu,16x4,1,Veda - Mantra,7,23,Inc,OD,
4184,698/2,"??? ??????
mah? ny?sa?",,PL,Tu,16x4,1 To 11, pooja,7,23,Inc.,OD,
4185,698/3,"???????? ?????
??ipa?cam? vrata?",,PL,TU,16x4,1 To 4,Vrata,7,23,C,OD,
4186,699,"????? ??????
vi?va darpa?a?",mahendra Sarma ,PL,Tu,23x5 ,1 To 27,General,11,26,Inc.,DW,No end
4187,700/1,"???????????? ?????
jy?ti?sta?bha vrata?",,PL,Tu,25x5,1 To 3,Vrata,9,30,Inc.,ODW,
4188,700/2,"??????? ????????
lak?m? st?tra?",,PL,TU,25x5,5 To 9,Stotra,9,30,Inc.,OD,
4189,700/3,"?????? ????
n?r?ya?a h?daya",,PL,TU,25x5,one,Stotra,9,30,Inc.,OD,
4190,700/4,"???? ??????? ????
janma patrik? l?khana",,PL,TU,25x5,One,Jautisha,9,30,C,OD ,Saka-1755 Year-1834 Vijaya Sam
4191,701/1,"?????? ?????
nai?adh?ya carita?",Sri Harsa,PL,TU,14x5.5,24Folios,Kavya,12,18,Inc. ,O,
4192,701/2,"?????????? ???? ????????
mah?lak?m? h?daya st?tra?",,PL,TU,14x5.5,One,Stotra,14,23,Inc.,O,""""
4193,702/1,"?????????
tricakalpa",,PL,Tu,19.5x5.5,1 To 43, pooja,11,30,Inc.,GO,
4194,702/2,"???????
g?pag?t?",,PL ,Tu,19.5x5.5,One,Gita,11,30,Inc. ,GO,
4195,703/1,"??????? ???? ????
jan?rdana d?vara vivara",,PL,Tu,26.5x4.5,1 To 9,General,9,37,Inc.,ODW,Kannada language
4196,703/2,"??????? ???? ????
mah?li?ga d?vara vivara",,PL,Tu,26.5x4.5,9 To ,General,9,37,Inc.,OD,kannada language
4197,703/2,"??????????????? ??????
ch??d?gy?pani?at bh??ya?",,“,Tu,26.5x5.5,94Folios,Upanisat,9,37,Inc.,O,
4198,704,"???????? ?????? ????????
siddh??ta kaumudi vy?khy?",,PL,TU,22.5x4.5,1 To 109,Vyakarana,9,50,Inc.,GO,
4199,705/1,"????? ?????
rudra s?kta",,PL,Tu,13 x 6,3 To 18,Veda - Mantra,8,12,Inc,CD,
4200,705/2,"?????????? ???? ?????
datt?tr?ya m?l? ma?tra",,PL,Tu,13x6,47 To 51,Stotra,8,12,C,OD,
4201,706/1,"????????? ?????
pratim?pada ya?tra",,PL,TU,20.5x5,1 To 17,Tantra Mantragama,7,18,C,OD,
4202,706/10,"???????????? ????????
?rya???ttara st?tra?",, PL,Tu,20.5x5,53 To 57 To 1,Stotra,7,18,C,GO,
4203,706/11,"???????????????????
?iva???ttarast?tra?",,PL,TU,20.5x5,57 To 1 To 60,Stotra,7,18,C,GO,
4204,706/12,"?????????? ????????
i?dr?k?i st?tra?",,PL,Tu,20.5x5,60 To 63,Stotra,7,18,C ,G,
4205,706/14,"??????????
li?g???aka?",,PL,TU,20.5x5,69 To 1 To 71,Stotra,7,18,C,G,
4206,706/15,"?????????? ?????
agh?r?stra ma?tra",,PL,TU,20.5x5,71 To 72,Tantra Mantragama,7,18,C,GOD,
4207,706/16,"???????????? ?????
p??upat?stra ma?tra",,PL,TU,20.5x5,72 To 73,Tantra Mantragama,7,18,C ,GO,
4208,706/17,"???????????
k??????aka?",Sankaracarya,PL,Tu,20.5x5 ,73 To 1 To 75,Stotra,7,18,C,GO,
4209,706/2,"??? ???? ?????
pa?ca p?j? vidhi?",,PL,TU,20.5x5,18 To 28,Tantra Mantragama,7,18,Inc.,OD,
4210,706/3,"??? ????
?iva kavaca?",,PL,TU,20.5x5,63 To 69,Stotra,7,18,Inc.,ODW ,
4211,706/3,"??????? ????
nava?akti p?j?",,PL,TU,20.5x5,28 To 1 To 29,Tantra Mantragama,7,18,Inc.,O,
4212,706/4,"??? ????
n?ga p?j?",,PL,Tu,20.5x5,30 To 34 To 1, pooja,7,18,C ,GO,
4213,706/5,"??????????????? ?????
n?gaprati??h?pan? vidhi?",,PL,Tu,20.5x5,34 To 1 To 44, pooja,7,18,C,OD,
4214,706/6,"?????? ?????????
vin?yaka a???ttara",,PL,Tu,20.5x5,44 To 45,Stotra,7,18,C,OD ,
4215,706/7,"?????? ????????
n?r?ya?a st?tra?",,PL,TU,20.5x5,45 To 47,Stotra,7,18,C,G ,
4216,706/8,"????? ????????? ????????
s?rya a???ttara st?tra?",,PL,TU,20.5x5,47 To 1 To 50,Stotra,7,18,C ,G,
4217,707/1,"????????? ??????
c?turyuga pram??a",,PL,TU,21.5x5,"1 To 4,1 To 2",Jautisha,12,32,Inc.,GO,Script : Tulu Kannada Language
4218,707/2,"??????? ???
sa?vatsara ?la?",,PL,TU,21.5x5,5Folios,Jautisha,12,32,Inc.,G,
4219,707/3,"?????? ?????
balihara?a vidhi?",,PL,TU,18.5x4.5,1 To 5, G- Prayoga   ,10,26,Inc.,G.,
4220,708,"??? ????
pa?ca p?j?",,PL,Tu,13x5,1 To 34, pooja,8,15,Inc.,GO,
4221,709/1,"?????? ????
k?tujapa p?j?",,PL,Tu,17x4.5,14 To 16, pooja,10,20,C,O,
4222,709/2,"?????? ???? ?????
navagraha p?j? vidhi?",,PL,Tu,17x4.5,16 To 1 To 45, pooja,10,20,Inc. ,OD,
4223,709/3,"????? ????
harihara d?saka",,PL,TU,17x4.5,46 To 47,Stotra,10,20,C,GOD,
4224,710,"????? ??????
graha?a ???ti?",,“,Tu,14.5x4,1 To 13,Shanti,7,12,C,ODW,
4225,711/1,"??????????? ???? ?????
m?dhy?hnika karma vidhi?",,PL,Tu,21.5x4,6 To 7, G- Prayoga   ,10,26,Inc.,OD,
4226,711/2,"?????? ???? ?????
brahma yajña vidhi?",,PL,TU,21.5x4,7 To 11 To 1, G- Prayoga   ,10,26,C,OD,
4227,711/3,"???? ????????
ga?g? sahasran?ma",,PL,Tu,21.5x4,11 To 1 To 14,Stotra,10,26,Inc. ,OD,
4228,711/4,"???? ?????
?r? s?kta",,PL,TU,21.5x4,2Folios,Veda - Mantra,10,26,C,OD,
4229,712,"???????? ??????????
sidd??ta mukt?va?i?",,PL,TU,28x5,14folios,Nyaya,8,45,Ine,OD,
4230,712,"????? ?????
upad??a s?tra",Jaimini,PL,TU,17x4.5,1 To 8,Neeti,9,20,Inc.,GO,
4231,713/1,"??????? ????? ???????
a?vattha viv?ha pray?ga?",,PL,Tu,20.5x5.5,1 To 3, G- Prayoga   ,10,28,C,G,
4232,713/2,"????? ?????
dhruva s?kta",,PL,Tu,20.5x5.5,3,Veda - Mantra,10,28,C,G,
4233,713/3,"??? ???? ???????????? ?????
m??ha garbha pr?ya?citta vidhi?",,PL,Tu,20.5x5.5 ,9 To 11, G- Prayoga   ,10,28,C,G,
4234,715/1,"??????? ???????
pra?n? ??stra",,PL,TU,12x4,1 To 111,Jautisha,9,15,C,GO,"Script: Tulu, Kannada Language"
4235,715/2,"?????? ????????
navaratna ci?t?ma?i",,PL,TU,12x4,One,Jautisha,9,15,C,G,"Script- Tulu, Kannada Language"
4236,715/3,"????????????? ?????
?dituprati??a ta?tra",,PL,TU,12x4,10Folios,Tantra Mantragama,9,15,Inc,DW,
4237,716,"???????
r?m?ya?a?",,PL,TU,18x4.5,26Folios,Itihasa,11,26,Inc,OD ,-
4238,717/1,"????? ????????? ???
v?t?la pa?cavi??ati kath?",,PL,TU,16.5x5.5,1 To 39,Gadya - Katha,16,32,C,GO,
4239,717/2,"?????????? ?????
vikram?rka carita?",,PL,TU,16.5x5.5,40 To 117,Gadya - Katha,10,32,C,GO,Scribe : Hari Bhatta
4240,717/3,"????? ?????? ???
kany? vikraya d??a",,PL,Tu,16.5x5.5,1,General,16,32,C,GO,
4241,717/4,"???????? ???????
subh??it? sa?graha?",,PL,TU,16.5x5.5,1 To 27,Subhashita,16,32,C,G ,
4242,718,"??????
bh?gavata?",,PL,Tu,49x5,166Folios,Purana,12,95,Inc.,ODW ,
4243,719,"?????????????????? ??????
b?had?ra?y?k?pani?ad bh??ya?",,PL,Tu,45x4.5,28Folios,Upanisat,13,70,Inc.,OD,
4244,720,"????? ?????????
k???a yajusa?hit?",,PL,Tu,47.5x5.5,23Folios,Samhita,10,75,Inc.,ODW,
4245,721,"??????
bh?gavata?",,PL,Mal,36x5.5,1 To 117,Purana,12,75,Inc.,ODW,
4246,722,"???? ??????????
d?v? m?h?tmya?",,PL,Mal,18.5x4,1 To 45,Purana,7,31,Inc.,GO ,""" 1-8 Adhyayas"
4247,723,"?????????
bhagavadg?t?",,PL,Mal,26.5x3,24Folios,Gita,5,35,Inc. ,ODW,
4248,724/1,"?????? ????
sa?hit? ?am?na",,PL,Mal,16x4,1 To 4,Vedanga,9,23,C,G,
4249,724/2,"???????? ????????
vili?gya vy?khy?",,PL,Mal.,16x4,4 To 1 To 9,Vedanga,9,23,C,G,
4250,724/3,"?????? ?????
kriy? lak?a?a",,PL,Mal.,16x4,10 To 12,Vedanga,9,23,C,G,
4251,725,"???????????????
n?mali?g?nu??sana?",,PL,Mal,20.5x3.5,21folios,Nighantu,5,25,Inc.,ODW,
4252,726,"????????? ????????
karmavip?ka sudh?nidhi",,PL,Mal,20x4,1 To 65, G- Prayoga   ,8,35,C,G,
4253,727,"????? ????????
ga?apati st?tra?",,P,Mal,12x3,14folios,Stotra,7,15,Inc.,OD ,
4254,728,"????????????????? ?????
pr??aprati??h?pan? vidhi?",,PL,Mal,12.5x3.5,128Folios,Tantra Mantragama,8,15,Inc.,DW,
4255,729,"????? ?????
puru?a s?kta",,PL,Mal,29x4,20Folios,Veda - Mantra,6,31,Inc.,DW,
4256,730/1,"??? ???? ??????
laghu p?j? sad?c?ra",,PL,Mal,36.5x5,1 To 6, pooja,11,15,C,G,Scribe : Sankara
4257,730/2,"????? ????? ????????
puru?a s?kta vy?khy?",,PL,Mal,36.5x5,7 To 12,Veda - Mantra,11,75,Inc.,G,
4258,731/1,"????? ????? ????????
puru?a s?kta vy?khy?",,PL,Mal,38x5,7 To 10,Veda - Mantra,11,65,Inc.,G,
4259,731/2,"?????? ?????
n?r?ya?a s?kta",,PL,Mal,38x5,10 To 1 To 12,Veda - Mantra,11,65,C,G,
4260,731/3,"?? ?????
bh? s?kta",,PL,Mal,38x5,12 To 14 To 1,Veda - Mantra,11,65,C,G,
4261,731/4,"??? ?????
n?la s?kta",,PL,Mal,38x5,14 To 1 To 15,Veda - Mantra,11,65,C,G,
4262,731/5,"???? ???? ?????
d?v? p?j? vidhi?",,PL,Mal,38x5,15 To 18, pooja,11,65,C ,G,
4263,731/6,"???? ?????
?r? s?kta",,PL,Mal,38x5,18 To 1 To 19,Veda - Mantra,11,65,C,G,
4264,731/7,"??? ?????????
d?va p?j?vidh?na",,PL,Mal,38x5,1 To 16,Tantra Mantragama,11,65,C ,G,
4265,731/8,"??????? ???????
pra?n? ??stra",,PL,Mal,38x5,1 To 42,Jautisha,11,65,Inc.,G,
4266,731/9,"????? ???????
?ilpa sa?graha?",,PL,Mal,38x5,1 To 55,Shilpa,11,65,Inc.,G,
4267,732,"?????? ????
a??ami ca?p?",Vidyadhara,PL,Mal,17.5x3.5,1 To 15,Campu,8,27,Inc.,O,
4268,733/1,"????? ???? ?????
pu?pa p?j? vidhi?",,PL,Mal,28x5,1 To 13, pooja,11,46,C,G,
4269,733/2,"????????????????? ?????
pr??aprati??h?pan? vidhi?",,PL,Mal,28x5,8Folios, pooja,11,46,Inc.,G,
4270,733/3,"??????????? ????
rudr?dhy?ya kalpa",,PL,Mal,28x5,41 To 47, pooja,11,46,Inc. ,G,
4271,734,"???????????? ????????
pra?n?r?tya vy?khy?",,PL,Mal.,19x4.5,1 To 114,Jautisha,8,34,C,G,
4272,735,"??????? ???????
mah?bh?rata sa?k??pa",,PL,Mal,41x5,1 To 220,Itihasa,11,62,C,G,Language : Malayala
4273,736,"????? ???????
ma?tra sa?graha?",,PL,Mal,21.5x3.5,1 To 12,Tantra Mantragama,7,24,C,G,Sudarsana Cakra
4274,737,"???? ???????
j?taka p?rij?ta",Vaidyanatha,PL,Mal,18x4.5,1 To 202,Jautisha,10,30,C,G,Scribe: Shankara
4275,738,"??????? ???????
mah?bh?rata sa?k??pa",Vaidyanatha,PL,Mal,35x5,1 To 238,Itihasa,12,68,C,G ,Language : Malayala 
4276,740,"???
b??a",,PL,Mal,18x3.5,1 To 45,Nataka,9,28,C,G,Scribe : Damodara
4277,741,"???????? ????????
?yurv?da vaidyal?ka",,PL,Mal,18x3.5,36Folios,Vaidya,10,32,Inc.,ODW,
4278,742,"??????? ????????
sarvavi?a cikits?",,PL,mal,20x4,11 To 34,Vaidya,8,23,Inc.,G,malayala language
4279,743,"??????????????? ???????
vi?vavaidyama?tra sa?graha?",,PL,Mal.,10.5x3.5,1 To 83,Vaidya,9,16,C,G,
4280,744,"???????? ????
vividhau?adha kalpa",,PL,Mal,15x3.5,1 To 29,Vaidya,10,30,Inc.,G,
4281,745,"???????
r?m?ya?a?",Valmiki,PL,Mal,52.5x5,252folios,Itihasa,10,85,Inc,OW,No.of Folios missing - protected 
4282,746,"??????? ???? ????????
a????ga h?daya vy?khy?",??????,PL,Mal,32.5x4.5,35Folios,Vaidya,,,,,
4283,747,"??????
bh?gavata?",??????,PL,Mal,52.5x4.5,158Folios,Purana,9,85,Inc. ,ODW,
4284,748,"??????? ??????
sarvar?ga nidh?na?",,Pl,Mal,22x3,54folios,Vaidya,8,40,Inc.,G,
4285,749/1,"?????????? ????????
kum?rasa?bhava? vy?khy?",Narayana,PL,Mal,35.5x4.5 ,1 To ,Kavya,11,63,Inc.,G,
4286,749/2,"???????? ????????
abhijñ?na ??ku?tal?",Narayana,PL,Mal,35.5x4.5,1 To 36,Nataka,11,63,C,G ,
4287,750,"???????? ?????? ????????
adhy?tma r?m?ya?a vy?khy?",," """,Mal,32.5x3.5,209Folios,Itihasa,10,58,Inc.,OD ,
4288,751,"?????? ??????????
?k?da?? m?h?tmya?",,PL,Mal,28.5x5,2 To 15,Purana,10,40,Inc,G,
4289,752,"??????????
n?r?ya??yam",Meppaturu Narayana ,PL,Mal,23.5x4,1 To 134,Kavya,8,40,C,G,
4290,753/1,"??? ????????
?iva st?tra?",,PL,Mal,29x3,1 To 6,Stotra,4,30,Inc.,DW,
4291,753/2,"???????? ??????
pa?cak?tva paddhati",,PL,Mal,29x3,14Folios, G- Prayoga   ,4,30,Inc.,OD,
4292,754,"???????????????
adhy?tmar?m?ya?a?",,PL,Mal,48x4,96Folios,Itihasa,11,85,Inc.,OD,No. of Folios Missing
4293,755,"???????????????
adhy?tmar?m?ya?a?",,PL,Mal,54x4,70Folios,Itihasa,8,98,Inc.,OD,
4294,756,"??????????
vaidyalak?a?a",,PL,Mal,20x4,75Folios,Vaidya,10,30,Inc.,G,Malayalam language
4295,757,"??? ???????
???a samuccaya",,PL,Mal,23.5x4,23Folios, pooja,9,26,Inc.,ODW,
4296,758,"????? ???????
vaidya sa?graha?",,PL,Mal,12x3.5,38Folios,Vaidya,9,20,Inc.,ODW,
4297,759,"????????? ???
jy?ti?ya ?la?",,PL,Mal,19x4,30Folios,Jautisha,8,35,Inc.,DW,
4298,760,"?????? ????
s?k?i vivara",,PL,Mal,15.5x4,12Folios,General,8,25,Inc.,OD,"Script : Language, Malayala"
4299,761,"????? ???????????
k???a yajussa?hit?",,PL,GR,40x5,1 To 217,Samhita,9,58,C,DW,
4300,762,"????????
svaravi?aya",,PL,GR,44x5,47Folois,Vedanga,11,56,Inc. ,OD,
4301,763/1,"????? ?????
sa?cayana vidhi?",,PL,GR,26x4.5,1 To 17, G- Prayoga   ,8,26,C,ODW,
4302,763/2,"????????? ?????
da??hak?tya vidhi?",,PL,GR,26x4.5,17 To 20, G- Prayoga   ,8,26,C,ODW,
4303,763/3,"??????????? ?????
v???tsarjana vidhi?",,PL,GR,26x4.5,20 To 22, G- Prayoga   ,8,26,Inc,ODW,
4304,763/4,"???????? ??????? ???????
?k?di??a ?r?ddha pray?ga?",,PL,GR,26x4.5,23 To 25, G- Prayoga   ,8,26,C,ODW,
4305,763/5,"???? ?????? ?????
i??a sahabh?jana vidhi?",,PL,GR,26x4.5,25 To 1 To 35, G- Prayoga   ,8,26,C,ODW,
4306,764/1,"???? ???????
tarka sa?graha?",,PL,GR,43x4,22folios,Nyaya,9,58,Inc.,ODW ,
4307,764/2,"???? ??????? ????????
tarka sa?graha? vy?khy?",,PL,GR,43x4,10folios,Nyaya,8,65,Inc.,OD,
4308,765,"????? ?????????
k???a yajusa?hit?",,PL,GR.,40x4,1 To 39,Samhita,10,58,Inc.,OD,
4309,766,"????? ?????????
k???a yajusa?hit?",,PL,GR.,35x4.5,1 To 71,Samhita,9,46,Inc.,OD,VI kanda only
4310,766/56,"???? ??????????
d?v? m?h?tmya?",,PL,GR,27x4.5,136 To 1 To 164,Purana,17,35,C,G,From : Markandeya Purana 
4311,767,"????? ?????????
k???a yajusa?hit?",,PL,GR.,30x4.5,71Folios,Samhita,9,34,Inc.,G,
4312,768,"??? ?????????
d?va p?j?vidh?na",,PL,GR,24.5x3,67Folios,Tantra Mantragama,7,34,Inc. ,DW,
4313,769,"?????? ??????
?gv?da sa?hit?",,PL,GR,37 x 5,24Folios,Samhita,11,45,Inc. ,DW,
4314,770/1,"??? ?????
?auca vidhi?",,PL,GR,27.5x4.5,1 To 15, G- Prayoga   ,12,43,C,G,
4315,770/2,"??????? ?????
?ivap?j? vidhi?",,PL,GR,27.5x4.5,1 To 6, pooja,12,43,Inc.,G,
4316,770/3,"?????? ???? ?????
??lini p?j? vidhi?",,PL,GR,27.5x4.5,1 To 4, pooja,12,43,Inc.,G,
4317,771,"??????????
rahasyatray?",,PL,GR,42x3,1 To 78,Vedanga,7,60,Inc. ,ODW,
4318,772/1,"??? ?????????
b?la prab?dhini",,PL,Kan,26.5x4.5,1 To 2,Vyakarana,9,42,Inc.,G,"Script : Kannada, Language : Tamil"
4319,772/10,"??????????
sa?dhy?kavaca?",,PL,GR,26.5x4.5,10 To 1,Stotra,14,40,C,G,Yajnavalkya
4320,772/11,"??????? ?????
sudar?ana stava?",,PL,GR,26.5x4.5,11,Stotra,14,40,C,G,
4321,772/12,"?????????
p???avag?t?",Vyasa,PL ,GR,26.5x4.5,12 To 16,Gita,14,40,C,G,
4322,772/13,"??????????
g?pik?g?t?",Vyasa,PL ,GR,26.5x4.5,16 To 1,Gita,14,40,C,G,From : Bhagavata 
4323,772/14,"?????? ????
n?r?ya?a h?daya",,PL,GR,26.5x4.5,17 To 1 To 19,Stotra,14,40,C ,G,
4324,772/15,"??????? ???? ????????
lak?m? h?daya st?tra?",,PL,GR,26.5x4.5,19 To 1 To 25,Stotra,14,40,C,G,
4325,772/16,"???
camaka",,PL,GR,26.5x4.5,26 To 28,Veda - Mantra,14,40,C,G,
4326,772/17,"????? ?????
puru?a s?kta",,PL,GR,26.5x4.5,28 To 1 To 30,Veda - Mantra,14,40,C,G,
4327,772/18,"????? ????
ga?apati m?l?",,PL,GR ,26.5x4.5,30 To 1, pooja,14,40,C,G,
4328,772/19,"??? ????
b?la m?l?",,PL,GR,26.5x4.5,30 To 1, pooja,14,40,C,G,
4329,772/2,"???? ???? ????
?k??a bhairava kalpa",,PL,Kan,26.5x4.5,2 To 4,Tantra Mantragama,9,42,C,G,"Script: Kannada, Tamil Language"
4330,772/20,"???????????
ga???apa?caratna",    Sankaracarya,PL,GR ,26.5x4.5,31,Stotra,14,40,C,G,
4331,772/21,"???????
b?lah?daya",,PL,GR,26.5x4.5,31 To 1 To 32,Stotra,14,40,C,G,
4332,772/22,"??????? ?????
b?lam?l? ma?tra",,PL,GR,26.5x4.5,32 To 32 To 1,Stotra,15,40,C,G,
4333,772/23,"??? ???????
b?la stavar?ja",,PL,GR,26.5x4.5,32 To 1 To 33,Stotra,15,40,C,G,
4334,772/24,"???????
b?lakavaca?",,PL,GR,26.5x4.5,33 To 34,Stotra,15,40,C,G,
4335,772/25,"????????
b?labhuja?ga",,PL,GR,26.5x4.5,34 To 35,Stotra,15,40,C,G,
4336,772/26,"??? ???????
b?la stavar?ja",,PL,GR,26.5x4.5,35 To 36,Stotra,15,40,C,G,
4337,772/27,"??? ?????
laghu stava?",,PL,GR,26.5x4.5,36 To 37,Stotra,15,40,C,G,
4338,772/28,"????? ????????
???a?i m?nasap?j?",,PL,GR,26.5x4.5,37 To 1 To 39,Stotra,15,40,C,G,
4339,772/29,"??????? ?????
pa?c?da?? stava?",,PL,GR,26.5x4.5,39 To 40,Stotra,15,40,C ,G,
4340,772/3,"??????? ????
?y?mal? da??aka",,PL,Kan,26.5x4.5,4 To 1,Stotra,9,42,Inc.,G ,
4341,772/30,"??????? ???????
pa?c?da?? stuti?",,PL,GR,26.5x4.5,40 To 1 To 41,Stotra,15,40,C,G,
4342,772/31,"??? ????????
?iva st?tra?",,PL,GR,26.5x4.5,41 To 42,Stotra,15,40,C,G,
4343,772/32,"??? ??????? ????????
?iva p?rvati st?tra?",,PL,GR,26.5x4.5,42 To 1 To 43,Stotra,15,40,C,G,
4344,772/33,"?????? ?????
vi?a?ti ?l?ka",,PL,GR,26.5x4.5,43,Stotra,14,40,C,G,
4345,772/34,"????? ???????? ????????
lalit? sahasran?ma st?tra?",,PL,GR,26.5x4.5,43 To 50,Stotra,15,40,C ,G,
4346,772/35,"???? ????????
ga?g? sahasran?ma",,PL,GR,26.5x4.5,50 To 57,Stotra,14,40,C ,G,From : Skanda Purana 
4347,772/36,"?????????
sukh???aka?",,PL,GR,26.5x4.5,57 To 1 To 58,Stotra,15,40,C,G,
4348,772/37,"??????????
?a?kar???aka?",,PL,GR,26.5x4.5,58 To 58 To 1,Stotra,14,40,C,G,
4349,772/38,"???????? ????????
m?n?k?i st?tra?",,PL,GR,26.5x4.5,59 To 60,Stotra,14,40,C,G,
4350,772/39,"??? ????? ????????
?iva bhuja?ga st?tra?",,PL,GR,26.5x4.5,60 To 60 To 1,Stotra,14,40,C,G,
4351,772/4,"?????????????
ga?apatyupani?at",,PL,GR,26.5x4.5,1 To 1 To 1,Upanisat,18,40,C,G,
4352,772/40,"???? ?????
d?v? bhuja?ga",,PL,GR,26.5x4.5,60 To 1 To 61,Stotra,14,40,C,G,
4353,772/41,"???? ?????
guru bhuja?ga",,PL,GR,26.5x4.5,61 To 61 To 1,Stotra,14,40,C,G,
4354,772/42,"???????????????
m?tyu?jay???aka?",,PL,GR,26.5x4.5,61 To 1 To 62,Stotra,14,40,C,G,
4355,772/43,"???????? ????
m?n?k?i pa?caka",,PL,GR,26.5x4.5,62 To 63,Stotra,14,50,C,G,
4356,772/44,"????????????
akhila????vari",,PL,GR,26.5x4.5 ,63 To 63 To 1,Stotra,14,50,C,G,
4357,772/45,"???? ?????
bhairava ma?tra",,PL,GR,26.5x4.5,63 To 65,Tantra Mantragama,12,40,Inc.,G,Tami/Language
4358,772/46,"???? ????????
n??i st?tra?",,PL,GR,26.5x4.5,65,Stotra,14,40,Inc. ,G,
4359,772/47,"????????? ????????
annap?r?a st?tra?",Vyasa,PL,GR,26.5x4.5,65 To ,Stotra,14,40,C,G,
4360,772/48,"??????????
li?g???aka?",,PL,GR,26.5x4.5,66 To ,Stotra,14,40,C,G,
4361,772/49,"?????? ?? ???? ??????
v?mad?va nava ratna m?lik?",,PL,GR,26.5x4.5,66 To 67,Stotra,14,40,C,G,
4362,772/5,"??????????
?iv?pani?at",,PL,GR,26.5x4.5,3 To 4,Upanisat,14,40,C,G,
4363,772/50,"???? ????
gaur? m??e",,PL,GR,26.5x4.5,67 To 67 To 1,Stotra,14,40,C,G,
4364,772/51,"?????? ?????
pa?c??ga v?kya",,PL,GR,26.5x4.5,67 To 1 To 72,Vaidya,14,40,Inc.,G,
4365,772/52,"????????? ?????
m?tyu?jaya ma?tra",,PL,GR,26.5x4.5,73 To 74, pooja,14,50,C ,G,
4366,772/53,"???? ???? ?????
kha?uga r?va?a ma?tra",,PL,GR,26.5x4.5,74 To 76,Tantra Mantragama,14,40,Inc.,G,
4367,772/54,"????????????
cida?bar???aka?",,PL,GR,26.5x4.5,78 To ,Stotra,14,40,C,G,
4368,772/55,"????????
ga????aka?",,PL,GR,26.5x4.5,76 To 1,Stotra,14,40,C ,G,
4369,772/56,"????????????
muku?d???aka?",,PL,GR,26.5x4.5, To ,Stotra,14,40,C,G,
4370,772/57,"????????
r?ghavastaka",,PL,GR,26.5x4.5,77 To 77 To 1,Stotra,14,50,C,G,
4371,772/58,"????????????
g?vi?d???aka?",,PL,GR,26.5x4.5,77 To 1 To 78,Stotra,14,40,C,G,
4372,772/59,"?????????? ????
ca?dra??khara? staka",Sankaracarya,PL,GR ,26.5x4.5,78,Stotra,14,40,C,G,
4373,772/6,"?????????????
n?r?ya??pani?at",,PL,GR,26.5x4.5,4 To 5,Upanisat,14,40,C,G,
4374,772/60,"??????????????
vi?van?th???aka?",,PL,GR,26.5x4.5,79,Stotra,14,40,C,G,
4375,772/61,"??????????
ma?ga????aka?",,PL,GR,26.5x4.5,79 To 80,Stotra,14,40,C ,G,
4376,772/62,"?????????
r?m???aka?",,PL,GR,26.5x4.5,80 To 80 To 1,Stotra,14,40,C,G,
4377,772/63,"??????????
?a?bar???aka?",,PL,GR,26.5x4.5,80 To 1,Stotra,14,40,C,G,
4378,772/64,"?????????
sariya??aka?",,PL,GR,26.5x4.5,80 To 1 To 81,Stotra,14,40,C,G,
4379,772/65,"????????????
n?laka??h???aka?",,PL,GR,26.5x4.5,81,Stotra,14,40,C,G,
4380,772/67,"????? ???? ????????
m??ika v?hana st?tra?",,PL,GR,26.5x4.5 ,81 To 1 To 82,Stotra,14,40,C,G,From : Brahmanda Purana 
4381,772/68,"??????? ?????
sarasvat? stava?",,PL,GR,26.5x4.5,82 To ,Stotra,14,40,C,G,
4382,772/69,"?????? ????????
navagraha st?tra?",,PL,GR,26.5x4.5,82 To 1 To 83,Stotra,14,40,C,G,
4383,772/7,"????????????
sa?dhy?pani?at",,PL,GR,26.5x4.5,6 To 7,Upanisat,14,40,C,G,
4384,772/70,"?????????? ????????
i?dr?k?i st?tra?",,PL,GR,26.5x4.5,83 To 1 To 84,Stotra,14,40,C,G,
4385,772/71,"??? ????
?iva kavaca?",,PL,GR,26.5x4.5,85 To 1 To 88,Stotra,14,40,C,G,
4386,772/72,"?????? ??????
m?t?k? ny?sa?",,PL,GR,26.5x4.5,88 To 1, pooja,14,40,C ,G,
4387,772/73,"???????? ?????
a?v?r??ha ma?tra",,PL,GR,26.5x4.5,100 To 1,Tantra Mantragama,14,40,C,G,
4388,772/74,"??????? ?????
svaya?vara ma?tra",,PL,GR,26.5x4.5,101 To ,Tantra Mantragama,14,40,C,G,
4389,772/75,"??????? ?????
??stra ma?tra",,PL,GR,26.5x4.5,101 To 101 To 1,Smriti,14,40,C,G,
4390,772/76,"??????? ???????
pu?y?ha pray?ga?",,PL,GR,26.5x4.5,101 To 1, G- Prayoga   ,14,40,C ,G,
4391,772/77,"??????
d?n?ni",,PL,GR,26.5x4.5,103 To 103 To 1,Shaivagama,14,40,C,G,
4392,772/78,"?????? ???? ?????
prad??a p?j? vidhi?",,PL,GR,26.5x4.5 ,103 To 1 To 104, pooja,14,40,Inc.,G,
4393,772/79,"??????????? ??????????
?iva???ttara ?atan?m?va?i?",,PL,GR,26.5x4.5,104 To 1 To 105,Stotra,14,40,C,G,
4394,772/8,"????????????
divyaupani?at",,PL,GR,26.5x4.5,7 To 8,Upanisat,14,40,C,G,
4395,772/80,"???????? ?????
???rv?da ma?tra",,PL,GR,26.5x4.5,106,Veda - Mantra,14,40,C,G,
4396,772/81,"??????? ??????? ?????
svaya?vara p?rvati ma?tra",,PL,GR,26.5x4.5 ,106 To 106 To 1,Tantra Mantragama,14,40,C,G,
4397,772/82,"????? ????? ?????
puru?a s?kta ya?tra",,PL,GR,26.5x4.5,107,Tantra Mantragama,14,40,C,G,
4398,772/83,"?????????? ???
puru?as?kta h?ma",,PL,GR,26.5x4.5,107 To 1 To 109,Veda - Mantra,14,40,C,G,
4399,772/84,"??? ???
tila h?ma",,PL,GR,26.5x4.5,109 To 111, G- Prayoga   ,14,40,C,G,
4400,772/85,"?????? ??? ???????
?yu?ya h?ma pray?ga?",,PL,GR,26.5x4.5,111 To 112, G- Prayoga   ,14,40,C,G,
4401,772/86,"?????? ?????
p?rva?a vidhi?",,PL,G.R.,26.5x4.5,112 To 1 To 123, G- Prayoga   ,14,40,C,G,
4402,772/87,"????? ???????
?l?ka sa?graha?",,PL,GR,26.5x4.5,123 To 124,General,14,40,Inc.,G,
4403,772/88,"??????????????? ??????
m????ky?pani?ad bh??ya?",,PL,GR,26.5x4.5,124 To 126,Upanisat,14,40,C,G,
4404,772/89,"??????????
k?ma??stra",,PL,GR,26.5x4.5,126 To 134,Kamashastra,14,40,Inc.,G,
4405,772/9,"??????? ????????
tri?ati st?tra?",,PL,GR,26.5x4.5,9 To 10,Stotra,14,40,Inc.,G,
4406,772/90,"???????? ?????
cikits? vidh?na",,PL,GR,26.5x4.5,135 To 136,Vaidya,14,40,Inc.,G,
4407,772/91,"?????? ?????
ny?sa? vidhi?",,PL,GR,26.5x4.5,137 To 137.1, pooja,14,40,C,G,
4408,772/92,"????????
k?lajñ?na",,PL,GR,26.5x4.5,137 To 1,Vaidya,14,40,C,G,
4409,772/93,"????????? ???????
a??asth?na par?k?e",,PL,GR,26.5x4.5,137 To 1,Vaidya,14,40,C,G,
4410,772/94,"????? ???? ???????
lalit? d?v? stuti?",,PL,GR,26.5x4.5,138 To 139,Stotra,12,38,C,G,
4411,773,"????????? ????????
taittir?ya br?hma?a",,PL,Gr,45x5,190Folios,Brahmana,10,58,C,ODW,Scribe: Ramabhatta
4412,774,"?? ??? ??? ???
nakha gh?ta v??a kath?",Mayura,PL,GR,19.5x3,1 To 48,Gadya - Katha,7,25,Inc.,ODW,
4413,775,"?????? ???????
itih?sa samuccaya",,PL,GR ,35x4,27Folios,Itihasa,9,50,Inc.,OD,Scribe : Sivarama
4414,776/1,"??????????? ?????
vidy?p?duka ma?tra",,PL,GR,27x4.5,1 To 1, pooja,17,35,C,G,
4415,776/10,"??????????????? ??????
m????ky?pani?ad bh??ya?",,PL,GR,27x4.5,4 To 5,Upanisat,17,35,C,G,
4416,776/11,"?????????? ?????
k???ajaya?t? vrata?",,PL,GR,27x4.5,5 To 1 To 6,Vrata,17,35,C,G,
4417,776/12,"??????? ???????
sarvad?na prakara?a?",,PL,GR,27x4.5,6 To 11 To 1, G- Prayoga   ,17,35,C,G,
4418,776/13,"????? ??????
da???ga ?l?ki",,PL,GR,27x4.5,11 To 1,Stotra,17,35,C,G,
4419,776/14,"????????? ????????
janmarahasya st?tra?",,PL,GR,27x4.5,11 To 1 To 13 To 1,Stotra,17,35,C,G,""""
4420,776/15,"?????? ????????
vi??u st?tra?",,PL,GR,27x4.5,13 To 1 To 14,Stotra,17,35,C,G,
4421,776/16,"???????? ??????
k?lajñ?na d?pik?",,PL,GR,27x4.5,15 To 22,Vaidya,17,35,C,GO,
4422,776/17,"??????? ?????? ????????
nak?atra m?lik? st?tra?",,PL,GR,27x4.5,22 To 26,Stotra,17,35,Inc.,O,
4423,776/18,"?????? ???? ??? ????????
ca??ik? sapta sati st?tra?",,PL,GR,27x4.5 ,27 To 31,Stotra,17,35,C,G,
4424,776/19,"?????????
rasaratn?kara",Nityanathasidda,PL,GR,27x4.5 ,32 To 66,Vaidya,17,35,C,G,
4425,776/2,"???? ?????
ga???a ma?tra",,PL,GR,27x4.5,1 To 1, pooja,17,35,C,G,
4426,776/20,"????? ????
v?g??a kalpa",,PL,GR,27x4.5,67 To 68,Tantra Mantragama,17,35,Inc.,G,
4427,776/21,"??? ?????
?arabha ma?tra",,PL,GR,27x4.5,68 To 68 To 1, pooja,17,35,C,G,
4428,776/22,"???? ????
ga???a kalpa",,PL,GR,27x4.5,68 To 1 To 73,Tantra Mantragama,17,35,C,G,
4429,776/23,"???? ??? ?????
nidhi khanana vidh?na",,PL,GR,27x4.5,73 To 74,Tantra Mantragama,17,35,C,G,
4430,776/24,"???? ???
nidhi ajana",,PL,GR,27x4.5,74 To 75,Tantra Mantragama,17,35,C,G,
4431,776/25,"??? ?????
ajana ma?tra",,PL,GR,27x4.5,75,Tantra Mantragama,17,35,C,G,
4432,776/26,"??????? ?????
yak?i?i ma?tra",,PL,GR,27x4.5,75 To ,Tantra Mantragama,17,35,C,G,
4433,776/27,"??????????? ?????
sa?dhy?p?san? vidhi?",,PL,GR,27x4.5,75 To 1 To 77, G- Prayoga   ,17,35,C,G,
4434,776/28,"?????? ?????
??lini ma?tra",,PL,GR,27x4.5,77 To ,Tantra Mantragama,17,35,C,G,
4435,776/29,"?????? ????????
n?si?ha st?tra?",,PL,GR,27x4.5,77 To 1,Stotra,17,35,C ,G,
4436,776/3,"??????????? ?????
pa?cada??k?ar? ma?tra",,PL,GR,27x4.5,1 To 1,Tantra Mantragama,17,35,C,G,
4437,776/30,"?????? ???????
??lini vi?am?t?",,PL,GR,27x4.5,77 To 1,Tantra Mantragama,17,35,C,G,
4438,776/31,"???? ???? ?????
d?v? p?j? vidhi?",,PL,GR,27x4.5,78 To 82, pooja,17,35,C ,G,
4439,776/32,"?????? ?????
d?k?? vidhi?",,PL,GR,27x4.5,82 To 83,Tantra Mantragama,17,35,C,G,
4440,776/33,"??????? ?????
yak?i?i ma?tra",,PL,GR,27x4.5,83 To 83 To 1,Tantra Mantragama,17,35,C,G,
4441,776/34,"???? ???????
kar?a yak?i?i",,PL,GR,27x4.5,83 To 1,Tantra Mantragama,17,35,C,G,
4442,776/35,"?????? ???????
uddh?ra yak?i?i",,PL,GR,27x4.5,83 To 1 To 84,Tantra Mantragama,17,35,C,G,
4443,776/36,"???? ?????
ba?dhu yak?i",,PL,GR,27x4.5,84,Tantra Mantragama,17,35,C,G,
4444,776/37,"????? ?????
ci?t? yak?i",,PL,GR,27x4.5,84,Tantra Mantragama,17,35,C,G,
4445,776/38,"??? ?????
d?na yak?i",,PL,GR,27x4.5,84 To 84 To 1,Tantra Mantragama,17,35,C,G,
4446,776/39,"????? ???? ?????
a?jan? kar?a vidhi?",,PL,GR,27x4.5 ,85 To 85 To 1,Tantra Mantragama,17,35,Inc.,G,
4447,776/4,"??????????? ?????
b?hadv?r?hi ma?tra",,PL,GR,27x4.5,2 To , pooja,17,35,C,G,
4448,776/40,"???????? ???? ?????
?r?cakra p?j? vidhi?",,PL,GR,27x4.5 ,87 To 103, pooja,17,35,C,G,
4449,776/41,"?????????? ?????
agh?r?stra ma?tra",,PL,GR,27x4.5,103 To 103 To 1,Tantra Mantragama,17,35,C,G,
4450,776/42,"?????????? ????
rakt??vari kalpa",,PL,GR,27x4.5,103 To 1,Tantra Mantragama,17,35,C,G,
4451,776/43,"???? ?????
m?l? ma?tra",,PL,GR,27x4.5,105 To 105 To 1, pooja,17,35,C,G,
4452,776/44,"?????? ???
mudr? da?aka",,PL,GR,27x4.5,105 To 1,Tantra Mantragama,17,35,C,G,
4453,776/45,"?????? ????
v?r?hi kalpa",,PL,GR,27x4.5,106,Tantra Mantragama,17,35,C,G,
4454,776/46,"?????? ?????
s??khya lak?a?a",,PL,GR,27x4.5,107 To ,General,17,35,C,G,
4455,776/47,"????????????? ?????
tripurasu?dar? sahasra",,PL,GR ,27x4.5,107 To 113,Tantra Mantragama,17,35,C,G,VamaKesara Tantra
4456,776/48,"????? ?????
s?lya ta?tra",,PL,GR,27x4.5,113 To 1 To 124,Tantra Mantragama,17,35,C,G,
4457,776/49,"????? ??????
???a?i bh??ya?",Swami,PL,GR,27x4.5,125 To 126,Jautisha,17,35,C,G,
4458,776/5,"???????? ?????
vanadurg? ma?tra",,PL,GR,27x4.5,2,Tantra Mantragama,17,35,C,G,
4459,776/50,"???????? ????? ?????
?r?cakra vidh?na vidhi?",,PL,GR,27x4.5,127 To ,Tantra Mantragama,17,35,Inc.,G,
4460,776/51,"?????? ???? ??? ????????
ca??ik? sapta sati st?tra?",,PL,GR,27x4.5,127 To 1 To 129,Stotra,17,35,C,G,
4461,776/52,"???? ?????
d?v? k?laka?",,PL,GR,27x4.5,129 To 1 To 130,Stotra,17,25,C,G,
4462,776/53,"???? ????
d?v? h?daya",,PL,GR,27x4.5,129 To 1 To 131,Stotra,17,35,C,G,
4463,776/54,"?????????? 
d?vy?rgala ",,PL,GR,27x4.5,131 To 1 To 132,Stotra,17,35,C,G,
4464,776/55,"???? ????
d?v? kavaca?",,PL,GR,27x4.5,132 To 1 To 136,Stotra,17,35,C,G,
4465,776/57,"??????? ????
g?yatr? h?daya",,PL,GR,27x4.5,164 To 1 To 168,Stotra,17,35,C,G,
4466,776/58,"??????? ??????
g?yatr? mudr?",,PL,GR,27x4.5,168 To 1, pooja,17,35,C,G,
4467,776/59,"?????? ??????
va??kara?a pray?ga",,PL,GR,,,Tantra Mantragama,,,,,
4468,776/6,"??? ???
parama ha?sa",,PL,GR,27x4.5,2 To 2 To 1,Jautisha,17,35,C,G,
4469,776/60,"????? ?????????? ?????
a??ama b?hyasa?bh?ga vidh?na",,PL,GR,27x4.5,177 To 1 To 181,Kamashastra,17,35,C,G,
4470,776/7,"????????? ?????
yajñ?pav?ta vidhi?",,PL,GR,27x4.5,2 To 1 To , G- Prayoga   ,17,35,C,G,
4471,776/8,"????? ?????
g?tra pravara",,PL,GR,27x4.5,2 To 1 To , G- Prayoga   ,17,35,C,G,
4472,776/9,"?????????
tricakalpa",,PL,GR,27x4.5,3 To 1 To 4, pooja,17,35,C,G,
4473,777/1,"??????? ???????
pa?c?kara?a v?rtika",Suresvaracarya,PL,GR,18.5x4 ,1 To 1 To 6 To 1,Jautisha,11,30,C,G,
4474,777/10,"????????????????
taittir?y?pani?at",,PL,GR,18.5x4,43 To 1 To 53,Upanisat,11,30,C ,G,
4475,777/11,"???????????????
ch??d?gy?pani?at",,PL,GR,18.5x4,53 To 1 To 60,Upanisat,11,30,Inc.,G,
4476,777/12,"?????????????????
b?had?ra?yak?pani?at",,PL,GR,18.5x4,60 To 78,Upanisat,11,30,Inc.,G,
4477,777/13,"?????????? ??????
vi?v??vara sm?ti",Visvesvara,PL,GR,18.5x4,79 To 93,Smriti,11,30,C,G,
4478,777/14,"????????? ????
ga?apaty?di k?raka",,PL,GR,18.5x4,93 To 1 To 94,Tantra Mantragama,11,30,C,G,
4479,777/15,"?????? ?????
sany?sa vidhi?",,PL,GR,18.5x4,94 To 1 To 97, G- Prayoga   ,11,30,C,G,
4480,777/16,"??? ?????
khanana vidhi?",,PL,GR,18.5x4,97 To , G- Prayoga   ,11,30,C,G,
4481,777/2,"????? ?????
nitya vidhi?",,PL,GR,18.5x4,6 To 1 To 10, G- Prayoga   ,11,30,C,G,
4482,777/3,"???????????????
???v?sy?pani?at",,PL,GR,18.5x4,10 To 1 To 12,Upanisat,11,30,C,G,
4483,777/4,"??????????
k?n?pani?at",,PL,TU,18.5x4,12 To 1 To 14,Upanisat,11,30,C,G,
4484,777/5,"?????????
ka?h?pani?at",,PL,GR,18.5x4,14 To 1,Upanisat,11,30,C,G,
4485,777/6,"?????????????
pra?n?pani?at",,PL,GR,18.5x4,14 To 1 To 22,Upanisat,11,30,C,G,
4486,777/7,"????????????
mu??ak?pani?at",,PL,GR,18.5x4,22 To 27,Upanisat,11,30,C,G,
4487,777/8,"???????????????
m????ky?pani?at",,PL,GR,18.5x4,27 To 29,Upanisat,11,30,C,G,
4488,777/9,"????????????
aitar?y?pani?at",,PL,GR,18.5x4,40 To 43 To 1,Upanisat,11,30,C,G,
4489,778,"??????? ??? ?????
da?ap?r?a m?sa vidhi?",,PL,GR,27x4,6Folios, G- Prayoga   ,8,27,Inc.,G,
4490,779,"????? ???
kh?nati kath?",,Pl,GR,17x3,15folios,General,8,22,Inc.,OD,
4491,780/1,"???????? ???????
ka??ima?i ??t??bu",,PL,Kan.,37x3,1 To 5,Kavya,3,40,Inc.,ODW,"Script : Kannada, Language : Tamil"
4492,780/2,"???????????
tirupul???u",,PL,Kan,37x3,5 To 10,Kavya,3,40,Inc.,DW,"Script : Kannada, Language : Tamil"
4493,780/3,"????????? ????
tiruva??i ??acu",,PL,Kan,37x3,11 To 16,Kavya,3,40,Inc.,DW,""""
4494,780/4,"?????
vanamayi",,PL,Kan,37x3,16 To 32,General,3,40,Inc.,DW,"Tamil language, "
4495,780/5,"???? ????? ????? 
c??i ku?uta n?caru ",,PL,Kan,37x3,33 To 34,Kavya,3,40,Inc.,DW,"Script : Kannada, Language : Tamil"
4496,780/6,"???????
r?m?ya?a?",,PL,Kan,37x3,36 To 73,Itihasa,3,40,Inc,ODW,No. Begining - End 
4497,781,"???????
r?m?ya?a?",,PL,Kan,46x3,220Folios,Itihasa,3,48,Inc.,ODW ,""""
4498,782/1,"?????? ????? ????????
va??kara?a v?ra?i st?tra?",,PL,GR,27.5x4.5,1Folios,Tantra Mantragama,10,40,Inc.,G,
4499,782/2,"???? ????????
am?da st?tra?",, PL,GR,27.5x4.5,2Folios,Stotra,10,40,Inc.,D,
4500,783,"????????? ??????? ??????
v?yir?k?ya ucc??ana tattva",,PL,Ta,24x4,54Folios,Tantra Mantragama,12,55,Inc.,DW,Tamil Language
4501,784,"????????? ????????
taittir?ya br?hma?a",,PL,Gr,45x4,86Folios,Brahmana,9,60,Inc.,OD,
4502,785,"????? ????????
bh?gavata vy?khy?",,PL,GR,42x5.5,136folios,Purana,12,64,Inc. ,G,X Skanda 
4503,786,"???????
r?m?ya?a?",Valmiki,PL,GR,41.5x4,1 To 148,Itihasa,8,75,Inc. ,OD,Bala - Ayodhya kanda
4504,787,"????? ????? ???????
ta?tra ma?tra sa?graha?",,PL,GR,13x3,1 To 165,Tantra Mantragama,7,22,C,GO,
4505,788,"????? ??????
par??ara sm?ti",,PL,GR,31.5x3,85,Smriti,6,38,Inc.,OD,
4506,789,"?????
da?a?la?",,PL,GR,49x5.5,75Folios,Jautisha,11,75,Inc. ,ODW,
4507,790,"?????????? ????????
g?t?g?vi?da vy?khy?",Visvesvara,PL,TU,21.5x4.5,16Folios,Kavya,7,26,Inc.,OD,"Script : Tulu, Language : Tika Kannada"
4508,791/1,"?????? ??????
p?r?ada v?tti",,PL,Tu,47.5x5.5,2 To 62,Vedanga,13,75,Inc.,OW,
4509,791/2,"???? ???????
datta m?m??s?",??? ?????,PL,Tu,47.5x5.5,63 To 67, G- Prayoga   ,13,75,C,G,
4510,791/3,"???????? ????? ????? (??????? ???????)
??val?yana g?hya s?tra (paribh??? vyavah?ra)",,PL,Tu,47.5x5.5,1 To 70,Grahyasutra,13,75,Inc. ,G,
4511,792/1,"????? ??????
k?aura nir?aya",,PL,TU,19.5x5,1 To 3,Jautisha,9,25,Inc.,G,
4512,792/2,"????????????? ??????
tithiv?r?dhipati nir?aya",,PL,TU,19.5x5,4 To 33,Jautisha,9,25,Inc.,G,
4513,792/3,"??????? ?????
sa?graha? ?l?ka",,PL,TU,19.5x5,34 To 35,Jautisha,9,25,Inc.,G,
4514,793,"??????? ???????
pit?m?dha pray?ga?",,PL,Tu,20.5x4.5,1 To 120, G- Prayoga   ,10,30,C,G ,"Bodhayaniya Paridhasvi Sam sravana Hemantha Ruthu, Pusamasa, Sukla Paksato4 Guruvara"
4515,794/1,"????? ???? ?????
pu?pa p?j? vidhi?",,PL,Tu,27x5,onefolio, pooja,13,45,C,OD,
4516,794/10,"??????? ???????
?r?ddha pray?ga?",,PL,TU,27x5,20 To 26, G- Prayoga   ,13,45,C,G,
4517,794/11,"???????????? ?????
pr?ya?citta vidhi?",,PL,Tu,27x5,26 To 29, G- Prayoga   ,13,45,C,G,
4518,794/12,"???? ????
karma ratna",,PL,Tu,27x5,14 To 1 To 21, G- Prayoga   ,13,45,C,G,
4519,794/13,"?? ??????? ?????
?ava sa?sk?ra vidhi?",,PL,Tu,27x5,22 To 23, G- Prayoga   ,13,45,Inc,G,Asvatayaniya 
4520,794/14,"???????? ??????? ?????
sady?j?ta sa?sk?ra vidhi?",,PL,TU,27x5,23 To 24, G- Prayoga   ,13,45,C,G,
4521,794/15,"?????? ??? ?????
vin?yaka havana vidhi?",,PL,TU,27x5,24 To 28, G- Prayoga   ,7,30,C,G,
4522,794/16,"??????? ?????
pu?y?ha vidhi?",,PL,Tu,27x5,28 To 28 To 1, G- Prayoga   ,7,30,Inc.,OD,"Scipt, Tulu, Language : Tulu "
4523,794/17,"??????? ?????
pu?y?ha vidhi?",,PL,TU,27x5,1 To 6, G- Prayoga   ,7,30,C,G ,"Scipt : Tulu, Language : Tulu"
4524,794/2,"????????? ????
m?tyu?jaya kalpa",,PL,TU,27x5,1 To 14,Shaivagama,13,45,C,O,
4525,794/3,"?????????? ?????
svar?agaur? vrata?",,PL,TU,27x5,1 To 2 To 1,Vrata,13,45,C,G,
4526,794/4,"?????????? ???? ???
svar?agaur? vrata kath?",,PL,Tu,27x5,3 To 4,Vrata-Katha,13,45,C,G,""""
4527,794/5,"???????????? ????
siddhivin?yaka p?j?",,PL,TU,27x5,5 To 8, pooja,13,45,Inc.,G,
4528,794/6,"???????? ?????
??ipa?cam? vrata?",,PL,TU,27x5,13 To 16,Vrata,13,45,C,G,
4529,794/7,"???????? ???? ???
??ipa?cam? vrata kath?",,PL,Tu,27x5,16 To 20,Vrata-Katha,13,45,C,G,""""
4530,794/8,"?????????? ?????
k?d?r??vara vrata?",,PL,Tu,27x5,20 To ,Vrata,13,45,C,G,
4531,794/9,"??????? ???????
?r?ddha pray?ga?",,PL,TU,27x5,16 To 20, G- Prayoga   ,13,45,C,G,
4532,795,"???? ???????? ????
j?taka ca?drik? ??k?",Venkatesa,PL,TU,25x6,1 To 14,Jautisha,12,42,C,G ,Kannada Tika Scribe: Thimmanna Bhatta
4533,796/1,"??????? ??????
muh?rta d?pik?",,PL,TU,21x4.5,1 To 44,Jautisha,8,25,Inc.,G ,
4534,796/10,"??????? ?????
?ivap?j? vidhi?",,PL,Tu,21x4.5,7 To 1 To 9 To 1, pooja,8,25,C,G,
4535,796/11,"?????? ???? ?????
durg? p?j? vidhi?",,PL,Tu,21x4.5,9 To 1 To 10, pooja,8,25,C,G,
4536,796/12,"????? ????????
apar?dha st?tra?",,PL,Tu,21x4.5,2 To 6,Stotra,8,25,C,G,
4537,796/13,"??? ????
r?ma kavaca?",,PL,TU,21x4.5,6 To 1 To 9,Stotra,8,25,C,G,
4538,796/14,"??????? ??????????
s?t?r?ma ma?ga????aka?",,PL,TU,21x4.5,1 To 3,Stotra,8,25,C,G,
4539,796/15,"??????
bh?gavata?",,PL,Tu,21x4.5,1 To 3,Purana,8,25,Inc. ,G,X Skanda
4540,796/2,"??????? ???????
?r?ddha pray?ga?",,PL,TU,21x4.5,1 To 31, G- Prayoga   ,8,25,C,GO,
4541,796/3,"????? ???? ?????
yamun? p?j? vidhi?",,PL,TU,21x4.5,36 To 39 To 1, pooja,8,25,C ,G,
4542,796/4,"????????? ????
ana?tavrata? kalpa",,PL,TU,21x4.5,39 To 1 To 49,Vrata,8,25,C ,G,
4543,796/5,"???? ???????? ???? ???
ana?ta caturda?? vrata kath?",,PL,Tu,21x4.5,49 To 1,Vrata-Katha,8,25,C,G,""""
4544,796/6,"???????? ????
dv?rap??ha p?j?",,PL,TU,21x4.5,1 To 2, pooja,8,25,C,G,
4545,796/7,"??? ????
p??ha p?j?",,PL,TU,21x4.5,1 To 1 To 2, pooja,8,25,C ,G,
4546,796/8,"?????? ????
vin?yaka p?j?",,PL,TU,21x4.5,2 To 1 To 5, pooja,8,25,C,G,
4547,796/9,"?????? ???? ?????
vi??u p?j? vidhi?",,PL,TU,21x4.5,5 To 7, pooja,8,25,C,G,
4548,797/1,"?????? ??????
pram??a paddhati",Jayatirtha,PL,TU,26x4,1 To 32,Dvaita,9,35,C,G,
4549,797/2,"???????? ??????
prakriya kaumudi",Jayatirtha,PL,TU,26x4,1 To 187,Vyakarana,9,35,C,G,Scribe : Rama Bhatta
4550,798/1,"?????? ???? ?????
durg? p?j? vidhi?",,PL,Tu,24.5x5,1 To 12, pooja,9,25,C,OD,
4551,798/2,"?????? ???????? ????????
durg? sahasran?ma st?tra?",,PL,Tu,24.5x5,12 To 26,Stotra,9,25,C,G ,
4552,798/3,"????????? ?????
??rad?p?j? vidhi?",,PL,TU,21.5x4.5,1 To 5, pooja,9,25,C,G,
4553,799,"??????????
ma?ga????aka?",,PL,TU,23x4,5 To ,Stotra,9,35,C,G,
4554,800,"???????????
?r?ddhakalpa",,PL,TU,28x6,1 To 21,Grahyasutra,11,35,C ,ODW,
4555,801,"??? ????????
va??a br?hma?a",,PL,Tu,59x5,248Folios,Brahmana,8,85,C ,ODW,
4556,802,"???? ?????? ?????? ????????
yajña valkya sm?ti vy?khy?",,PL,TU,50x5 ,1 To 153,Smriti,10,75,Inc.,ODW,"Script : Tulu, Language "
4557,803,"?????????
k?rik?va?i",Vishwanatha,PL,TU,55x4,45folios,Nyaya,8,95,Inc.,OD,
4558,804,"??????? ???
pra?n? bh?va",,PL,TU,19x5.5,1 To 10,Jautisha,12,25,C,G,
4559,805,"??????
bh?gavata?",,PL,Tu,50x6,1 To 234,Purana,10,56,C,G,"Sa-1800, Year - 1879, Bahudhanya sam, "
4560,806/1,"???????
r?m?ya?a?",,PL,Tu,52x6,1 To 82,Itihasa,10,78,Inc.,G,
4561,806/2,"?????????? ?????
pa???bhi??ka vidhi?",,PL,TU,52x6,82 To 1 To 83,Tantra Mantragama,10,75,C,G,
4562,807/1,"????? ???
pavam?na khila",,PL,TU,27.5x5,42 To 50,Veda - Mantra,11,55,Inc.,OD,
4563,807/10,"?? ?????
g? s?kta",,PL,Tu,27.5x5,53 To 1,Veda - Mantra,11,55,C,G,
4564,807/11,"????? ?????
puru?a s?kta",,PL,Tu,27.5x5,53 To 1 To 54,Veda - Mantra,11,55,C,G,
4565,807/12,"?????? ?????
vi??u s?kta",,PL,Tu,27.5x5,54 To 55 To 1,Veda - Mantra,11,55,C,G,
4566,807/13,"????? ?????
gr?ma s?kta",,PL,Tu,27.5x5,55 To 1 To 56,Veda - Mantra,11,55,C,G,
4567,807/14,"?????? ?????
samudra s?kta",,PL,Tu,27.5x5,56 To 56 To 1,Veda - Mantra,11,55,C,G,
4568,807/15,"??????????
agnis?kta",,PL,TU,27.5x5,56 To 1,Veda - Mantra,11,55,C,G,
4569,807/16,"????????? ?????
vi?vakarma s?kta",,PL,TU,27.5x5 ,56 To 1 To 57,Veda - Mantra,11,55,C,G,
4570,807/17,"????? ?????
manyu s?kta",,PL,Tu,27.5x5,57 To 57 To 1,Veda - Mantra,11,55,C,G,
4571,807/18,"??? ?????
hari s?kta",,PL,Tu,27.5x5,57 To 1 To 58,Veda - Mantra,11,55,C,G,
4572,807/19,"???? ?????
v?mana s?kta",,PL,TU,27.5x5,58 To 60,Veda - Mantra,11,55,C,G,
4573,807/2,"?????? ?????
abhi??ka s?kta",,PL,TU,27.5x5,51 To ,Veda - Mantra,11,55,C,G,
4574,807/20,"?????? ??
vastra ?ca",,PL,Tu,27.5x5,60 To 60 To 1,Veda - Mantra,11,55,C,G,
4575,807/21,"??? ?????
d?va ma?tra",,PL,TU,27.5x5,60 To 1 To 61,Veda - Mantra,11,55,C,G,
4576,807/22,"????? ?????
?yur ma?tra",,PL,Tu,27.5x5,61 To 61 To 1,Veda - Mantra,11,55,C,G,
4577,807/23,"??????? ??? ?????
svasti ?k ma?tra",,PL,TU,27.5x5,61 To 1 To 62,Veda - Mantra,11,55,C,G,
4578,807/24,"??????? ?????
saubh?gya ma?tra",,PL,TU,27.5x5,62 To ,Veda - Mantra,11,55,C ,G,
4579,807/25,"???????? ?????
p?darikta ma?tra",,PL,TU,27.5x5,62 To 62 To 1,Veda - Mantra,11,55,C,GO,Shri Padngalavara mathada Sukta 
4580,807/26,"?????? ?????
n?r?ya?a s?kta",,PL,Tu,27.5x5,63 To 64,Veda - Mantra,11,55,C,G,
4581,807/27,"???? ?????
?r? s?kta",,PL,TU,27.5x5,64 To 64 To 1,Veda - Mantra,11,55,C,G,
4582,807/28,"?????????? ??? ?????
sv?miga?avara ma?hada s?kta",,PL,Tu,27.5x5,64 To 1 To 65,Veda - Mantra,11,55,C,G,
4583,807/29,"????? ?????
ga?apati s?kta",,PL,Tu,27.5x5,65 To ,Veda - Mantra,11,55,C,G,
4584,807/3,"????? ?????
k??ra s?kta",,PL,Tu,27.5x5,51 To ,Veda - Mantra,11,55,C,G,
4585,807/30,"??? ?????
saura ma?tra",,PL,TU,27.5x5,65 To 66 To 1,Veda - Mantra,11,55,C,G,
4586,807/31,"??? ??? ?????
mah? saura s?kta",,PL,Tu,27.5x5,66 To 1 To 68,Veda - Mantra,11,55,Inc,OD,
4587,807/32,"??????? ?????
lak?m? s?kta",,PL,Tu,27.5x5,70 To 71,Veda - Mantra,11,55,Inc,OD,
4588,807/33,"??? ?????? ?????
mah? ???ti? ma?tra",,PL,Tu,27.5x5,71 To 33,Veda - Mantra,11,55,C,G,
4589,807/34,"???? ?????
anna s?kta",,PL,Tu,27.5x5,73 To 74 To 1,Veda - Mantra,11,55,C,OD,
4590,807/35,"?????????????
abhi?rava?as?kta",,PL,Tu,27.5x5,74 To 1 To 78,Veda - Mantra,11,55,C,Go,
4591,807/36,"?????????
kar?as?kta",,PL,Tu,27.5x5,78.78 To 1,Veda - Mantra,11,55,C,G,
4592,807/37,"????? ?????
rudra s?kta",,PL,TU,27.5x5,78 To 1 To 80,Veda - Mantra,11,55,C,G,
4593,807/38,"?????? ?????
r?tri s?kta",,PL,Tu,27.5x5,80 To 83,Veda - Mantra,11,55,C,G,
4594,807/39,"????? ???????????
agni pras?das?kta",,PL,Tu,27.5 x5,83 To 1 To 86,Veda - Mantra,11,55,Inc.,G,
4595,807/4,"??? ?????
gh?ta s?kta",,PL,TU,27.5x5,52 To 52 To 1,Veda - Mantra,11,55,C,G,
4596,807/41,"??? ?????
ausada s?kta",,PL,Tu,27.5x5,86 To 1 To 87,Veda - Mantra,11,55,C,G,
4597,807/42,"?????? ??
pratima ?ca",,PL,Tu,27.5x5,87 To 1,Veda - Mantra,11,55,C,G,
4598,807/43,"??? ??????? ?????
bh?va mary?di ma?tra",,PL,Tu,27.5x5,87 To 1,Veda - Mantra,11,55,C,G,
4599,807/44,"??? ??????? ?????
bh?va mary?di ma?tra",,PL,Tu,27.5x5,87 To 1,Veda - Mantra,11,55,C,G,
4600,807/45,"??? ????
m?va r?k?",,PL,TU,27.5x5,87 To 1 To 88,Veda - Mantra,"""",55,C,G,
4601,807/46,"????? ?????
pr?ta s?kta",,PL,Tu,27.5x5,88 To 89,Veda - Mantra,11,55,C,G,
4602,807/47,"?????? ?????
dak?i?a s?kta",,PL,Tu,27.5x5,88 To 1,Veda - Mantra,11,55,C,G,
4603,807/48,"?????? ?????
?ditya s?kta",,PL,Tu,27.5x5,88 To 1 To 91,Veda - Mantra,11,55,C,G,
4604,807/49,"????? ??
ca?dra ?ca",,PL,Tu,27.5x5,91 To 1,Veda - Mantra,11,55,C,G,
4605,807/5,"??? ?????
madhu s?kta",,PL,TU,27.5x5,22 To 1,Veda - Mantra,11,55,C,G,
4606,807/50,"??? ?????
ka?i s?kta",,PL,TU,27.5x5,91 To 1 To 92,Veda - Mantra,11,55,C,G,
4607,807/51,"????????????
parjanyas?kta",,PL,Tu,27.5x5,92 To 92 To 1,Veda - Mantra,11,55,C,G,
4608,807/52,"????? ?????
vi???a s?kta",,PL,Tu,27.5x5,92 To 1 To 93,Veda - Mantra,11,55,C,G,
4609,807/53,"??? ???????? ?????
m?ta sa?j?vini s?kta",,PL,Tu,27.5x5,93 To 94,Veda - Mantra,11,55,C,G,
4610,807/54,"??? ?????
s?ma s?kta",,PL,Tu,27.5x5,94 To ,Veda - Mantra,11,55,C,G,
4611,807/55,"????????? ???????? ?????
p?d?di?ira parya?tra s?kta",,PL,TU,27.5x5,94 To 94 To 1,Veda - Mantra,11,55,C,G,
4612,807/56,"?? ???? ?????
vana bh?jana s?kta",,PL,Tu,27.5x5,94 To 1 To 95 To 1,Veda - Mantra,11,55,C,G,
4613,807/57,"????? ?????
vi???a s?kta",,PL,Tu,27.5x5,95 To 1 To 96,Veda - Mantra,11,55,C,G,
4614,807/58,"??????????????? ?????
vasi??h?dv??ini s?kta",,PL,Tu,27.5 x5,96 To 1,Veda - Mantra,11,55,C,G,
4615,807/59,"??????? ??????
garbhi?i s?kta?",,PL,Tu,27.5x5,96 To 1,Veda - Mantra,11,55,C,G,
4616,807/6,"????? ?????
sv?da s?kta",,PL,Tu,27.5x5.5,52 To 53,Veda - Mantra,11,55,C,G,
4617,807/60,"?????? ?????
durg? s?kta",,PL,Tu,27.5x5,96 To 1,Veda - Mantra,11,55,C,G,
4618,807/61,"??????? ?????
sarasvat? s?kta",,PL,Tu,27.5x5,97 To 97 To 1,Veda - Mantra,11,55,C,G,
4619,807/62,"??????????? ?????
ma?tr?k?ate ma?tra",,PL,Tu,27.5x5,97.1 To 98,Veda - Mantra,11,55,C,G,
4620,807/63,"??????????????????
viv?h???rv?dama?tra",,PL,Tu,27.5x5,98 To 99,Veda - Mantra,11,55,C,G,
4621,807/64,"???????????? ?????
bh?jan???rv?da ma?tra",,PL,Tu,27.5x5,99,Veda - Mantra,11,55,C,G,
4622,807/65,"???????????????? ?????
garbh?d?n???rv?da ma?tra",,PL,Tu,27.5x5,99 To 1,Veda - Mantra,11,55,C,G,
4623,807/66,"?????????????
upanayan???rv?da",,PL,Tu,27.5x5,100 To ,Veda - Mantra,11,55,C,G,
4624,807/67,"??? ??????
?tu ???ti?",,PL,TU,27.5x5,100 To ,Shanti,11,55,C ,G,
4625,807/68,"?????? ???? ?????
navagraha p?j? vidhi?",,PL,Tu,27.5x5,106 To 107, pooja,11,55,C,G,
4626,807/69,"???? ??????????
graha ma?ga????aka?",,PL,Tu,27.5x5 ,107 To 108,Stotra,11,55,C,G,
4627,807/7,"???? ?????
kadal? s?kta",,PL,Tu,27.5x5,53,Veda - Mantra,11,55,C,G,
4628,807/70,"???? ??????????
s?t? ma?ga????aka?",,PL,TU,27.5x5,108,Stotra,11,55,C,G,
4629,807/71,"???????? ?????
???rv?da ma?tra",,PL,Tu,27.5x5,108 To 1,Veda - Mantra,11,55,Inc.,G,
4630,807/72,"?????? ???? ?????
vi??u p?j? vidhi?",,PL,TU,27.5x5,109 To 109 To 1, pooja,11,55,C,G,"Script : Tulu, language : kannada"
4631,807/73,"????? ????
tu?as? p?j?",,PL,Tu,27.5x5,109 To 1, pooja,11,55,C ,G,"Script : Tulu, Tika : Kannada"
4632,807/74,"???? ???? ???????
graha yajña pray?ga?",,PL,Tu,27.5x5,111 To 119, G- Prayoga   ,11,55,C,G,
4633,807/75,"????? ??? ???????
agni mukha pray?ga?",,PL,“,27.5x5,119, G- Prayoga   ,11,55,C ,G,
4634,807/76,"????????? ???????
sth?l?p?ka pray?ga?",,PL,TU,27.5x5,119 To 1 To 125, G- Prayoga   ,11,55,C,OD,
4635,807/77,"???????? ?????
garbh?d?na vidhi?",,PL,Tu,27.5x5 ,125 To 127, G- Prayoga   ,11,55,C,G,
4636,807/78,"?????? ???????
pu?savana pray?ga?",,PL,Tu,27.5x5,127 To , G- Prayoga   ,11,55,C ,G,
4637,807/79,"????? ???????
s?ma?ta pray?ga?",,PL,TU,27.5x5,127 To 1 To 128, G- Prayoga   ,11,55,C ,G,
4638,807/8,"?? ?????
?la s?kta",,PL,TU,27.5x5,53,Veda - Mantra,11,55,C,G,
4639,807/80,"??? ???? ???????
j?ta karma pray?ga?",,PL,TU,27.5x5,128 To 129, G- Prayoga   ,11,55,C,G,
4640,807/81,"??????
n?makara?a",,PL,Tu,27.5x5,129 To , G- Prayoga   ,11,55,C ,G,
4641,807/82,"???????????
upani?krama?a",,PL,Tu,27.5x5,129 To 1 To 130, G- Prayoga   ,11,55,C,OD,
4642,807/83,"?????????? ?????
annapr??ana vidhi?",,PL,TU,27.5x5,130 To , G- Prayoga   ,11,55,C,G,
4643,807/84,"??????? ???????
caulakarma pray?ga?",,PL,Tu,27.5x5,130 To 130 To 1, G- Prayoga   ,11,55,Inc.,OD,
4644,807/85,"????? ???????
upanayana pray?ga?",,PL,Tu,27.5x5,132 To 1, G- Prayoga   ,11,55,Inc. ,OD,
4645,807/86,"???????????
anupravacan?ya",,PL,Tu,27.5x5,132 To , G- Prayoga   ,11,55,C ,G,
4646,807/87,"???? ??? ???????
m?dh? janana pray?ga?",,PL,TU,27.5x5,132 To 1 To 133, G- Prayoga   ,11,55,C,G,
4647,807/88,"??????? ???????
up?karma pray?ga?",,PL,TU,27.5x5,133 To 136 To 1, G- Prayoga   ,11,55,C,G,
4648,807/89,"???????? ???????
sam?vartana pray?ga?",,PL,TU,27.5x6,136 To 1 To 139, G- Prayoga   ,11,55,Inc.,G,
4649,807/9,"?????? ?????
m?rjana s?kta",,PL,TU,27.5x5,53 To 53 To 1,Veda - Mantra,11,55,C,G,
4650,807/90,"??????? ???????
madhuparka pray?ga?",,PL,Tu,27.5x5,139 To 141, G- Prayoga   ,11,55,Inc.,O,
4651,807/91,"???????? ?????
kany?d?na vidhi?",,PL,Tu,27.5x5,141 To 142 To 1, G- Prayoga   ,11,55,C,G,
4652,807/92,"????? ???????
viv?ha pray?ga?",,PL,TU,27.5x5,142 To 1 To 143, G- Prayoga   ,11,55,C,G,
4653,807/93,"????????? ??? ?????
g?haprav??a h?ma vidhi?",,PL,Tu,27.5x5,143 To 1 To 144, G- Prayoga   ,11,55,C,G,
4654,807/94,"??????? ???????
?gr?ya?a pray?ga?",,PL,TU,27.5x5,144 To 1, G- Prayoga   ,11,55,Inc.,O,
4655,807/95,"??????????? ?????
r?k??ghnajapa vidhi?",,PL,Tu,27.5x5 ,146 To 151, G- Prayoga   ,11,55,Inc.,G,
4656,807/96,"?????? ??? ???? ?????
v?stu h?ma p?j? vidhi?",,PL,Tu,27.5x5 ,151 To 164, G- Prayoga   ,11,55,C,G,
4657,807/97,"????? ??? ?????
pavam?na h?ma vidhi?",,PL,Tu,27.5x5,164 To 172, G- Prayoga   ,11,55,Inc.,G,
4658,807/98,"????????? ?????
navagrahad?na ma?tra",,PL,Tu,27.5x5 ,173,Shanti,11,55,C,G,
4659,807/99,"?? ??? ?????
da?a d?na ma?tra",,PL,TU,27.5x5,173 To 1 To 178,Shanti,11,55,Inc,OD,
4660,808/1,"??????? ?????
muh?rta darpa?a",Vidya Madhava,PL,TU,19.5x5,3 To 56,Jautisha,12,30,Inc.,G ,
4661,808/2,"??????? ?????? ????
nak?atra da??nayana krama",,PL,TU,19.5x5,56 To 1,Jautisha,12,30,C,G,
4662,809,"????????  ???????
ve?ka???i  pray?ga?",???????,PL,Tu,37x5,1 To 16, G- Prayoga   ,10,52,Inc,G,
4663,810/1,"?????? ???????? ????????
durg? sahasran?ma st?tra?",,PL,Tu,20.5x5,1 To 11,Stotra,8,33,C,ODW,
4664,810/2,"?????????????? ????????
durg????ttara st?tra?",,PL,TU,20.5x5,11 To 1 To 12,Stotra,8,33,C,OD,
4665,810/3,"?????? ????????
n?r?ya?a st?tra?",,PL,TU,20.5x5,13 To ,Stotra,8,33,C,Go,
4666,811,"?????? ?????
v?dap?da stava?",Jaimini,PL,TU,21x5,1 To 16,Stotra,9,28,Inc.,ODW ,
4667,812/1,"??????? ????????
?anai?cara st?tra?",Vyasa,PL,TU,14x5,1 To 6,Stotra,8,20,Inc.,OD ,
4668,812/2,"?????????????? ????????
vi??usahasran?ma st?tra?",Vyasa,PL,TU,14x5,1 To 19,Stotra,9,18,Inc.,OD,
4669,813/1,"?????????
bhagavadg?t?",Vyasa,PL,Tu,16.5x6,1 To 63,Gita,9,28,C,G ,
4670,813/2,"???????
r?mag?t?",,PL,Tu,16.5x6,1 To 9,Gita,9,28,C,G ,
4671,813/3,"??? ????
r?ma h?daya",,PL,TU,16.5x6,1 To 15,Stotra,8,26,C,G,From : Brahmanda Purana
4672,814/1,"???? ????
n?gara kalpa",,PL,Tu,21.5x4,1 To 7, pooja,7,33,C,O,
4673,814/2,"??????????? ????????????????
subrahma?ya sahasran?mast?tra?",,PL,TU,21.5x4,8 To 28,Stotra,7,33,Inc.,GO ,
4674,814/3,"???????????????????? ?? ???
subrahma?y????ttara ?ata n?ma",,PL,TU,21.5x4,29 To 30,Stotra,7,33,C,G,
4675,816,"?????? ???????
b?dh?yana paribh???",,PL,TU,37x5.5,27Folios, G- Prayoga   ,11,52,Inc.,GO,
4676,817,"?????? ???????
pray?ga ?ikh?ma?i",,PL,Tu,21x5,1 To 215, G- Prayoga   ,12,30,Inc.,G,Scribe : Subramanya
4677,818,"?????? ????
pray?ga m?l?",???????,PL,Tu,24.5x6.5,1 To , G- Prayoga   ,10,38,Inc.,G ,Bodhayaniya
4678,819,"?????????
j?takala?k?ra",Ganesa,PL,TU,22x4,23Folios,Jautisha,8,26,Inc. ,G,
4679,820,"????????? ???????
jy?ti?ya sa?graha?",,PL,TU,22x4,51Folios,Jautisha,8,30,Inc.,ODW,
4680,821/1,"??? ??? ???????
l?ja h?ma pray?ga?",,PL,Tu,22.5x4,1 To 23, G- Prayoga   ,9,32,Inc,G,
4681,821/2,"?????? ???? ?????
brahma yajña vidhi?",,PL,TU,22.5x4,26 To 38, G- Prayoga   ,9,32,Inc.,G,
4682,821/3,"????? ??????
aup?sana nir?aya",,PL,Tu,22.5x4,39 To 39 To 1, G- Prayoga   ,9,32,C,G,
4683,821/4,"???????? ??????
vai?vad?va nir?aya",,PL,Tu,22.5x4,40 To 40 To 1, G- Prayoga   ,9,32,C,G,
4684,821/5,"????? ??????? ?????
ak?ara pr?ra?bha vidhi?",,PL,TU,22.5x4,40 To 1 To 41, G- Prayoga   ,9,32,C,G,
4685,821/6,"???? ??????????
graha ma?ga????aka?",,""" ",Tu,22.5x4,41 To 1 To 44, G- Prayoga   ,9,32,Inc.,G,
4686,822,"???????????
agninir?aya",,PL,TU,19x5,1 To 4, G- Prayoga   ,8,20,C,GO,
4687,823/1,"?? ????
jaya ??k?",,PL,TU,19x4.5,1,Tantra Mantragama,10,22,C ,G,
4688,823/2,"????? ?????
rudra s?kta",,PL,TU,19x4.5,1 To ,Veda - Mantra,10,22,C,G,
4689,824/1,"?????? ???? ?????
durg? p?j? vidhi?",,PL,Tu,13x4,1 To 9, pooja,8,17,C,GO,
4690,824/10,"????????? ????
v?g??var? p?j?",,PL,Tu,13x4,47 To 51, pooja,8,17,C,G,
4691,824/11,"?????? ???????? ????????
durg? sahasran?ma st?tra?",,PL,Tu,13x4,52 To 60,Stotra,8,17,Inc.,G,
4692,824/12,"?????? ?????
s?mav?ra vrata?",,PL,Tu,13x4,30Folios,Vrata,8,17,Inc. ,Go,
4693,824/2,"?????? ????
y?gini p?j?",,PL,Tu,13x4,9 To , pooja,8,17,C ,GO,
4694,824/3,"????????? ????
???a??pac?ra p?j?",,PL,Tu,13x4,11 To 20, pooja,8,17,C,GO,
4695,824/4,"???? ????
?yu? p?j?",,PL,Tu,13x4,20 To 25, pooja,8,17,Inc.,GO,
4696,824/5,"????? ????
bhagavat? p?j?",,PL,Tu,13x4,25 To 29, pooja,8,17,C,G,
4697,824/6,"?????? ????
durg? p?j?",,PL,Tu,13x4,29 To 1 To 34 To 1, pooja,8,17,C,G,
4698,824/7,"?????? ????
a?bik? p?j?",,PL,Tu,13x4,34 To 1 To 37, pooja,8,17,C,G,
4699,824/8,"??????????? ????
mahi?amardini p?j?",,PL,Tu,13x4,37 To 1 To 40, pooja,8,17,C,G,
4700,824/9,"?????? ????
ca??ik? p?j?",,PL,Tu,13x4,41 To 47, pooja,8,17,C,G,
4701,825,"?????? ??????
?gv?da sa?hit?",,PL,TU,38 x 4.5,149 To 213,Samhita,9,50,C,ODW,
4702,826/1,"?????????
bhagavadg?t?",,PL,Tu,36x4.5,1 To 22,Gita,10,50,C,G ,
4703,826/2,"???????????????
adhy?tmar?m?ya?a?",,PL,Tu,36x4.5,1 To 132,Itihasa,10,50,C,GO,
4704,827/1,"?????? ?????
s?mav?ra vrata?",,PL,Tu,27x5,1 To 4,Vrata,12,42,C ,O,
4705,827/10,"?????? ?????
aup?san? vidhi?",,PL,TU,27x5,201 To 202, G- Prayoga   ,12,42,C ,GO,
4706,827/11,"????? ?????
sn?na vidhi?",,PL,Tu,27x5,203 To 207, G- Prayoga   ,12,42,C,G,
4707,827/12,"?????? ??????
?r?dhan? paddhati",,PL,Tu,27x5,207, G- Prayoga   ,12,42,Inc.,O,
4708,827/13,"????? ????
trica kalpa",,PL,TU,27x5,210 To 213,Veda - Mantra,12,43,C,O,
4709,827/2,"?????? ??????
?gv?da sa?hit?",,PL,TU,27 x 6.5,5.41,Samhita,12,42,C,OD,
4710,827/3,"??????? ???????
madhuparka pray?ga?",,PL,Tu,27x5,104, G- Prayoga   ,12,42,Inc.,G,
4711,827/4,"??? ?????
d?na vidhi?",,PL,Tu,27x5,179 To 183, G- Prayoga   ,12,42,Inc.,G,
4712,827/5,"?????? ???? ?????
hira?ya garbha s?kta",,PL,Tu,27x5,183 To 183 To 1,Veda - Mantra,12,42,C,O,
4713,827/6,"???? ?????
b?bi s?kta",,PL,TU,27x5,183 To 1 To 184,Veda - Mantra,12,42,C,O,
4714,827/7,"????? ????
trica kalpa",,PL,Tu,27x5,184 To 190,Veda - Mantra,12,42,C,G,
4715,827/8,"??? ???????
?iva stuti?",Mangarayana,PL,TU,27x5,192,Stotra,12,42,C,G,
4716,827/9,"??????? ?????
?ivap?j? vidhi?",,PL,Tu,27x5,193 To 200, pooja,12,42,C,G,
4717,828,"??????? ???????
?gr?ya?a pray?ga?",,PL,TU,26x4.5,1 To 99, G- Prayoga   ,9,32,C,O ,Scribe : Sankaranarayana
4718,829/1,"????? ?????
puru?a s?kta",,PL,Tu,23x4,2 To 6 To 1,Veda - Mantra,6,24,Inc.,OD,
4719,829/10,"?????????????
abhi?rava?as?kta",,PL,TU,23x4,32 To 36,Veda - Mantra,6,24,C,GO,
4720,829/11,"????????? ?????
r?k??ghna s?kta",,PL,TU,23x4,36 To 1 To 40,Veda - Mantra,6,24,C,OD,
4721,829/12,"?????? ???? ?????
navagraha p?j? vidhi?",,PL,Tu,23x4,40 To 1 To 64, pooja,6,24,Inc.,OD,
4722,829/2,"???? ?????
?r? s?kta",,PL,TU,23x4,6 To 1 To 11,Veda - Mantra,6,24,Inc.,OD,
4723,829/3,"?? ?????
g? s?kta",,PL,Tu,23x4,11 To 1 To 12 To 1,Veda - Mantra,6,24,C,Go,
4724,829/4,"???? ?????
saman s?kta",,PL,TU,23x4,12 To 1 To 14 To 1,Veda - Mantra,6,24,C,O,
4725,829/5,"??? ????
saura varga",,PL,TU,23x4,14 To 1 To 17,Veda - Mantra,6,24,Inc.,OD,
4726,829/6,"????? ?????
manyu s?kta",,PL,Tu,23x4,21 To 23,Veda - Mantra,6,24,C,O,
4727,829/7,"?????? ?????
?yu?ya s?kta",,PL,Tu,23x4,23 To 25,Veda - Mantra,6,24,C,G,
4728,829/8,"??? ?????
d?va s?kta",,PL,Tu,23x4,25 To 1 To 29,Veda - Mantra,6,24,C,G,
4729,829/9,"?????? ?????
n?r?ya?a s?kta",,PL,Tu,23x4,30 To 32,Veda - Mantra,6,24,Inc.,O,
4730,830/1,"????? ?????
rudra s?kta",,PL,Kan.,22x4.5,1 To 28,Veda - Mantra,6,23,C,GO,
4731,830/2,"?????????????????????? ?????
rudrasth?n?rcan?bhi?ik? vidhi?",,PL,TU,22x4.5,29 To 36,Tantra Mantragama,6,23,C,G,
4732,830/3,"??? ???? ?????
pa?ca p?j? vidhi?",,PL,TU,22x4.5,37 To 67,Tantra Mantragama,6,23,C,G,
4733,830/4,"??????? ????
nava?akti p?j?",,PL,Tu,22x4.5,68 To 71, pooja,6,23,C,OD,
4734,831/1,"???????????
amarak???dar?a",Sarasvati Tiru,PL,Tu,39x4.5,1 To 57,Nighantu,10,60,C,G,"Saka 1800, Year 1878, "
4735,831/2,"???????????????
n?mali?g?nu??sana?",Sarasvati Tiru,PL,Tu,39x4.5,58 To 119,Nighantu,10,60,C,G,Scribe : Shambu sastri
4736,831/3,"??????? ????????
n?n?rtha ratnam?l?",Igapadandanatha,PL,Tu,39x4.5,1 To 17,Nighantu,10,60,Inc.,G,
4737,832,"??????????????? ????????
n?mali?g?nu??sana? vy?khy?",Subramanya,PL,Tu,36x5,1 To 299,Nighantu,11,42,C,G,"S.Sa 1800 year 1878, Bahudhanya sam, "
4738,833/1,"?????? ??????????
?k?da?? m?h?tmya?",Subramanya,PL,Tu,38x3.5,1 To 5 To 1,Purana,8,60,C,G,From : Bhavisottara Purana 
4739,833/10,"????? ??????????? ??????????
vai??kha k???aik?da?? m?h?tmya?",Subramanya,PL,Tu,38x3.5 ,23 To ,Purana,8,60,C,G,From : Bhavisottara Purana 
4740,833/11,"????? ???????????
vai??kha ?uklaik?da??",Subramanya,PL,""" ",38x3.5,24 To 25 To 1,Purana,8,60,C,G,From : Kurma Purana 
4741,833/12,"????? ??????????? ??????????
j???a k???aik?da?? m?h?tmya?",Subramanya,PL,Tu,38x3.5 ,25 To 1 To 26,Purana,8,60,C,G,From : Brahmanda purana 
4742,833/13,"????? ??????????? ??????????
j???a ?uklaik?da?? m?h?tmya?",Subramanya,PL,Tu,38x3.5 ,26 To 28,Purana,8,60,C,G,From : Brahma Vaivarta purana 
4743,833/14," ??????????? ??????????
 k???aik?da?? m?h?tmya?",Subramanya,“,Tu,38x3.5,28 To 29 To 1,Purana,8,60,C,G,""""
4744,833/15," ??????????? ??????????
 ?uklaik?da?? m?h?tmya?",Subramanya,“,Tu,38x3.5,29 To 1 To 41,Purana,8,60,C,G,From : Bhavisottara Purana 
4745,833/16,"????? ???????????
?rava?a k???aik?da??",,PL,Tu,,,Purana,,,,,
4746,833/17,"????? ???????????
?rava?a ?uklaik?da??",,PL,Tu,38x3.5 ,42 To 43 To 1,Purana,8,60,C,G,From : Bhavisottara Purana 
4747,833/18,"??????? ???????????
bh?drapada k???aik?da??",,PL,Tu,,,Purana,,,,,
4748,833/19,"??????? ???????????
bh?drapada ?uklaik?da??",,PL,Tu,38x3.5 ,44 To 1 To 46,Purana,8,60,C,G,From : Skanda Purana
4749,833/2,"???????? ???????????
m?rga?ira ?uklaik?da??",,PL,Tu,38x3.5 ,5 To 1 To 7,Purana,8,60,C,G,From : Brahmanda Purana
4750,833/20,"??????? ??????????? ??????????
a?vin? k???aik?da?? m?h?tmya?",,“,Tu,38x3.5,46 To 47 To 1,Purana,8,60,C,G,From : Brahma Vaivarta Purana
4751,833/21,"??????? ??????????? ??????????
a?vin? ?uklaik?da?? m?h?tmya?",,“,Tu,38x3.5 ,47 To 1 To 48,Purana,8,60,C,G,""""
4752,833/22,"??????? ??????????? ??????????
k?rtika k???aik?da?? m?h?tmya?",,PL,""" ",38x3.5,48 To 50 To 1,Purana,8,60,C,G,From : Brahma Vaivarta Purana 
4753,833/23,"??????? ??????????? ??????????
k?rtika ?uklaik?da?? m?h?tmya?",,PL,""" ",38x3.5 ,50 To 1 To 54,Purana,8,60,C,G,From : Skanda Purana
4754,833/24,"???? ??????????? ??????????
adhika ?uklaik?da?? m?h?tmya?",,“,Tu,38x3.5,55 To 58,Purana,8,60,C,G,
4755,833/25,"???? ??????????? ??????????
adhika k???aik?da?? m?h?tmya?",,“,Tu,38x3.5,58,Purana,8,60,C,G,"Sa-1819, Year - 1898, Hemalambi sam, "
4756,833/26,"??????
raghuva??a",Kalidasa,PL,TU,38x3.5,1 To 22,Kavya,8,60,Inc.,G,
4757,833/3,"??? ?????????? ??????????
pau?a k???ak?da?? m?h?tmya?",Kalidasa,PL,Tu,38x3.5,7 To 1 To 9 To 1,Purana,8,60,C,G,From : Markandeya Purana 
4758,833/4,"??? ??????????? ??????????
pau?a ?uklaik?da?? m?h?tmya?",Kalidasa,PL,Tu,38x3.5 ,9 To 1 To 12,Purana,8,60,C,G,From : Bhavisottara Purana 
4759,833/5,"??? ??????????? ??????????
m?gha k???aik?da?? m?h?tmya?",Vyasa,PL,Tu,38x3.5 ,12 To 15,Purana,8,60,C,G,From : Bhavisottara Purana 
4760,833/6,"??????? ??????????? ??????????
??lgu?a k???aik?da?? m?h?tmya?",Vyasa,PL,Tu,38x3.5 ,16 To 17 To 1,Purana,8,60,C,G,
4761,833/7,"??????? ???????????
??lgu?a ?uklaik?da??",Vyasa,PL,Tu,38x3.5 ,17 To 1 To 19,Purana,8,60,C,G,From : Brahmanda Purana 
4762,833/8,"????? ????? ?????? ??????????
caitra k???a ?k?da?? m?h?tmya?",Vyasa,PL,Tu,38x3.5,19 To 1 To 21,Purana,8,60,C,G,From : Bhavisottara Purana 
4763,833/9,"????? ??????????? ??????????
caitra ?uklaik?da?? m?h?tmya?",Vyasa,PL,Tu,38x3.5 ,21 To 23,Purana,8,60,C,G,From : Varaha purana 
4764,834/1,"????????? ????????
caturvarga ci?t?ma?i",????????,PL,Tu,53x5,1 To 126, G- Prayoga   ,11,80,C,G,
4765,834/2,"???????????? ?????
pr?yas?yitta vidhi?",?????,PL,Tu,53x5,1 To 79, G- Prayoga   ,11,80,C,G ,From : Parasara dharmasastra 
4766,835,"???????????? ??? ???????
pr?ya?citta s?ra sa?graha?",,PL,""" ",43x5.5,1 To 73, G- Prayoga   ,12,56,C,G,"Saka 1809, 1888 Sarvajitsam, Simha Masa Bhadrapada to 4 Chandravara. Scribe : Eshwarasastri"
4767,836,"??? ?????? (??????)
k?la nir?aya (m?dhav?ya)",,PL,""" ",34x5.5,1 To 109,Jautisha,12,52,C,OD ,
4768,837,"????? ???????? ????????
s?rya siddh??ta vy?khy?",Tammayajva,PL,TU,29x5 ,1 To 97,Jautisha,11,50,Inc.,GO,
4769,838,"??????? ???
pra?n? s?ra",Madhava,PL,TU,18x4.5,1 To 90,Jautisha,13,30,C,G,
4770,839/1,"??? ????
saura m?l?",,PL,TU,18x5,1 To 25,Jautisha,14,32,C,G ,
4771,839/10,"??????? ?????
pra?n? m?rga",,PL,TU,18x5,1 To 3,Jautisha,14,36,Inc.,G,
4772,839/2,"???? ??????? ????
janma patrik? l?khana",,PL,TU,18x5,26 To 31,Jautisha,14,32,C,G,
4773,839/3,"??????? ????
muh?rta padavi",,PL,TU,18x5,32x36,Jautisha,14,32,C ,G,
4774,839/4,"??????????????
muh?rt?pa?l?ka",,PL,TU,18x5,36 To 60,Jautisha,14,32,C,G,
4775,839/5,"??????? ????????
sa?vatsara v?ky?ni",,PL,TU,18x5,60 To 1,Jautisha,14,32,C,G,
4776,839/6,"??????? ????
muh?rta ?ataka?",Kesava,PL,TU,18x5,61 To 75,Jautisha,14,32,C,G,
4777,839/7,"????? ?????
ma?tra k???a",,PL,TU,18x5,1 To 2,Jautisha,12,32,C ,G,
4778,839/8,"????? ???????
abhinava s?r?va?i",,PL,TU,18x5,11 To 17,Sahitya,17,36,C ,G,
4779,839/9,"???????? ???????
grahaga?ita prakara?a?",,PL,Tu,18x5,17 To 1 To 21,Jautisha,17,36,C,G ,
4780,840/1,"????? ?????????
k???a yajusmit?",,PL,Tu,30x5,1 To 29,Samhita,6,27,Inc.,G,
4781,840/2,"???????????
rudr?dhy?ya",,PL,Tu,30x5,30 To 40,Veda - Mantra,6,27,C,G,
4782,840/3,"???????????
rudr?dhy?ya",,PL,Tu,30x5,41.55,Veda - Mantra,6,27,C,G,
4783,840/4,"????? ??????
rudra p??hik?",,PL,TU,30x5,56 To 59,Veda - Mantra,6,27,C ,G,
4784,840/5,"??? ????? ?????
laghu ny?sa rudra",,PL,Tu,30x5,60 To 65, pooja,6,27,C,G,
4785,840/6,"????????????
sarv?vairudra",,PL,TU,30x5,66 To 67,Veda - Mantra,6,27,C,G,
4786,841/1,"?????????? (????????????????)
k?pa??stra (vi?vakarma??stra)",,PL,TU,22x5,1 To 27,Vastu,11,28,C,G,
4787,841/2,"??????? ??????
pra?n? saptati",Bhattotpala,PL,TU,22x5,28 To 33,Jautisha,11,28,C,G,
4788,841/3,"????? ????
a??aka varga",,PL,TU,22x5,34 To 34 To 1,Jautisha,11,28,C,G,
4789,841/4,"??????????
ca?dragraha?a",,PL,TU,22x5,35 To 39,Jautisha,11,28,C,G,
4790,841/5,"????? ?????
s?rya graha?a",,PL,TU,22x5,39 To 44,Jautisha,11,28,C,G,
4791,841/6,"??? ????
kara?a ratna",Devacarya,PL,TU,22x5,45 To 61,Jautisha,11,28,C,G,
4792,841/7,"????? ????
a??aka varga",,PL,TU,22x5,61 To 1 To 62,Jautisha,11,28,C,G ,
4793,841/8,"???? ???? ?????
j?taka l?khana vidhi?",,PL,TU,22x5,63 To 72,Jautisha,11,28,C,G,
4794,841/9,"???????
s?r?va?i",,PL,TU,22x5,79 To 85,Jautisha,13,38,C,G,
4795,842/1,"???? ????? ???? ??????
adhika caitra vi?aya nir?aya",,PL,TU,25x5,1 To 2,Jautisha,12,45,C,G,
4796,842/2,"?????? ??????? ????????
kriy? sa?graha? vy?khy?",,PL,TU,28x5,1 To 48,Jautisha,12,45,Inc.,G,
4797,842/3,"???????????
graha????aka?",,PL,TU,17x5,1 To ,Jautisha,12,30,C ,G,From: Kriya sangraha
4798,842/4,"????? ?????????
upar?ga kriy?khya",Narayana ,PL,TU,28x5,8 To 14,Ganita,12,45,C,G,
4799,842/5,"??????????? ?????
vyatip?t?di vidhi?",,PL,TU,28x5,15 To 17,Jautisha,12,45,C,G,
4800,842/6,"?????????? ????????
graha????aka vy?khy?",,PL,TU,28x5,1 To 16,Jautisha,12,45,Inc. ,G,Script Tulu Kannada Langwege
4801,842/7,"????? ????
graha?a pa?caka",,PL,TU,17x5,one,Jautisha,14,32,C,G,
4802,843/1,"????? ???? ????????
??rad? tilaka vy?khy?",Laksmana Desikendra,PL,TU,15.5x4.5,1 To 135,Tantra Mantragama,13,27,C,G,Ist to XV Patala
4803,843/2,"????????? ?????
vidvi???a ma?tra",,PL,TU,15.5x4.5,Aù,Tantra Mantragama,13,27,C,G,
4804,843/3,"???????? ?????
sukhaprasava ma?tra",,PL,Tu,15.5x4.5,1,Tantra Mantragama,13,27,C,G,
4805,843/4,"????? ??????????
agni k?ryavidhi?",,PL,TU,15.5x4.5,Bk,Tantra Mantragama,13,27,C,G ,
4806,843/5,"???????
r?jamukhi",,PL,TU,15.5x4.5,Ck,Tantra Mantragama,13,27,C,G,
4807,843/6,"????? ??????????
agni k?ryavidhi?",,PL,TU,15.5x4.5,Dk,Tantra Mantragama,13,27,C,G ,
4808,843/7,"???????
g?t?s?ra",,PL,TU,15.5x4.5,Fk,Tantra Mantragama,13,27,Inc.,G,
4809,844/1,"??????? ???????
?r?ddha pray?ga?",,PL,TU,18x5,1 To 13, G- Prayoga   ,12,26,C,G,
4810,844/2,"???????????
aharga??nayana?",,PL,TU,18x5,5Folios,Jautisha,12,26,Inc.,G,
4811,845/1,"?????????
b?hajj?taka",Varahamihira,PL,TU,16x3.5,1 To 44,Jautisha,10,27,C,G ,
4812,845/2,"??????? ???
pra?n? s?ra",,PL,TU,16x3.5,25 To 73,Jautisha,10,27,Inc.,G,
4813,845/3,"???????????????
daiv?nuk?ly?dika",,PL,""" ",16x3.5,73 To 1 To 85,Jautisha,10,27,Inc.,G,
4814,846/1,"?????????
b?hajj?taka",Varahamihira,PL,TU,19x4.5,1 To 57,Jautisha,13,37,Inc.,G ,
4815,846/10,"??????? ??????
kabbigara kaipi?i",Linga Mantri,PL,Tu,19x4.5 ,35 To 60,General,10,30,C,G,Kannada Language
4816,846/11,"???? ????
bh?rata k???a",,PL,TU,19x4.5,61 To 66,General,10,30,C,G,Kannada Language
4817,846/12,"??????? ???
n?n?rtha kha??a",,PL,Tu,19x4.5,67 To 80,Nighantu,10,30,Inc.,G,Kannada Language
4818,846/2,"??????? ?????
nak?atra da?a?la?",,PL,TU,19x4.5,1 To 6,Jautisha,13,37,C,G,
4819,846/3,"??? ????? ???????
pa?ca pak?i pra?n?",,PL,TU,19x4.5,1 To 4,Jautisha,13,37,C,G,"Script: Tulu, Kannada Language"
4820,846/4,"????????? ????????
manu?y?laya ca?drik?",,PL,Mal,19x4.5,1 To 12,Shilpa,13,37,C,G ,
4821,846/5,"????? ?????
nitya da?a?la?",,PL,TU,19x4.5,1 To 2,Jautisha,13,37,C,G,
4822,846/6,"????? ????? ??????
v?tta lak?a?a k?rik?",,PL,TU,19x4.5,1 To 2,Chanda,10,30,C,G,
4823,846/7,"????? ???????
v?tta ratn?kara",,PL,TU,19x4.5,1 To 14,Chanda,10,30,C,G ,
4824,846/8,"???????????
v?ttam?lik?",,PL,TU,19x4.5,16 To 32,Chanda,10,30,C,G,
4825,846/9,"??????? ??????
?k?k?ara nigha??u",,PL,Tu,19x4.5,32 To 34,Nighantu,10,30,C,G,
4826,847,"???????????????
n?mali?g?nu??sana?",,PL,Tu,17.5x5,3 To 86,Nighantu,11,21,Inc.,G,
4827,848/1,"???? ???? ?????
j?taka l?khana vidhi?",,PL,TU,17x5,97 To 97 To 1,Jautisha,16,34,C,G,
4828,848/1,"????? ???
pak?i ?la?",,PL,TU,17x5,100 To 1,Jautisha,16,24,C ,G,
4829,848/10,"??? ???
kara?a ?la?",,PL,TU,17x5,102,Jautisha,16,24,C,G,
4830,848/11,"?????? ???
k?l?hara ?la?",,PL,TU,17x5,102 To 1,Jautisha,16,24,C,G,
4831,848/12,"????? ?????
upad??a s?tra",,PL,TU,17x5,103 To 108,,16,24,C ,G,
4832,848/13,"????????? ????????
manu?y?laya ca?drik?",,PL,Mal,17x5,1 To 20,Shilpa,16,24,C,G,
4833,848/14,"?????????
jala??stra",,PL,TU,17x5,Aù To Dk,Vastu,16,24,C,G,
4834,848/15,"????? ???? ???????
a??aka varga da??nayana?",,PL,TU,17x5 ,One,Jautisha,16,24,C,G,
4835,848/16,"?????? ???
yug?di ?la?",,PL,TU,17x5,Aù To Ck,Jautisha,16,24,C,G,
4836,848/17,"???? ????
?r? cakra",Sankara,PL,TU,17x5,1 To 5,Tantra Mantragama,16,24,C,G,
4837,848/18,"????????
k??ida??e",,PL,TU,17x5,20 To 20 To 1,,14,24,C,G,"Script : Tulu, Kannada Language"
4838,848/19,"???????????? ????????
gir???rayadi v?kyaga?u",,PL,TU,17x5,1 To 15,Jautisha,14,24,Inc.,G,
4839,848/2,"???? ???
tithi ?la?",,PL,TU,17x5,98,Jautisha,16,24,C ,G,
4840,848/20,"???????????? ????????
gir???rayadi v?kyaga?u",,PL,TU,17x5,1 To 33,Jautisha,14,24,Inc.,GO,
4841,848/3,"???? ?????? ???
div? r?tri ?la?",,PL,TU,17x5,81,Jautisha,16,24,C,G,
4842,848/4,"?? ???
ga?a ?la?",,PL,TU,17x5,98 To 1,Jautisha,16,24,C,G ,
4843,848/5,"???? ???
y?ni ?la?",,PL,TU,17x5,99 To 99 To 1,Jautisha,16,24,C,G,
4844,848/6,"?????? ???
vrak?a ?la?",,PL,TU,17x5,99 To 1 To 100,Jautisha,16,24,C,G,
4845,848/8,"??? ???
bh?ta ?la?",,PL,TU,17x5,100 To 1,Jautisha,16,24,C ,G,
4846,849/1,"???????????? ????????
gir???rayadi v?kyaga?u",,PL,TU,18x5,1 To 31,Jautisha,12,26,C,G,
4847,849/2,"??????? ?????
muh?rta darpa?a",Vidya Madhava,PL,TU,18x5,104 To 108,Jautisha,14,32,Inc.,G ,
4848,849/3,"??????? ????
?k?rgala cakra",,PL,TU,18x5,One,Jautisha,12,26,Inc. ,G,
4849,849/4,"?????? ?????
pa?c??ga vidhi?",Baskaracarya,PL,TU,18x5,1 To 4,Jautisha,12,26,Inc.,G,
4850,849/5,"??? ??? ???????
pa?ca bh?dha prakara?a?",,PL,TU,18x5,14 To 21,Jautisha,10,21,Inc.,G,
4851,849/6,"???? ?????? ????
var?a sa?khy? krama",Vararuchi,PL,TU,18x5,One,Jautisha,10,21,C,G,
4852,850,"???????????? ????????
gir???rayadi v?kyaga?u",,PL,TU,18x5,1 To 98,Jautisha,12,26,C,G,
4853,851/1,"?????? (??????) 
pa?c??ga (plava?ga) ",,PL,TU,18x4.5,1 To 31,Jautisha,10,26,C,G,"Sa-1769, Year-1848"
4854,851/2,"?????? (?????)
pa?c??ga (k?laka?)",,PL,TU,18x4.5,1 To 30,Jautisha,10,26,C ,G,"Sa-1770, Year-1849"
4855,851/3,"?????? (?????)
pa?c??ga (saumya)",,PL,TU,18x4.5,1 To 21,Jautisha,10,26,C ,G,"Sa-1771, Year-1850"
4856,851/4,"?????? (??????)
pa?c??ga (s?dh?ra?a)",,PL,TU,18x4.5,1 To 20,Jautisha,10,26,C,G,"Sa-1772, Year-1851"
4857,851/5,"????? ?????? ???
saumya yug?di ?la?",,PL,TU,18x4.5,22 To 23,Jautisha,10,26,Inc.,G,
4858,852,"??????? ???
sa?vatsara ?la?",,PL,TU,18x4.5,301Folios,Jautisha,13,25,Inc.,GO,
4859,853/1,"??????? ???
pra?n? s?ra",,PL,TU,18x4.5,1 To 90,Jautisha,13,30,C,G ,
4860,853/2,"??????????? ??
b?j?k??tra bala",,PL,TU,18x4.5,90 To 1 To 91,Jautisha,13,30,Inc.,G,
4861,854/1,"??????? ??? ????????
muh?rta s?ra vy?khy?",,PL,TU,18x5,1 To 114,Jautisha,13,28,C,G,
4862,854/10,"????? ??????
sa?t?na d?pik?",,PL,TU,18x5,1 To 3,Jautisha,14,30,Inc.,G ,
4863,854/2,"??????? ???? ???????
muh?rta padavi sa?graha?",,PL,TU,18x5,115 To 137,Jautisha,13,28,Inc.,G,
4864,854/3,"?????? ???????????
sm?ti dharma??stra",,PL,TU,18x5,137 To 150,Smriti,13,28,C,G,
4865,854/4,"?? ??????
da?a ?l?k?",,PL,Tu,18x5,150 To 1 To 152, G- Prayoga   ,13,28,C ,G,
4866,854/5,"???? ??????
a?auca nir?aya",????????,PL,TU,18x5,162 To 1 To 154, G- Prayoga   ,13,28,C,G,
4867,854/6,"???????
upa?l?ka",,PL,Tu,18x5,160 To 180, G- Prayoga   ,13,28,C ,G,
4868,854/7,"?????? ?????
arghya ma?tra",,PL,Tu,18x5,180 To 1, G- Prayoga   ,13,28,C ,G,
4869,854/8,"?????? ????????????
s?dh?ra?a pr?ya?citta",,PL,Tu,18x5,181 To 182, G- Prayoga   ,13,28,C,G,
4870,855/1,"??? ??????
kara?a paddhati",,PL,TU,22x4.5,1 To 20,Jautisha,10,36,C,G,"Siddharti Sam, Simha Masa, "
4871,855/2,"??? ?????? ????????
kara?a paddhati vy?khy?",,PL,TU,22x4.5,1 To 66,Jautisha,10,36,C,G,"Script : Tulu, Language : Malayalam"
4872,855/3,"?????????
jala??stra",,PL,TU,22x4.5,67 To 79,Jautisha,11,40,C,G,
4873,855/4,"??? ????? ???????
pa?ca pak?i pra?n?",,PL,TU,22x4.5,1 To 24,Jautisha,11,40,C,G ,
4874,856/1,"?????? ???
yug?di ?la?",,PL,TU,19x4,1 To 67,Jautisha,10,30,Inc.,ODW,
4875,856/2,"??? ???????
s?ra sa?graha?",,PL,TU,19x4,68 To 88,Jautisha,10,30,Inc.,DW,
4876,856/3,"??? ??????
kara?a prak??a",Brahmadeva,PL,TU,19x4,90 To 99,Sahitya,10,30,Inc.,G,
4877,856/4,"??? ???? ?????
kara?a ratna vivara?a",Nitya Prakasa Bhattaraka,PL,TU,19x4,99 To 107,Jautisha,10,30,Inc.,OD,
4878,857/1,"?????? ???????
pa?c??ga prakara?a?",,PL,TU,32x4,1 To 29,Jautisha,8,40,C,G,"Kilaka Sam Kartika Sukla-12, "
4879,857/2,"?????? ?????? ????
pa?c??ga paddhati ??k?",Devidasa,PL,TU,32x4,40Folios,Jautisha,8,40,Inc.,G,"Script-Tulu, Kannada Language "
4880,858/1,"?????? ???? ????????
v?khy? kar?a vy?khy?",,PL,TU,40x5,1 To 12,Jautisha,11,70,C,G,"Script: Tulu, Kannada Vyakhya"
4881,858/2,"????? ?????? ????? ?????
graha?a pad?c?ra spu?a vidhi?",,PL,TU,40x5,13 To ,Jautisha,11,70,C,G,
4882,858/3,"????? ?????? ????
graha?a pad?c?ra bh???",,PL,TU,40x5,14 To 19,Jautisha,11,70,C,G,Script: Tulu  Language - Tulu
4883,858/4,"????? ?????? ????????
graha?a pad?c?ra vy?khy?",,PL,TU,40x5,1 To 14,Jautisha,11,70,Inc.,G,
4884,859/1,"????????? ????????
b?hajj?taka vy?khy?",Bhattotpala,PL,TU,30x5,1 To 24,Jautisha,11,50,Inc.,G,
4885,859/2,"???? ??????? ??????? ?????
m?l? nak?atra ty?jya kha??an?",,PL,TU,30x5,1 To 4,Jautisha,11,50,C,G,Scribe: Tammaiah Sastri
4886,859/3,"???? ??????? ??????? ?????
m?l? nak?atra ty?jya kha??an?",,PL,TU,30x5,1 To 4,Jautisha,11,50,C,G ,"Script: Tulu, Vyakhya Kannada, "
4887,859/4,"???? ??????? ??????? ?????
m?l? nak?atra ty?jya kha??an?",,PL,TU,30x5,1 To 7,Jautisha,11,50,Inc.,G,Scribe: Sivasankara Sastri
4888,859/5,"??????? ?????
muh?rta k??pa",,PL,TU,30x5,1 To 4,Jautisha,11,50,C ,DW,Scribe: Tirumaleswara Sastri
4889,859/6,"???? ??????? ?????? ?????
m?l? nak?atra vi??at gha?ik?",,PL,TU,30x5,1 To 10,Jautisha,11,50,C,DW,Scribe: Tammaiah Sastri
4890,859/7,"???? ??????? ?????? ?????
m?l? nak?atra vi??at gha?ik?",,PL,TU,30x5,1 To 10,Jautisha,11,50,C,DW,Scribe: Tirumalleswara Sastri
4891,860/1,"???? ?????? ????????
j?taka paddhati vy?khy?",,PL,TU,28.5x5,1 To 14,Jautisha,10,42,C,G ,Script: Tulu Vyakrya: Malayala 
4892,860/2,"??????? ????
pra?n? bh???",,PL,TU,28.5x5,15 To 19,Jautisha,10,42,C,G,
4893,860/3,"???????????
pra?n?pay?ga",,PL,TU,28.5x5,20 To 23,Jautisha,10,42,C,G,"Script: Tulu, Malayalam Language"
4894,860/4,"?????????? ????????
graha????aka vy?khy?",,PL,TU,28.5x5,24 To 31,Jautisha,10,42,C,G,Script Krishna Bhatta
4895,860/5,"????? ????
s?rya ch?y?",,PL,TU,28.5x5,32 To 34 To 1,Jautisha,10,42,C,G,"Script-Tulu, Kannada Language"
4896,860/6,"????? ????
ca?dra ch?y?",,PL,TU,28.5x5,34 To 1 To 39,Jautisha,10,42,C,G,Script: Tulu
4897,860/7,"????? ????
mau?hya ga?an?",,PL,TU,28.5x5,39 To 41,Jautisha,10,42,C,G,"Script: Tulu, Kannada Language"
4898,860/8,"???? ??????
navamana nir?pa?a",,PL,TU,28.5x5,OneFolio,Jautisha,10,42,C,G,From: Surya Siddhantha
4899,860/9,"???????? ????
cakr?rdha ga?an?",,PL,TU,28.5x5,one,Jautisha,11,30,C,G,
4900,861/1,"?????? (??????????)
pa?c??ga (vir?dhik?t)",,PL,TU,18x4.5,1 To 21,Jautisha,12,28,C ,G,"Sa-1773, Year-1852"
4901,861/2,"???????????? ????????
gir???rayadi v?kyaga?u",,PL,TU,18x4.5,1 To 80,Jautisha,12,28,C,O ,
4902,861/3,"?????? ???? ??????
brahma kalpa pram??a",,PL,TU,18x4.5,1,Jautisha,12,28,C,G,
4903,861/4,"??????? ???? ?????
kalp??i var?a vivara?a",,PL,TU,18x4.5,2Folios,,12,28,C,G,
4904,861/5,"???? ??????
kalpa pram??a",,PL,TU,18x4.5,3Folios,,12,28,Inc.,G,
4905,861/6,"??????? ???
sa?vatsara ?la?",,PL,TU,18x4.5,1 To 3Folios,Jautisha,12,28,Inc.,GO,
4906,861/7,"?????? ???
yug?di ?la?",,PL,TU,18x4.5,Aù To Dk,Jautisha,12,28,C,G,
4907,861/8,"???? ??????? ????
janma patrik? l?khana",,PL,TU,18x4.5,12folios,Jautisha,12,28,C ,G,Saka-1800 Year-1879
4908,862/1,"?????? ????????
pad?c?ra v?khy?ni",,PL,TU,17x5.5,1 To 18,Jautisha,19,37,C,G,
4909,862/2,"??????????? ???? ??????
graha?av?khy? k?l? din?ni",,PL,TU,17x5.5,19 To 20,Jautisha,19,37,C,G,
4910,862/3,"?????? ???????? ????? ?????
pad?c?ra v?khy?ni s?dhan? vidhi?",,PL,TU,17x5.5 ,19,Jautisha,19,37,C,G,
4911,862/4,"??????? ?????
k?lacakra da?a?la?",,PL,TU,17x5.5,OneFolios,Jautisha,19,37,C ,G,
4912,862/5,"????? ???
g?h?ya padaka",,PL,TU,17x5.5,One,Vastu,15,30,C,G,
4913,862/6,"???????????
graha????aka?",,PL,TU,17x5.5,one,Jautisha,15,30,C,G,
4914,862/7,"????? ???????
?l?ka sa?graha?",,PL,Tu,17x5.5,1 To 2,General,15,30,C,G,
4915,863/1,"????? ????? ????????
graha?a ??dya v?khy?ni",,PL,TU,18x4.5,1 To 2,Jautisha,12,30,C,G,
4916,863/2,"?????????
a?auc???aka",Vararuci,PL,TU,18x4.5,Aù To Bk,,12,30,C,G,
4917,863/3,"???????? ???? ????
asa?sk?ta vi?aya a?auca",,PL,TU,18x4.5,One,Jautisha,12,30,C,G,
4918,863/4,"??????? ?????
nak?atra da?a?la?",,PL,TU,18x4.5,45 To 53,Jautisha,12,30,Inc.,G ,
4919,863/5,"????? ????
a??aka varga",,PL,TU,18x4.5,54 To 55,Jautisha,12,30,Inc. ,G,
4920,863/6,"?????? ???????
svar?a par?k??",,PL,TU,18x4.5,One,Jautisha,12,30,C,G,
4921,863/7,"?????????? ???? ??
bhinn???aka varga da?a",,PL,TU,18x4.5,86 To 87,Jautisha,12,30,Inc.,G,
4922,863/8,"??? ?????
lat? vidhi?",,PL,TU,18x4.5,87,Jautisha,10,30,C ,G,
4923,864/1,"?????????
kaly??agh?ta",,PL,Tu,18x5,1 To 9,Vaidya,14,28,C ,G,Script : Tulu kannada language
4924,864/2,"??????? ???
pa?cagavya gh?ta",,PL,Tu,18x5,1 To 1 To 24,Vaidya,14,28,C,G,"Script - Tulu, Language - Kannada"
4925,864/3,"???? ???
vajra gh?ta",,PL,Tu,18x5,2 To 2 To 1,Vaidya,14,28,C ,G,
4926,864/4,"???????? ???
br?hm? gh?ta",,PL,Tu,18x5,2 To 1 To 4,Vaidya,14,28,C ,G,
4927,864/5,"???????
?ivag?t?",,PL,Tu,18x5,one,Vaidya,14,28,C,G,
4928,864/6,"???????
s?r?va?i",,PL,TU,18x5,One,Jautisha,14,28,C,G,
4929,864/7,"???? ?????
jvara lak?a?a",,PL,Tu,18x5,one,Vaidya,14,28,Inc.,G,
4930,865/1,"?????????
kaly??agh?ta",,PL,Tu,18x4.5,54 To 54 To 1,Vaidya,12,90,C,G,
4931,865/10,"??????? ???????
?r?ddha pray?ga?",,PL,TU,18x4.5,1 To , G- Prayoga   ,10,25,C ,G,
4932,865/11,"???? ????????? ????
rakta pittakke ka??ya",,PL,Tu,18x4.5, To ,Vaidya,10,30,C,G,Script : tulu Kannada language
4933,865/12,"????? ????? ?????????
graha?a dh?nya dravy??i",,PL,TU,18x4.5 ,1 To 2,Jautisha,10,30,C,G,
4934,865/13,"????? ????
a??aka varga",,PL,TU,18x4.5,54 To 61,Jautisha,10,30,C ,G,
4935,865/2,"??????? ???
pa?cagavya gh?ta",,PL,Tu,18x4.5,54 To 1 To 55,Vaidya,12,30,C ,G,
4936,865/3,"???? ???
vajra gh?ta",,PL,Tu,18x4.5,55 To 56,Vaidya,12,30,C,G,
4937,865/4,"???????? ???
br?hm? gh?ta",,PL,Tu,18x4.5,56 To ,Vaidya,12,30,C,G,
4938,865/5,"????? ????????
m??ika ucc??an?",,PL,TU,18x4.5,57 To 1 To 58,Tantra Mantragama,12,30,C,G,
4939,865/6,"????? ????????? ?????
prathama ?il?ny?sa vidhi?",,PL,TU,18x4.5,59 To 60,Tantra Mantragama,12,30,C,GO,
4940,865/7,"????????? ????
ak??hi?i b?l?",,PL,Tu,18x4.5,60 To 1,Purana,12,30,C,G,10 Folios 
4941,865/8,"????? ?????
sa?tati si???",,PL,TU,18x4.5,68 To 83,Jautisha,12,30,C,G,
4942,865/9,"?????? ???
dv?da?a bh?va",,PL,TU,18x4.5,83 To 85,Jautisha,12,30,C,G,
4943,866/1,"???? ??????
a?auca nir?aya",???????? ????,PL,Tu,26x5,1 To 31, G- Prayoga   ,9,37,Inc.,OD,
4944,866/2,"???????? ??????
tri??at ?l?k?",,PL,Tu,26x5,86 To 90, G- Prayoga   ,9,37,C ,GO,
4945,867,"????? ???????
ta?tra samuccaya",Narayana,PL,TU,18x4.5,1 To 22,Tantra Mantragama,8,25,Inc.,GO,II Patala
4946,868/1,"????? ???????????
hi?d? dharma??stra",,PL,Tu,19x4.5,1 To 89,General,12,32,C,G,"Kannada language , scribe krsna sastri "
4947,868/2,"????? ??????? ?????
bh?t??a p???yana ka??u",,PL,Tu,19x4.5,90 To 107,General,12,32,C,G,
4948,868/3,"?????????? ???? ??
ko?aginarasina m?le pada",,PL,Tu,19x4.5 ,108 To 109,General,12,32,C,G,Kannada Language
4949,868/4,"?????????? ???? ??
ko?aginarasina m?le pada",,PL,Tu,19x4.5,109 To 110,General,12,32,C ,G,""""
4950,869,"???? ?????? ??????
yajña valkya sm?ti",,PL,TU,57x6,38Folios,Smriti,10,63,Inc.,ODW ,No. of Folios Missing 
4951,870,"???? ?????? ?????? ????????
yajña valkya sm?ti vy?khy?",,PL,TU,38x5,142Folios,Smriti,9,55,Inc.,ODW ,
4952,871/1,"????????????????
taittiriy?ra?yaka?",,PL,Tu,26x4,1 To 75,aranyaka,7,32,C,G,
4953,871/3,"??????????? ????
k?v?riyammana p?j?",,PL,Tu,26x4,1 To 2, pooja,7,32,C,G,
4954,871/4,"??? ????
sabh? p?j?",PL,TU,Tu,26x4,6Folios, pooja,7,32,Inc.,G,
4955,872,"????? ?????????
k???a yajusa?hit?",,PL,Tu,37x5,1 To 154,Samhita,9,58,Inc. ,G,
4956,873,"???????
r?m?ya?a?",,PL,Tu,32x5,1 To 87,Itihasa,10,50,Inc.,ODW,Sundara kanda
4957,874,"????? ?????????
k???a yajusa?hit?",,PL,Tu,44x5,1 To 65,Samhita,9,27,Inc. ,G,
4958,875,"???????????????
n?mali?g?nu??sana?",,PL,Tu,39x5.5,1 To 88,Nighantu,10,45,C,G,
4959,876,"??????
bh?gavata?",,PL,Tu,48x5.5,1 To 149,Purana,12,86,Inc.,G ,X Skanda
4960,877/1,"??????? ????
muh?rta padavi",,PL,TU,54x4.5,1 To 10,Jautisha,8,80,C,G ,
4961,877/2,"???? ???????
j?taka p?rij?ta",Vaidyanatha,PL,TU ,54x4.5,1 To 130,Jautisha,8,80,Inc.,G,
4962,877/3,"???? ??????
j?taka paddhati",Vaidyanatha,PL,TU,54x4.5,1 To 11,Jautisha,8,80,C,G,Folios No: Tulu : Tulu Script
4963,878,"????????? ????????
?i?up?lavadha vy?khy?",Mallinatha,PL,TU,24x3.5,67folios,Kavya,7,27,Inc.,G,1-3 Sarga
4964,879,"???? ???????? ????????
ka??da siddh??ta ca?drik?",Gangadhara,PL,TU,24x4 ,70folios,Nyaya,7,30,Inc.,GO,
4965,880,"??????? ?????
vi?amupada lak?a?a",,PL,Tu,21x4,26Folios,Vaidya,6,26,Inc.,G,
4966,881,"??? ????? ?????
parama rahasya ta?tra",,PL,TU,22.5x4.5,12Folios,Tantra Mantragama,8,28,Inc.,OD,
4967,882,"???? ????
r??i cakra",,PL,TU,17.5x3.5,1 To 70,Jautisha,8,20,Inc.,OD,
4968,883,"???? ??? ?????
bh?rata kath? ma?jari",Kumara vyasa,PL,Tu,42x5.5 ,149folios,Itihasa,8,70,Inc.,OD,"Saipt : Tulu, Language : Kannada "
4969,884,"??????
bh?gavata?",Kumara vyasa,PL,Tu,40x5.5,28 To 414,Purana,11,45,Inc. ,OD,"VI To X Skanda, Script : Tulu, "
4970,885,"????? ????
k???a l?l?",Jayadeva,PL,TU,34x5.5,145Folios,Kavya,11,55,Inc.,DW,"Script : Tulu, Language : Kannada"
4971,886,"???? ??? ?????
bh?rata kath? ma?jari",Jayadeva,PL,Tu,43x6,1 To 208,Itihasa,11,86,Inc.,GO,"End :Virata Parva Script :Tulu,"
4972,887,"???? ??? ?????
bh?rata kath? ma?jari",Jayadeva,PL,Tu,44x6,158folios,Itihasa,9,68,Inc.,ODW,Script - Tulu Language - Kannada
4973,888,"??????? ????
?iv?na?da padavi",,PL,Tu,44x6,86folios,Purana,9,62,Inc.,ODW,"No. Begining - No End, "
4974,889,"???? ??? ?????
bh?rata kath? ma?jari",,PL,Tu,37x4,125folios,Itihasa,7,55,Inc.,OD ,"Beginning From 16 Sandhi, "
4975,890,"???????
r?m?ya?a?",,PL,Tu,35x5,156Folios,Itihasa,7,60,Inc.,ODW,"Script : Tulu, Language : Kannada"
4976,891,"????????
pa?cata?tra",Vishnusarma,PL,TU,27x4,1 To 120,Gadya - Katha,8,38,Inc.,G,"Script : Tulu, Language : Kannada"
4977,892,"???? ??????????
d?v? m?h?tmya?",Vishnusarma,PL,Tu,16x4,1 To 49,Purana,7,20,Inc.,OD,""""
4978,893,"????????? ??? ??????
bhagavadg?t? bh?va prak??a",Vidya Yogindra,PL,TU ,23x5.5,1 To 88,Dvaita,7,25,Inc.,OD,
4979,894,"????? ???????
?l?ka sa?graha?",,PL,Tu,23x5,1 To 44,General,8,32,C,G,Scribe : Subraya Salamakki 
4980,895,"???? ??? ?????
bh?rata kath? ma?jari",,PL,Tu,18x5,4 To 113,Itihasa,8,21,Inc.,ODW,"1-3 folios Missing, Scipt : Tulu, "
4981,896,"????? ????
k???a l?l?",,Tu,37x5,155 Folios,7,Itihasa,65,Inc.,ODW,,"Script : Tulu, Language : Kannada "
4982,897,"????? ??????
air?vata prasa?ga",,PL,Tu,17x4.5,1 To 75,General,9,20,Inc.,OD,Kannada Language 1st 7 folios missing
4983,899,"????? ???? ???????
kanna?a padya sa?graha?",,PL,Tu,23x4,17folios,General,6,32,Inc.,OD,Kannada language
4984,900,"??????? (???? ???)
r?m?ya?a? (tu?u baraha)",,PL,Tu,35x5,1 To 75,Itihasa,8,45,Inc.,GO,
4985,901,"???? ??????????
d?v? m?h?tmya?",,PL,Tu,18x3.5,19Folios,Purana,8,25,Inc. ,OD,""""
4986,902,"??? ?????
hora vivara?a",,PL,TU,35x4,133Folios,Jautisha,8,65,Inc.,OD,
4987,903,"??????
bh?gavata?",,PL,Tu,34x5,118folios,Purana,11,45,Inc.,OD ,"Script : Tulu, Language : Kannada"
4988,904,"???????? (??????)
ma?ima?jari (k?vya?)",Narayana Pandita,PL,TU,24x3.5 ,1 To 68,Dvaita,8,27,Inc.,ODW,
4989,905/1,"???? ??????????
d?v? m?h?tmya?",Narayana Pandita,PL,Tu,26x5.5,1 To 49,Purana,8,36,C,G,""""
4990,905/2,"?????? ???? ?????
durg? p?j? vidhi?",,PL,Tu,26x5.5,47 To 69, pooja,8,36,C,G,
4991,906,"???????????? ???
mudr?r?k?asa kath?",,PL,TU,34x4.5,58Folios,Gadya - Katha,8,70,Inc.,OD,
4992,907,"????????????????
?ivasahasran?m?va?i?",,PL,TU,25x6,1 To 26,Stotra,8,24,C,G,
4993,908/1,"??????????????? ??????????
vi??va???ttara ?atan?m?va?i?",,PL,TU,23x5.5,2 To 3,Stotra,10,29,Inc.,OD,
4994,908/2,"??????? ????
sarasvat? p?j?",,TU,Tu,23x5.5,1 To 9, pooja,10,29,Inc.,G ,
4995,909,"??????????
garu?apur??a?",,PL,Tu,26x5.5,1 To 34,Purana,12,47,Inc,OD ,
4996,910/1,"?????? ????
n?r?ya?a h?daya",,PL,TU,26x5,1 To 3,Stotra,10,38,C,G,From : Atharvana Rahasya
4997,910/2,"??????? ???? ????????
lak?m? h?daya st?tra?",,PL,TU,26x5,4 To 13,Stotra,10,38,C,G,"Durmukhi sam, Asvija bahula Gangastami "
4998,910/3,"????????????????? ?????
pr??aprati??h?pan? vidhi?",,PL,Tu,26x5,14 To 15, pooja,10,38,C,G,
4999,910/4,"????????? ?????
m?tyu?jaya ma?tra",,PL,Tu,26x5,15 To 18, pooja,10,38,C,G,
5000,911/1,"????????? ????
?aniprad??a p?j?",,PL,TU,22x5,1 To 4, pooja,9,35,C,G,
5001,911/2,"??????? ????
nava?akti p?j?",,PL,Tu,22x5,1 To 7, pooja,9,35,C,G,
5002,911/3,"????????????? ??????????
??rad????ttara ?atan?m?va?i?",,PL,TU,22x5,1 To 7,Stotra,9,35,C,G,
5003,911/4,"????????? ??? ????
a???ttara n?ma p?j?",,PL,TU,22x5,8 To 15, pooja,9,35,C,G,
5004,912/1,"?????? ????
pray?ga m?l?",???????,PL,Tu,26x6,1 To 150, G- Prayoga   ,9,34,C,G,
5005,912/2,"???? ??????? ??? ????????????
sarva karm??ga bh?ta pr?ya?citta",,PL,Tu,26x6 ,151 To 153, G- Prayoga   ,9,34,C,G,
5006,913/1,"???????? ????? ?????
m?ttik? sn?na vidhi?",,PL,TU,27.5x6,1 To 5, G- Prayoga   ,11,31,C,G ,Bodhayanokta
5007,913/10,"?????? ????????????
s?mav?ra vrata??gama?tra",,PL,TU,27.5x6,22 To 23,Vrata,11,31,C,G,
5008,913/11,"???? ????? ?????? ?????
yajña s?tra vanabh?jana vidhi?",,PL,Tu,27.5x6 ,23 To 23 To 1,Vrata,11,31,C,G,
5009,913/12,"???? ????????????
ana?ta vrat?dy?pana?",,PL,Tu,27.5x6,23 To 1 To 26 To 1,Vrata,11,31,C ,G,
5010,913/13,"????????? ?????
arkaviv?ha vidhi?",,PL,TU,27.5x6,26 To 1 To 27, G- Prayoga   ,11,31,C ,G,""""
5011,913/14,"???? ???????????
dagdha vastralak?a?a",,PL,Tu,27.5x6,27 To 28, G- Prayoga   ,11,31,C,G,
5012,913/15,"?????? ???????????????????
vin?yaka caturth?vrat?dy?pana?",,PL,TU,27.5x6,28 To 30,Vrata,11,31,C,G,
5013,913/16,"???????? ?????
m?s?pav?sa vrata?",,PL,Tu,27.5x6,30 To 31 To 1,Vrata,11,31,C,G,
5014,913/17,"??????? ?????
pa?cagavya vidhi?",,PL,Tu,27.5x6,31 To 1 To 33, G- Prayoga   ,11,31,Inc. ,G,
5015,913/18,"???????? ?????
m?s?pav?sa vrata?",,PL,Tu,27.5x6,33 To 38,Vrata,11,31,C ,G,From : Vishnupurana
5016,913/19,"?????? ????????????
?k?da?? vrat?dy?pana?",,PL,Tu,27.5x6,38 To 1 To 41 To 1,Vrata,11,31,C ,G,
5017,913/2,"??? ?????
d?va tarpa?a",,PL,Tu,27.5x6,5.8, G- Prayoga   ,11,31,C,G,
5018,913/20,"????????? ????
?aniprad??a p?j?",,PL,TU,27.5x6,41 To 1 To 53, pooja,11,31,C,G,
5019,913/21,"??????? ????????????
sarvad?pa vrat?dy?pana?",,PL,Tu,27.5x6 ,53 To 1 To 55,Vrata,11,31,C,G,From : Bhavisottarapurana
5020,913/22,"??????? ???????????????
k?rtika d?pavrat?dy?pana?",,PL,TU,27.5x6 ,55 To 57,Vrata,11,31,C,G,
5021,913/23,"??????????????????
v??cik?d?p?dy?pana",,PL,Tu,27.5x6,57 To 57 To 1,Vrata,11,31,C,G,
5022,913/24,"????????? ??? ????????????
sa?kr??ti d?pa vrat?dy?pana?",,PL,Tu,27.5x6,58 To 58 To 1,Vrata,11,31,C,G,
5023,913/25,"????????? ?????
kapila?a??h? vrata?",,PL,Tu,27.5x6,59 To 64,Vrata,11,31,C ,G,From : Skandapurana
5024,913/26,"?????? ??????? ?????
vin?yaka caturth? vrata?",,PL,Tu,27.5x6,64 To 67,Vrata,11,31,C ,G,
5025,913/27,"?????? ??????? ???? ???
vin?yaka caturth? vrata kath?",,PL,Tu,27.5x6,67 To 69 To 1,Vrata-Katha,11,31,C ,G,
5026,913/28,"???????????? ????
a?vatth?panayana vidhi",,PL,Tu,27.5x6,69 To 1 To 71, G- Prayoga   ,11,31,C ,G,Saunakiya
5027,913/29,"??????? ????
ardh?daya kalpa",,PL,Tu,27.5x6,71 To 74 To 1,Vrata,11,31,C,G,
5028,913/3,"??????????? ?????
?anitray?da?? vrata?",,PL,Tu,27.5x6,8 To 10,Vrata,11,31,C,G,
5029,913/30,"??????? ????????????
ardh?daya vrat?dy?pana?",,PL,Tu,27.5x6,74 To 76,Vrata,11,31,C,G,""""
5030,913/31,"???????????? ????
a?vatth?panayana vidhi",,PL,Tu,27.5x6,76 To 1 To 79 To 1, G- Prayoga   ,11,31,C ,G,
5031,913/32,"???????? ?????
m?ghasn?na vidhi?",,PL,Tu,27.5x6,79 To 1 To 84,Vrata,11,31,C,G,From : Bhavisottara Purana
5032,913/33,"????????? ????
ana?tavrata? kalpa",,PL,TU,27.5x6,85 To 88,Vrata,11,31,C,G,
5033,913/34,"????????? ????????????
budh???am? vrat?dy?pana?",,PL,TU,27.5x6,88 To 91,Vrata,11,31,C,G,
5034,913/35,"?????? ???????? ????????????
a??am? caturda?? vrat?dy?pana?",,PL,Tu,27.5x6,91 To 94,Vrata,11,31,C,G,From: Skandapurana
5035,913/36,"??????? ????????????
mah?navam? vrat?dy?pana?",,PL,Tu,27.5x6,94 To 96,Vrata,11,31,C,G,From : Skandapurana
5036,913/37,"?? ??? ?????
g? d?na vidhi?",,PL,Tu,27.5x6,96 To 98 To 1, G- Prayoga   ,11,31,C ,G,
5037,913/38,"??????? ????
ardh?daya kalpa",,PL,Tu,27.5x6,98 To 1 To 101,Vrata,11,31,C ,G,From : Bhavisottara Purana
5038,913/39,"???????? ?????
??ipa?cam? vrata?",,PL,TU,27.5x6,101 To 107,Vrata,11,31,C,G,From : Bhavisottarapurana
5039,913/4,"??????????? ????????????
?anitray?da?? vrat?dy?pana?",,PL,Tu,27.5x6,10 To 11,Vrata,11,31,C,G ,From : Shivasiddha Shekara
5040,913/40,"???????? ????????????
??ipa?cam? vrat?dy?pana?",,PL,Tu,27.5x6,107 To 1 To 109,Vrata,11,31,C,G,""""
5041,913/41,"????????? ?????
am?s?mav?ra vrata?",,PL,Tu,27.5x6,110 To 114,Vrata,11,31,C ,G,
5042,913/42,"???????? ???? ???
amas?mav?ra vrata kath?",,PL,Tu,27.5x6,114 To 122,Vrata-Katha,11,31,C ,G,""""
5043,913/5,"???? ?????? ????????????
pak?a prad??a vrat?dy?pana?",,PL,Tu,27.5x6,11 To 1 To 16,Vrata,11,31,C ,G,""""
5044,913/6,"??????????? ????????????
?anitray?da?? vrat?dy?pana?",,PL,Tu,27.5x6,16 To 18,Vrata,11,31,C,G,
5045,913/7,"??????????????????
v??cik?d?p?dy?pana",,PL,Tu,27.5x6,18 To 18 To 1,Vrata,11,31,C,G,
5046,913/8,"??????????? ????????????
s?mav?r?pav?sa vrat?dy?pana?",,PL,TU,27.5x6 ,18 To 1 To 19,Vrata,11,31,C,G,From : Siva rahasya
5047,913/9,"?????? ?????
s?mav?ra vrata?",,PL,""" ",27.5x6,19 To 1 To 22,Vrata,11,31,C,G,
5048,914/1,"???? ???????????? ???????
sarva pr?ya?citta pray?ga?",,PL,Tu,26x6,1 To 2, G- Prayoga   ,14,32,Inc.,ODW,
5049,914/2,"??????? ?????
pa?cagavya vidhi?",,PL,Tu,26x6,2 To 1 To 3 To 1, G- Prayoga   ,14,32,C,G,
5050,914/3,"??????? ?????
pa?cagavya vidhi?",,PL,Tu,26x6,3 To 1 To 4 To 1, G- Prayoga   ,14,32,C,G,
5051,914/4,"???????? ??? ??????
k??m???a h?ma pray?ga",,PL,Tu,26x6,4 To 1 To 8, G- Prayoga   ,14,32,C,G,
5052,914/5,"????? ??? ?????
ga?apati h?ma vidhi?",,PL,TU,26x6,8 To 1 To 12, G- Prayoga   ,14,32,C,G,
5053,915,"???? ?????????
d?v? mah?tmy?",,PL,Tu,43x4.5,1 To 66,General,8,47,C,G,Scribe : Subraya Bhatta
5054,916,"????????????????
taittir?y?pani?at",,PL,Tu,44.5x5,72Folios,Upanisat,7,55,Inc.,OD,
5055,917/1,"???????????? ????
a?vatth?panayana vidhi",,PL,Tu,27x5,1 To 16, G- Prayoga   ,10,38,C,G ,Gargyokta
5056,917/2,"???? ?? ???? ?????
li?ga t? bhadra ma?tra",,PL,TU,27x5,16 To 16 To 1,Shaivagama,10,38,C,G,
5057,917/3,"???? ????
r??i cakra",,PL,TU,27x5,16 To 1 To 17,Jautisha,10,38,C,G,
5058,917/4,"??????? ??? ?????
svasti ?k ma?tra",,PL,TU,27x5,17 To 17 To 1,Veda - Mantra,10,38,C,G,
5059,917/5,"?????? ???? ????
sarvat? bhadra ma??ala",,PL,TU,27x5,17 To 1 To 18,Shaivagama,10,38,C,G,
5060,917/6,"??????????? ?????
sarpasa?sk?ra vidhi?",,PL,Tu,27x5,18 To 28, G- Prayoga   ,10,38,C,G,
5061,917/7,"???????????????
n?gaprati??h?pan?",,PL,TU,27x5,28 To 29,Tantra Mantragama,10,38,C ,G,From: Saunkiya
5062,918,"????????????????
syama?tak?p?khy?na?",,PL,Tu,25x5,1 To 11,Purana,8,33,C,G,From : Skanda Purana 
5063,919,"????????? ????
?ivatattva kalpa",,PL,TU,14x5,82Folios,Shaivagama,10,16,Inc.,O,"Script: Tulu, Kannada Language"
5064,920/1,"????? ???? ????????
??rad? tilaka vy?khy?",,PL,TU,39x5,1 To 2 To 21 To 87,Tantra Mantragama,10,62,Inc.,G,"Vikram Sam, Sravana Bahula Dasama "
5065,920/2,"??????? ???? ????
k??ikha??a athav? k??i",Vyasa,PL,Tu,39x5,3 To 2088 To 117,Purana,10,62,Inc.,OD,1-20 Adhyayas Script : Tulu
5066,921,"????? ????
paul?ma vrata",,PL,Tu,41x5,45Folios,Itihasa,9,66,Inc. ,ODW,"Script : Tulu, Language : Kannada"
5067,922,"?????? ???
nigha??u s?ra",Siddanta yogisvara,PL,TU,21x5,1 To 18,Nighantu,6,36,C,G,Kannada Language
5068,923/1,"???????????
rudr?dhy?ya",,PL,Tu,35x5,1 To 8,Veda - Mantra,11,56,C,OD,
5069,923/2,"??????????? ??????
rudr?dhy?ya nir?pa?a",,PL,Tu,35x5,1 To 32,Veda - Mantra,10,50,C,OD,
5070,923/3,"??????
itih?sa",,PL,TU,35x5,32 To 1 To 37,Vedanga,10,50,C,G,
5071,923/4,"???????????
s?m?tpatti",,PL,Tu,35x5,37 To 39,Vedanga,10,50,C,G,
5072,924/1,"?????? ????????
prad??a st?tra?",,PL,TU,13x5,4 To 5,Stotra,9,15,Inc.,OD,
5073,924/2,"??????? ?????? ????????
nak?atra m?lik? st?tra?",,PL,Tu,13x5,6 To 7,Stotra,9,15,C,OD ,
5074,924/3,"???????
b?lagraha",,PL,TU,13x5,8 To 32,Tantra Mantragama,9,15,Inc.,OD,
5075,924/4,"?????????
r?m???aka?",,PL,TU,13x5,35 To 36,Stotra,9,15,C,OD,
5076,924/5,"?????? ??????? ????????
dv?da?a ma?jarik? st?tra?",Sankaracarya,PL,Tu,13x5,36 To 1 To 40,Stotra,9,15,C,G,
5077,924/6,"????????? ????????
m?rka???ya st?tra?",Sankaracarya,PL,TU,13x5,40 To 1 To 42,Stotra,9,15,C,O,
5078,924/7,"??????? ????????
haradurita st?tra?",,PL,TU,13x5,56,Stotra,9,15,C,G,
5079,925/1,"??????? ?????
svasti s?kta",,PL,Tu,34.5x5.5,1 To 10,Veda - Mantra,11,35,C,GO,
5080,925/2,"???? ?????
anna s?kta",,PL,TU,34.5x5.5,10 To 15,Veda - Mantra,11,35,C,Go,
5081,925/3,"???? ??????
n?rada v?khy?",,PL,Tu,34.5x5.5,15 To 31,Veda - Mantra,11,35,C,G,
5082,925/4,"????????????????
taittir?y?pani?at",,PL,Tu,34.5x5.5,32 To 43,Upanisat,11,35,C,CD,
5083,925/5,"??? ??????
mah? ny?sa?",,PL,Tu,34.5x5.5,63 To 79, pooja,11,35,C,GO,
5084,925/6,"??? ??????
udaka ???ti?",,PL,Tu,34.5x5.5,80 To 110,Shanti,11,35,C,G,
5085,925/7,"??? ??????
gh??a ???ti?",,PL,Tu,34.5x5.5,119 To 121,Shanti,11,35,C,G.,
5086,926,"???? ??????????
d?v? m?h?tmya?",,PL,Tu,16x4.5,1 To 91,Purana,8,22,C,G,""""
5087,927/1,"??????? ?????
muh?rta darpa?a",Vidya Madhava,PL,TU,21x4,1 To 106,Jautisha,9,30,C,OD,
5088,927/2,"??????? ????????? ?????
a?vattha pradak?i?a vidhi?",,PL,Tu,21x4,107 To , G- Prayoga   ,9,30,C,G,
5089,928,"?????????????
aru?y?pani?at",,PL,Tu,18x5,1 To 63,Upanisat,10,22,C,G,
5090,929,"???????? ?????
b?lak???a carita?",,PL,TU,14x4,19Folios,Stotra,7,18,Inc.,GOD,
5091,930/1,"????? ??? ??????? ?????
be?agu be?a be?ag?gi be?agu",,PL,Tu,18x4.5,4 To 13,General,8,25,Inc.,OD,Kannada Language
5092,930/2,"?????????? ??????????? ?????? ???????
bh?vik?ryava bommana?uhalu d?vi?ata ???gadali",,PL,N.Na,18x4.5,13 To 17,General,8,25,Inc.,OD,""""
5093,931/1,"????? ???????
ta?tra samuccaya",,PL,TU,18x5,1 To 177,Tantra Mantragama,9,30,C,G,
5094,931/2,"???????????? ?????
prati??h?pan? vidhi?",,PL,TU,18x5,178 To 186,Tantra Mantragama,9,30,C,G,
5095,932/10,"??????????? ??????
vidyutp?ta ???ti?",,PL,Tu,22.5x5.5,12 To 13,Shanti,11,27,C ,G,
5096,932/12,"???? ??????
kadal? ???ti?",,PL,Tu,22.5x5.5,13 To 1 To 14,Shanti,11,27,C,G,
5097,932/13,"???? ??????
v?yasa ???ti?",,PL,Tu,22.5x5.5,14 To 1 To 15,Shanti,11,27,C,G,
5098,932/14,"?????? ???????????????? ?????????? ??????
vaid?ti vyatip?tam?v?sy? pratham?rthava ???ti?",,PL,Tu,22.5x5.5 ,15 To 1 To 16,Shanti,11,27,C,G,
5099,932/15,"???????? ??????
k?trim? ???ti?",,PL,Tu,22.5x5.5,16 To ,Shanti,11,27,C ,G,
5100,932/16,"????????? ??????
g?haprav??a ???ti?",,“,TU,22.5x5.5,16 To ,Shanti,11,27,Inc.,G,From Naradiya Samhita 
5101,932/17,"?????? ?????
v???i lak?a?a",,PL,Tu,22.5x5.5,17 To 17 To 1,Shanti,11,27,C,G,
5102,932/18,"????? ?????
k?rma lak?a?a",,PL,Tu,22.5x5.5,17 To 1 To 18,Shanti,11,27,C,G,Naradiya Samhita 
5103,932/19,"???????????
utpala???ti?",,PL,Tu,22.5x5.5,18 To 18 To 1,Shanti,11,27,C,G,From : Naradiya Samhita
5104,932/20,"??? ????? ??????
k?ka maithuna ???ti?",,PL,Tu,22.5x5.5,18 To 1 To 19,Shanti,11,27,C,G,
5105,932/21,"???? ??????
kap?ta ???ti?",,PL,Tu,22.5x5.5,19 To 1 To 20,Shanti,11,27,C,G,
5106,932/22,"?????? ??????
?ithili ???ti?",,PL,Tu,22.5x5.5,20 To 20 To 1,Shanti,11,27,C,G,
5107,932/24,"?????????? ??????
?l?k?tp?ta ???ti?",,PL,Tu,22.5x5.5,21 To 22,Shanti,11,27,C,G,
5108,932/26,"????? ??? ?????
i?dra c?pa lak?a?a",,PL,Tu,22.5x5.5 ,23 To 1 To 24,Shanti,11,27,C,G,
5109,932/27,"?????????? ?????
ga???ru?ag?ra lak?a?a",,PL,Tu,22.5x5.5 ,24 To 1,Shanti,11,27,C,G,
5110,932/28,"????? ?????
d?rgha lak?a?a",,PL,TU,22.5x5.5,25 To ,Shanti,11,27,C,G,
5111,932/3,"??? ??? ?????
tila h?ma vidhi?",,PL,TU,22.5x5.5,3 To 3 To 1,Shanti,11,27,Inc,O,
5112,932/31,"??????? ??? ?????
nak?atra j?ta lak?a?a",,PL,TU,22.5x5.5 ,26 To 1 To 27,Shanti,11,27,C,G,
5113,932/32,"?????? ?????
adhim?sa vrata?",,PL,Tu,22.5x5.5,28 To 30,Vrata,11,27,C,G,
5114,932/33,"???? ??????
a?va ???ti?",,PL,Tu,22.5x5.5,30 To 1 To 32,Shanti,11,27,C,G,
5115,932/34,"??????? ?????
?r?ddha lak?a?a",,PL,Tu,22.5x5.5,33 To ,Shanti,11,27,C,G,From : naradiya Samhita 
5116,932/35,"???? ??????
dar?a ???ti?",,PL,TU,22.5x5.5,33 To 1 To 34,Shanti,11,27,C,G.,From : Pitamaha Samhita 
5117,932/36,"???????? ??????
??niv?li ???ti?",,PL,Tu,22.5x5.5,35 To 38,Shanti,11,27,C,G,
5118,932/37,"???? ??????
kuh? ???ti?",,PL,Tu,22.5x5.5,38 To 49,Shanti,11,27,C ,G,From : Padmapurana
5119,932/38,"??????? ??????
??l??? ???ti?",,PL,TU,22.5x5.5,49 To 1 To 51,Shanti,11,27,C,G,
5120,932/39,"????? ??????? ??? ??????
j???a nak?atra janana ???ti?",,PL,TU,22.5x5.5,51 To 53,Shanti,11,27,C,G.,
5121,932/5,"????????? ??????
sa?kr??ti ???ti?",,PL,Tu,22.5x5.5,5 To 6,Shanti,11,27,C,G,
5122,932/6,"????? ???????? ??? ??????
k???a caturda?? janana ???ti?",,PL,Tu,22.5x5.5,6 To 6 To 1,Shanti,11,27,C,G,
5123,932/8,"????? ??????
upar?ga ???ti?",,PL,Tu,22.5x5.5,8 To 10,Shanti,11,27,C,G,
5124,932/9,"??????????? ?????
upar?g?bhi??ka vidhi?",,PL,Tu,22.5x5.5,10 To 1 To 12,Shanti,11,27,C,G,Saunakiya 
5125,933/1,"??????? ????????
vijñ?na ca?drik?",,PL,TU,35x4.5,1 To 149,Shaivagama,9,60,C,OD,
5126,933/2,"?????? ??????
vi??u sa?hit?",,PL,TU,35x4.5,14Folios,Tantra Mantragama,9,60,Inc.,O,
5127,934/1,"????????????????
taittiriy?ra?yaka?",,PL,Tu,28.5x4.5,1 To 78,aranyaka,7,40,Inc.,G,
5128,934/2,"????????? ?????
upav?tadh?ra?a ma?tra",,PL,Tuto,28.5x4.5,79 To 80, G- Prayoga   ,7,40,C,G,
5129,934/3,"????? ?????????
k???a yajusa?hit?",,PL,Tu,28.5x4.5,1 To 29,Samhita,7,40,C,G,
5130,935/1,"??????????? ????????
?ivasahasran?ma st?tra?",,PL,TU,33x4,19Folios,Stotra,5,35,Inc.,OD ,
5131,935/2,"???????????
k??????aka?",,PL,Tu,33x4,2Folies,Stotra,5,35,Inc,O ,
5132,935/3,"????????? ????????
?aniy???aka st?tra?",,PL,TU,33x4,1folios,Stotra,5,35,C,G,
5133,935/4,"???? ????
?vara?a p?j?",,PL,TU,33x4,17Folios, pooja,5,35,Inc.,O,
5134,935/5,"???????????????
n?mali?g?nu??sana?",,PL,Tu,33x4,10folios,Nighantu,5,35,Inc.,O,
5135,936/1,"??????????? ?????
sarpasa?sk?ra vidhi?",,PL,Tu,33x4,1 To 4, G- Prayoga   ,6,30,Inc.,DW ,Saunakiya
5136,936/2,"??????? ???????
muh?rta nak?atra",,PL,TU,33x4,4 To 1 To 10,Jautisha,6,30,Inc.,OD,
5137,936/3,"??????????? ?????
sarpasa?sk?ra vidhi?",,PL,Tu,33x4,10 To 1 To 22, G- Prayoga   ,6,30,Inc.,ODW,
5138,936/4,"??????? ??????
vipattu r?gad?na",,PL,Tu,33x4,23 To 28,Shanti,6,30,Inc.,ODW,
5139,936/5,"?????? ??????? ?????
vin?yaka caturth? vrata?",,PL,TU,33x4,60 To 66,Vrata,6,30,C,OD,
5140,936/6,"?????? ??????? ???? ???
vin?yaka caturth? vrata kath?",,PL,Tu,33x4,66 To 70,Vrata-Katha,6,30,C,OD,From : Skanda purana
5141,936/7,"?? ???
da?a d?na",,PL,Tu,33x4,15Folios, G- Prayoga   ,6,30,Inc. ,OD,
5142,936/8,"?????? ?????
n?r?ya?a s?kta",,PL,Tu,33x4,10Folios,Veda - Mantra,6,30,Inc,ODW,
5143,937,"?????????
k???ag?t?",,PL,Tu,14.5x4.5,9folios,General,6,13,Inc.,Go,
5144,938,"??? ?????????
d?va p?j?vidh?na",,PL,TU,34x4,1 To 133,Tantra Mantragama,7,30,Inc.,GO,
5145,938/2,"???? ?????
anna s?kta",,PL,Tu,34x4,47,Veda - Mantra,7,30,C,O,
5146,939/1,"???????? ???????
kany?vara?a pray?ga?",,PL,TU,21x5.5,1 To 2, G- Prayoga   ,10,28,C,GO,
5147,939/10,"?????? ??? ????? ????
vai??ava bali t?guva krama",,PL,Tu,21x5.5 ,74,Tantra Mantragama,10,28,C,G,
5148,939/11,"??????????? ???? ?????
?ivabalid?vat? krama vidhi?",,PL,TU,21x5.5,74 To 1 To 75,Shaivagama,10,28,C,G,
5149,939/12,"????????? ????? ?????
durg?bali d?vat? vidhi?",,PL,TU,21x5.5,75,Tantra Mantragama,10,28,C,G,
5150,939/13,"???????? ????? ?????
ska?dabali d?vat? vidhi?",,PL,TU,21x5.5,75 To 1,Tantra Mantragama,10,28,C,G,
5151,939/14,"?????? ??? ????? ?????
vin?yaka bali d?vat? vidhi?",,PL,TU,21x5.5,75 To 1 To 76,Tantra Mantragama,10,28,C,G,
5152,939/15,"??????? ???????? ?????
??st?ra balid?vat? vidhi?",,PL,Tu,21x5.5,76 To ,Tantra Mantragama,10,28,C,G,
5153,939/16,"???????? ??? ????? ?????
param???i bali d?vat? vidhi?",,PL,TU,21x5.5,76 To 1,Tantra Mantragama,10,28,C,G,
5154,939/17,"????? ???? ?????
nitya p?j? vidhi?",,PL,TU,21x5.5,76 To 1,Tantra Mantragama,10,28,C,G,
5155,939/18,"????? ??? ?????
nitya h?ma vidhi?",,PL,TU,21x5.5,77,Tantra Mantragama,10,68,C,G,
5156,939/19,"??????? ?????
nil??jana vidhi?",,PL,TU,21x5.5,17 To ,Tantra Mantragama,10,28,C,G,
5157,939/2,"???????? ?????
puna?cara?a vidhi?",,PL,Tu,21x5.5,3 To 47, G- Prayoga   ,10,28,C,GO,
5158,939/20,"?????? ?????
balih?na vidhi?",,PL,TU,21x5.5,77 To 87,Tantra Mantragama,10,28,C,G,
5159,939/21,"?????????? ?????
s?mudrik? lak?a?a",,PL,TU,21x5.5,88 To 92,Jautisha,10,28,C ,G,
5160,939/3,"???? ?????
ma??apa lak?a?a",,PL,TU,21x5.5,48 To 66,Tantra Mantragama,10,28,C,GO,
5161,939/4,"????? ?????? ????????????
p?r?a kala??bhi pr?ya?citta",,PL,TU,21x5.5 ,66 To 1,Tantra Mantragama,10,28,C,G,
5162,939/5,"????????? ??????
param???isa tattva",,PL,TU,21x5.5,67 To 69,Tantra Mantragama,10,28,C,G,
5163,939/6,"?????? ????
vi??u tatva",,PL,TU,21x5.5,69 To 71,Tantra Mantragama,10,28,C,G,
5164,939/7,"?????? ????
durg? tatva",,PL,TU,21x5.5,71 To 1 To 72,Tantra Mantragama,10,28,C,G,
5165,939/8,"???????????? ??????
vi??utattva nir?aya",,PL,TU,21x55,72 To 1 To 73,Dvaita,10,28,C,G,
5166,939/9,"??????? ?????
a??aba?dha lak?a?a",,PL,TU,21x5.5,74,Tantra Mantragama,10,28,C,G,
5167,940,"??? ?????
r?ma ma?tra",,PL,TU,13x3.5,1 To 51,General,6,15,C,G,
5168,941,"???????????????
adhy?tmar?m?ya?a?",,PL,Tu,21x4.5,21Folios,Itihasa,8,30,Inc.,O,Sundara Kanda
5169,942,"????? ???? ???????
kanna?a padya sa?graha?",,PL,Tu,18x4,39folios,General,5,25,Inc.,OD,
5170,943,"???????????????
adhy?tmar?m?ya?a?",,PL,Tu,22x5,1 To 207,Itihasa,12,35,Inc.,GO,No. of Folios Missing
5171,944,"???????? ????????
sarv?rtha ci?t?ma?i",Venkatesa,PL,TU,20x4.5,73 To 183,Jautisha,10,35,Inc. ,G,
5172,945,"????????? ??
pa?c?k?ar? japa",,PL,TU,22x4.5,3 To 20,Tantra Mantragama,8,26,Inc.,OD,
5173,946,"??? ???? ???????
khila j?taka sa?graha?",,PL,TU,25.5x5.5,1 To 54,Jautisha,9,37,Inc.,G,
5174,947,"???? ??????
dharma sa?hita?",,PL,TU ,40x5,2 To 158,Tantra Mantragama,7,50,Inc.,OD,
5175,948/1,"?????? ????
pray?ga m?l?",???????,PL,Tu,26x6.5,1 To 15, G- Prayoga   ,10,40,Inc,O,
5176,948/2,"????? ??? ???????
agni mukha pray?ga?",,PL,“,26.5x6.5,16 To 39, G- Prayoga   ,10,40,C,OD,
5177,949,"???? ??????? ?????
???a?a sa?sk?ra vidhi?",,PL,Tu,18x5,1 To 74, G- Prayoga   ,9,30,Inc.,ODW,
5178,950,"???????????????
adhy?tmar?m?ya?a?",,PL,Tu,25x5,56 To 211,Itihasa,11,35,Inc.,OD,""""
5179,951/1,"????? ???????
?ilpa ??stra",,PL,Te,37x3.5,1 To 27,Shilpa,5,50,C,OD,
5180,951/2,"????? ????? ??????
?ilpa a?gula pram??a",,PL,Te,37x3.5,1 To 15,Shilpa,5,50,C,OD,
5181,952,"?????? ????? ????
vi??u pur??a ??k?",,PL,Te,39x4,1 To 156,Purana,6,54,C,G,"Script : Telugu, Vyakyana Tika : Kannada"
5182,953/1,"???????? ????
r?mak???a ?ataka?",,PL,Te,42.5x3,1 To 17,Subhashita,5,52,C,G,"Vilambi sam, Bhadrapada Su - 10, "
5183,953/2,"???????????????
n?mali?g?nu??sana?",,PL,Te,42.5x3,1 To 93,Nighantu,5,52,Inc.,G,
5184,954/1,"?????? ??????? ?????
vin?yaka caturth? vrata?",,PL,Te,40.5x3.5,1 To 14,Vrata,6,40,C,G,
5185,954/2,"?????? ??????? ???? ???
vin?yaka caturth? vrata kath?",,PL,Te,40.5x3.5,14 To 17,Vrata-Katha,6,40,C,G,""""
5186,954/3,"?????????? ?????
svar?agaur? vrata?",,PL,Te,40.5x3.5,17 To 1 To 26,Vrata,6,40,C,OD,
5187,954/4,"?????????? ???? ???
svar?agaur? vrata kath?",,PL,Te,40.5x3.5,26 To 27,Vrata-Katha,6,40,C,G,""""
5188,954/5,"?????? ????? ????
vi??u pur??a ??k?",,PL,Te,40.5x3.5,140 To 155,Purana,6,40,Inc.,O,
5189,955,"???????? ????? ?????
??val?yana g?hya s?tra",????????,PL,Te,43.5x3.5,86Folios,Grahyasutra,7,75,Inc. ,GO,
5190,956/1,"????? ????????
vaidya ci?t?ma?i",Vallbhendra,PL,Te,40x4,1 To 10,Vaidya,7,70,C,G,Ist Adhyaya only
5191,956/2,"??????????????? ????????
n?mali?g?nu??sana? vy?khy?",,PL,Te,40x4,1 To 35,Nighantu,7,70,Inc.,OD,Vanausadi varga
5192,956/3,"????????????
dhanva?tarisah?ya",,PL,Te,40x4,1 To 10,Vaidya,7,70,C,G,"Script - Telugu, Telugu - Language"
5193,956/4,"??????????? ?????
gu?apatham?jalani ???alu",,PL,Te,40x4,1 To 9,Vaidya,7,70,C,G,Script : Tulu Telugu- Language
5194,956/5,"??????? ??????
sarvar?ga nidh?na?",,Pl,Tu,40x4,1 To 2,Vaidya,7,70,C,G,Telugu Langauage
5195,956/6,"???????? (???????)
v???lunu (dhanurvata)",,PL,Te,40x4,1 To 3,Vaidya,7,70,C,OD,
5196,956/7,"???????????
n?rik?l??jana",,PL,Te,40x4,3 To 26,Vaidya,7,70,C ,OD,
5197,956/8,"???? ?????
ga?dhaka ras?yana",,PL,Te,40x4,1 To 14,Vaidya,7,70,Inc.,O,
5198,956/9,"????? ??????
vaidya nigha??u",,PL,Te,40x4,1 To 24,Vaidya,7,70,Inc. ,OD,Telugu Language
5199,957/1,"??????????? ????
s?ryan?r?ya?a p?j?",,PL,Te,21x4.5,1 To 20, pooja,6,23,C,G,
5200,957/2,"?????? ???? ????
?ditya h?daya p?j?",,PL,Te,21x4.5,21 To 24, pooja,6,23,C,G,From : Yuddha Kanda ramayana
5201,958,"??????????????? ????????
n?mali?g?nu??sana? vy?khy?",,PL,Te,25.5x6,1 To 84,Nighantu,15,50,Inc.,G,
5202,959/1,"????? ??? ????
dhana?jaya k??a ??k?",,PL,Te,21x5.5,1 To 71,Nighantu,9,30,C,G,
5203,959/2,"???????? ??????
dhanva?tari nigha??u",Dhanvantari,PL,Te,21x5.5 ,43 To 50,Nighantu,11,50,Inc.,G,
5204,959/3,"???????? ????????
?ata?l?ki vy?khy?",,PL,Te,21x5.5,51 To 74,Vaidya,11,50,Inc.,G,
5205,959/4,"???????????????
n?mali?g?nu??sana?",Amara Simha,PL,Te,21x5.5 ,29 To 139,Nighantu,9,30,Inc.,G,Sukla Namasam Asada su-1
5206,960,"??????
bh?gavata?",Amara Simha,PL,Te,40x4,1 To 46,Purana,8,60,Inc.,G,VII Skanda 
5207,961,"????? ???????
vaidya sa?graha?",,PL,Te,38x4,1 To 174,Vaidya,6,51,C,GO,
5208,962,"????? ???????
vaidya sa?graha?",,PL,Te,13x4,1 To 34,Vaidya,7,20,C,O,
5209,963,"????? ???????
vaidya sa?graha?",,PL,Te,20x3.5,14 To 76,Vaidya,7,25,Inc.,OD ,1-13 Folios Missing
5210,964/1,"??? ????
bharata ?ataka?",,PL,Te,38x3.5,1 To 14,Kavya,7,52,C,G,
5211,964/2,"????? ????
jayar?ma ?ataka?",Kaviraja(Raya),PL,Te,38x3.5,15 To 35,Kavya,7,52,C,G,
5212,964/3,"???? ??? ???
bh?rata kath? vacana",,PL,Te,38x3.5,1 To 5,Itihasa,7,52,C,G,
5213,965,"??????????
???g?ra?ataka?",Krishnaraja Bhoopala,PL,Te,29x3.5 ,34 To 64,Kavya,6,40,C,G,
5214,966/1,"???? ???????
svara ??stra",,PL,Te,40.5x3.5,1 To 3,Jautisha,7,47,C,G,
5215,966/2,"????????? ?????
rukm??gada carita?",,PL,Te,40.5x3.5,1 To 75,Purana,7,47,C,G,
5216,966/3,"????????? ?????
prahall?da carita?",Vyasa,PL,Te,40.5x3.5,1 To 37,Purana,7,47,C,G,
5217,966/4,"????????????
gaj??dram?k?a",Vyasa,PL,Te,40.5x3.5,1 To 15,Purana,9,47,C,G,
5218,966/5,"?????????????
kap?t?p?khy?na?",,PL,Te,40.5x3.5,1 To 13,Purana,9,47,C,GO,
5219,966/6,"?????????? ????
b?lar?m?ya?a? ??k?",,PL,Te,40.5x3.5,1 To 30,Itihasa,9,47,C,G,"Saka - 1743, Year : 1822 Vikram "
5220,967/1,"???????????????
r?mali?gad?vat?bda",,PL,Te,17x4,1 To 13,Stotra,6,18,C,GO,
5221,967/2,"??? ?????? ?????????
?iva vaggarasa birud?va?i",,PL,Te,17x4,1 To 39,shaiva,6,18,Inc.,GO,
5222,967/3,"????????
divy?gama",,PL,Te,17x4,1 To 2,Shaivagama,8,35,Inc.,G ,
5223,968,"??????? ??? ?????????
kamman?ya kula birud?va?i",,PL,Te,20x3.5,1 To 41,General,6,27,C,G,
5224,969,"??????? ??????? ?????
v?rabhadra st?tra ma?tra",,PL,Te,10x3.5,13Folios,Veerashaiva,6,15,Inc.,OD,
5225,970,"???????????
navagrah?bhinaya",,PL,Te,12.5x3.5,2 To 24,Tantra Mantragama,6,14,Inc.,OD,
5226,971,"????? ????? ???????
ta?tra ma?tra sa?graha?",,PL,Te,26x3,1 To 51,Tantra Mantragama,5,35,Inc.,GO,
5227,972/1,"??? ???????
r?ma stuti?",,PL,Te,36.5x4,1 To 2,Stotra,9,60,C,OD,
5228,972/10,"?????????? ????
k???ar?yalu padya",,PL,Te,36.5x4,17 To 18,General,9,60,C,G,
5229,972/11,"???? ???? ????
r?ju r?yala padya",,PL,Te,36.5x4,19 To 20,General,9,60,C,G,
5230,972/12,"?????? ????
hanuma?ta ?ataka?",,PL,Te,36.5x4,22,Stotra,9,60,C,G,
5231,972/13,"???????? ?????????
br?hmala birud?va?i",,PL,Te,36.5x4,23 To 24,General,9,60,C,G,
5232,972/14,"???? ?????? ???????? ??
gu??a vibhuni narasi?galu pada",,PL,Te,36.5x4,25 To 26,General,9,60,C,G,
5233,972/15,"?????? ?????? ??
cikka?a ma?tri pada",,PL,Te,36.5x4,29 To ,General,9,60,C,G,
5234,972/16,"????? ??????
r?yani bh?skara",,PL,Te,36.5x4,30 To 31,General,9,60,C,G,
5235,972/18,"?????? ????
n?si?ha ?ataka?",,PL,Te,36.5x4,36 To 38,Stotra,9,60,C,G,
5236,972/19,"????????? ????
vijaya?puri ?ataka?",,""" ",Te,36.5x4,39 To ,Stotra,9,60,Inc.,G,
5237,972/2,"?????? ????
raghupati ?ataka?",,PL,Te,36.5x4,4 To 5,Stotra,9,60,Inc.,GO,
5238,972/20,"?????? ????
cau?appa ?ataka?",,PL,Te,36.5x4,42 To 44,Stotra,9,60,C,G,
5239,972/21,"????? ??????? ????
g?p?la cinnani padya",,PL,Te,36.5x4,45 To ,General,9,60,C,G,
5240,972/22,"?????? ???????
vi??hala hari?ataka?",,""" ",Te,36.5x4,46,Stotra,9,60,C,G,
5241,972/23,"??????? ????
nar??dra ?ataka?",,PL,Te,36.5x4,47 To ,Stotra,9,60,C,G,
5242,972/24,"???????? ????
?a?bhuli?ga ?ataka?",,PL,Te,36.5x4,48,Stotra,9,60,C,G,
5243,972/25,"???????? ????
k??ahasti ?ataka?",,PL,Te,36.5x4,49 To 52,Stotra,9,60,C,G,
5244,972/26,"??????? ????
ve?ka???a ?ataka?",,PL,Te,36.5x4,53 To 67,Stotra,9,60,C,G,
5245,972/27,"???????? ?????? ????
lalit??gi m?hini padya",,PL,Te,36.5x4,78,General,9,60,C,G,
5246,972/28,"????????
?ata?l?ki",,PL,Te,36.5x4,79 To 85,Itihasa,9,60,C,G,
5247,972/3,"????????????? ????
vikram?rkuni padya",,PL,Te,36.5x4,6 To 7,General,9,60,C,G,
5248,972/30,"???? ????
v?mana ?ataka?",,PL,Te,36.5x4,87 To 88,Stotra,9,60,Inc.,G,
5249,972/31,"?? ??? ????
bh? r?ma ?ataka?",,PL,Te,36.5x4 ,89 To 90,Stotra,9,60,C,G,
5250,972/32,"?????? ?????????
r?m?ya?a r?m???aka?",,PL,Te,36.5x4,91 To 94,Stotra,9,60,C,G,
5251,972/33,"????? ??? ??????
bukka r?ja padyalu",,PL,Te,36.5x4,95 To 97,General,9,60,C,G,
5252,972/34,"???????? ????
narasar?yani padya",,PL,Te,36.5x4 ,99 To 100,General,9,60,C,G,
5253,972/35,"??????????? ????
si?ganama?tri ?ataka?",,PL,Te,36.5x4,101,Stotra,9,60,Inc,G,
5254,972/36,"???? ?????
ga?g? kum?ra",,PL,Tu,,,Stotra,,,,,
5255,972/37,"???????? ????
tammavalya padya",,PL,Te,36.5x4 ,103 To 1 To 107,General,9,60,C,G,
5256,972/38,"?????????????????
s?ryan?r?ya????aka?",,PL,Te,36.5x4,107 To 113,Stotra,9,60,C,G,
5257,972/39,"????? ???????
g?hya pray?ga?",,PL,Te,36.5x4,114 To 115, G- Prayoga   ,9,60,C,G,
5258,972/4,"????????????????? ??????
vikram?rkuni?ini m?lik?",,PL,Te,36.5x4 ,7 To 8,General,9,60,C,G,
5259,972/40,"?????? ???????
tav??gu pray?ga?",,PL,Te,36.5x4,115 To , G- Prayoga   ,9,60,C,G,
5260,972/41,"????? ????
vai??la padya",,PL,Te,36.5x4,118 To 123,General,9,60,C,G,
5261,972/42,"??? ???? ?? ???? ????
p?la muni jana h?daya l?l?",,PL,Te,36.5x4 ,1 To 11,General,7,55,C,G,
5262,972/43,"???????????? ???
?r?k???ar?ja b?pa",,PL,Te,36.5x4,35,General,7,55,C,G,
5263,972/5,"?????? ????
bh?jar?ja padya",,PL,Te,36.5x4,9 To 10,General,9,60,C,G,
5264,972/6,"???? ????? ?????? ????
ca?paka harihara d?var?ya padya",,PL,Te,36.5x4 ,12 To ,General,9,60,C,G,
5265,972/7,"????????? ????
acyutar?ya padya",,PL,Te,36.5x4,13 To ,General,9,60,C,G,
5266,972/8,"????? ????? ????
prau?a d?varala padya",,PL,Te,36.5x4,14 To ,General,9,60,C,G,
5267,972/9,"??????????? ????
narasi?har?yalu padya",,PL,Te,36.5x4,15 To 16,General,9,60,C,G,
5268,973,"????? ???????
vaidya sa?graha?",,PL,Te,43x4,1 To 125,Vaidya,7,65,Inc.,DW,
5269,974,"???? ??????
nai?adha pur??a?",,PL,Te,25.5x2.5,1 To 108,Purana,6,50,C,GO,"Script : Telugu, Language : Telugu"
5270,975,"???????? ?????
vy?pti lak?a?a",,PL,Te,45x3.5,18Folios,Nyaya,6,75,Inc.,ODW,
5271,976,"??????? ???????
upani?at sa?graha?",,PL,Te,43x4,48leaves,Upanisat,7,95,Inc.,OD,
5272,977,"?????? ??? ???????
brahma m?dha pray?ga?",,PL,Te.,46x3.5,33Folios, G- Prayoga   ,6,75,Inc.,ODW,
5273,978,"???? ???????
k?raka prakara?a?",,PL,Te,40x3.5,11 To ,Vyakarana,6,52,Inc.,ODW ,
5274,979,"????? ???????
vaidya sa?graha?",,PL,Te,16x3.5,1 To 21,Vaidya,6,20,Inc.,OD,
5275,980,"????? ???????
vaidya sa?graha?",,PL,Te,14x3.5,30Folios,Vaidya,7,25,C ,OD,
5276,981,"???????????? ??? ??????
vi?vad?bhir?ma v?ra narasi?ha",,PL,Te,30x3,1 To 55,Kavya,4,30,C,ODW,"Script : Telugu, Language : Telugu"
5277,982,"???? ???????
gau?i pra?n?",,PL,Te,22x3.5,1 To 5,Jautisha,6,22,Inc.,OD,
5278,983,"????? ???????
vaidya sa?graha?",,PL,Te,15x3,1 To 12,Vaidya,6,20,Inc.,ODW,Telugu Language
5279,984,"????? ???????
vaidya sa?graha?",,PL,Te,9x3,1 To 6,Vaidya,4,7,C,G,""""
5280,985,"????????
m?ghasa?d??a",Mallinatha,PL,Te,42x3.5,63Folios,Kavya,6,75,Inc.,ODW,
5281,986,"??????
bh?gavata?",Mallinatha,PL,Te,41.5x3.5,1 To 236,Purana,6,76,Inc.,G ,I Skanda 
5282,987,"?? ??????
pada pustaka",,PL,Te,37x3,77folios,Nighantu,5,62,Inc.,OD,
5283,988,"???? ???????
j?taka ratn?kara",,PL,Te,36x4,2 To 48,Jautisha,6,45,Inc.,ODW,
5284,988/2,"??????????????? ????
n?mali?g?nu??sana? ??k?",Subramanya,PL,TU,31x4.5,170 To 234,Nighantu,8,40,Ine,OD,""""
5285,989,"??????????
b?lar?m?ya?a?",Subramanya,PL,Te,37x4,1 To 6,Itihasa,7,65,C,G,
5286,990,"???????? ?????? ????????
siddh??ta kaumudi vy?khy?",Bhattoji Diksita,PL,Te,44.5x3 ,1 To 123,Vyakarana,7,68,Inc.,OD,
5287,991,"????? ????????
aitar?ya br?hma?a",,PL,Te,39.5x3,1 To 187,Brahmana,6,75,C,OD,
5288,992,"?????? ????????
raghuva??a vy?khy?",Mallinatha,PL,Te,42.5x3,1 To 169,Kavya,5,65,Inc.,G,"I, II, III, IV, V Sarga"
5289,993,"??????
bh?gavata?",Mallinatha,PL,Te,44x3.5,104 To 251,Purana,6,82,Inc. ,OD,"V Skanda, 8th Adhyaya, IX Skanda, 205 "
5290,994,"????? ?????
m?ruta ma?tra",,PL,Te,39x3,150Folios,Samhita,7,67,Inc,OD,
5291,995/1,"?????????
?abdama?jari",,PL,Te,22x3.5,1 To 17,Vyakarana,6,26,C,GO ,
5292,995/2,"?????? ????????
n?si?ha st?tra?",,PL,Te,22x3.5,1 To 4,Stotra,6,26,Inc.,GO ,
5293,996,"???????????????
n?mali?g?nu??sana?",,PL,Te,20x4.5,71folios,Nighantu,6,33,Inc.,ODW,
5294,997,"?????????
bhagavadg?t?",,PL,Te,18.5x5,1 To 37,Gita,11,25,Inc.,GO ,
5295,998,"??????? ?????? ????????
lak?m? narasi?ha sahasran?ma",Vyasa,PL,Te,35x5.5 ,55Folios,Stotra,7,50,Inc.,ODW,
5296,999,"?????? ????? ???????
vidy? vaidya ?ikh?ma?i",,PL,Te,47x3,1 To 273,Vaidya,5,57,Inc.,OD,
5297,1000,"???????
r?m?ya?a?",Valmiki,PL,Te,65x5.5,1 To 297,Itihasa,10,120,Inc.,ODW,Sundara Kanda
5298,1001,"??????? ?????????
samuccaya mah?pur??a?",Valmiki,PL,N. Na,33x5,1 To 168,Jautisha,7,60,C,G,
5299,1002/1,"????? ??? ???????
agni mukha pray?ga?",,PL,N.Na,18x4,1 To 22, G- Prayoga   ,7,28,Inc.,ODW,
5300,1002/2,"???????? ?????
kany?d?na vidhi?",,PL,N.Na,18x4,1 To 7, G- Prayoga   ,7,28,Inc.,ODW,
5301,1002/3,"???????? ?????
garbh?d?na vidhi?",,PL,N.Na,18x4,1 To 5, G- Prayoga   ,7,28,Inc.,DW,
5302,1003/1,"??????????? ?????
sa?dhy?p?san? vidhi?",,PL,Tu,21x3,1 To 30, G- Prayoga   ,6,27,C,GO,
5303,1003/2,"?????? ???
n?r?ya?a bali",,PL,N.Na,21x3,1 To 10, G- Prayoga   ,6,27,C,CD ,Sauna Kiya
5304,1003/3,"???????????? ????
pr?ya?citta k???a",,PL,Tu,21x3,1 To 7, G- Prayoga   ,6,27,C,OD,
5305,1003/4,"????????????????
vy?saputr???aka?",,PL,N.Na,21x3,1 To ,Stotra,8,35,Inc.,ODW,
5306,1003/5,"????????????? ?????
?tmali?gar?dhan? vidhi?",,PL,N.Na,21x3,1 To 2,Stotra,8,35,Inc.,ODW,
5307,1004,"?????? ??????
k?rik? paddhati",,PL,N.Na,23x3.5,1 To 120,Stotra,6,33,C,G,
5308,1005,"??? ?????????
?iva mah?pur??a?",Vyasa,PL,N.Na,65x5,1 To 72,Purana,8,115,Inc.,ODW,"Scribe : Krsna Bhatta, "
5309,1006,"???????
r?m?ya?a?",Vyasa,PL,N.Na,21x5,23Folios,Itihasa,8,33,Inc.,OD,Sundara Kanda 
5310,1007,"?????? ???? ?????
navagraha p?j? vidhi?",,PL,N.Na,21x5,22Folios, pooja,8,25,Inc.,GO,
5311,1008,"????????? ???????
sth?l?p?ka pray?ga?",,PL,N.Na,21x5,8Folios, G- Prayoga   ,7,22,Inc.,GOD,
5312,1009,"???? ??????
?aunaka k?rik?",????,PL,N.Na,21x5,71Folios, G- Prayoga   ,9,27,Inc,ODW,
5313,1010,"?????? ????????????
?k?da?? vrat?dy?pana?",,PL,N.Na,21x5,8Folios,Vrata,10,35,C,ODW ,From : Bhavisottarapuran
5314,1011,"??????? ???????
pit?m?dha pray?ga?",?????? ????,PL,N.Na,36x3.5,1 To 79, G- Prayoga   ,5,48,Inc.,ODW,
5315,1012/1,"????? ???? ?????
yamun? p?j? vidhi?",,PL,N.Na,24x5,13 To 15, pooja,8,45,C,G,
5316,1012/10,"???????????? ?????
jy?ti?sta?bha vrata?",,PL,N.Na,24x5,1 To 3,Vrata,8,45,C,G,
5317,1012/11,"???????????????????
?iva???ttarast?tra?",,PL,N.Na,24x5,1 To 2,Stotra,8,45,C,G ,
5318,1012/12,"???????????? ???? ???
jy?ti?sta?bha vrata kath?",,PL,N.Na,24x5,3 To 5,Vrata-Katha,8,45,C,G,From : Bhavisottarapurana
5319,1012/13,"?????????? ?????
k???ajaya?t? vrata?",,PL,N.Na,24x5,1 To 4,Vrata,8,45,Inc.,OD,
5320,1012/2,"????????? ????
ana?tavrata? kalpa",,PL,N.Na,24x5,15 To 20,Vrata,8,45,C,G,
5321,1012/3,"???? ???????? ???? ???
ana?ta caturda?? vrata kath?",,PL,N.Na,24x5,20 To 25,Vrata-Katha,8,45,C,G,From : Bhavisottara purana
5322,1012/4,"???????????? ?????
siddhivin?yaka vrata?",,PL,N.Na,24x5,1 To 5 To 1,Vrata,8,45,C,G,
5323,1012/5,"?????? ??????? ???? ???
vin?yaka caturth? vrata kath?",,PL,N.Na,24x5,6 To 8,Vrata-Katha,8,45,C,G,""""
5324,1012/6,"????????? ????????????
citran?mi vrat?dy?pana?",,PL,N.Na,24x5,1 To 2,Vrata,8,45,Inc.,GO,
5325,1012/7,"???????????? ?????
varamah?lak?m? vrata?",,PL,N.Na,24x5,1 To 6,Vrata,8,45,Inc.,G,
5326,1012/8,"?????? ??????? ?????
sa?ka??a caturth? vrata?",,PL,N.Na,24x5,1 To 7,Vrata,8,45,C,G,
5327,1012/9,"?????? ??????? ???? ???
sa?ka??a caturth? vrata kath?",,PL,N.Na,24x5,7 To 12,Vrata-Katha,8,45,C,G,From : Naradiya purana 
5328,1013/1,"????????? ??????????
bhagavadg?t? m?h?tmya?",,PL,N.Na,16.5x4,1 To 52,Purana,8,35,Inc.,GOD,
5329,1013/2,"???????????????? ????????
r?ma???ttara?atan?ma st?tra?",,PL,N.Na,16.5x4 ,1 To 10,Stotra,8,35,C,G,
5330,1013/3,"????????????
n?si?h???aka?",Sankaracarya,PL,N.Na,16.5x4,1 To 4,Stotra,8,35,C,G,
5331,1013/4,"?????? ????????
n?si?ha st?tra?",,PL,N.Na,16.5x4,1 To 9,Stotra,8,38,Inc.,GO,
5332,1014,"????? ?????????????
lalit? sahasran?m?va?i?",,PL,N.Na,18x5,4 To 33,Stotra,6,21,Inc.,GO,
5333,1015,"??? ???????? ????????
r?ma sahasran?ma st?tra?",,PL,N.Na,21x4,23Folios,Stotra,8,32,Inc.,ODW ,
5334,1016,"??????? ???????
nak?atra c???ma?i",,PL,N. Na,43x5,19Folios,Jautisha,9,85,Inc.,ODW,
5335,1017,"????????? ??????????
ve?ka?agiri m?h?tmya?",,PL,N.Na,49x5,18 To 34,Purana,9,95,Inc.,ODW,From : Vamana Purana 
5336,1018,"???????????? ??????
pr?ya?citta prad?pa",,PL,N.Na.,42.5x5,5 To 132, G- Prayoga   ,8,70,Inc.,ODW,
5337,1019,"?????? ??????
n?rad?ya sa?hit?",,PL,N. Na,47x5,81Folios,Tantra Mantragama,8,54,Inc.,OD,
5338,1021,"??????????? ?????
sa?dhy?p?san? vidhi?",,PL,N.Na,21.5x5,10Folios, G- Prayoga   ,10,42,Inc.,ODW,
5339,1022,"??? ?????? ???????? ??????
s?ta sa?hit? t?tparya d?pik?",Madhavacarya,PL,N. Na ,50x4,7 To 250,Vishistadvaita,7,90,Inc.,ODW,
5340,1023,"????????? ??????????
ve?ka?agiri m?h?tmya?",Madhavacarya,PL,N.Na,49x5,40 To 169,Purana,9,90,Inc.,ODW ,
5341,1024,"??????? ???????? ??????
mah?bh?rata t?tparya nir?aya",Ananda Tirtha,PL,N. Na,27x5.5,4 To 233,Dvaita,11,45,Inc.,ODW,
5342,1025,"???? ?????
m?dhava vijaya?",Narayana Panditacarya,PL,N.Na,40x4.5,1 To 53,Kavya,6,80,Inc.,ODW,
5343,1026,"??????????? ?????? ????
brahmas?tra bh??ya? ??k?",Raghavendra Yati,PL,N. Na,42x4.5,39Folios,Dvaita,9,105,Inc.,ODW,
5344,1027/1,"???? ????? ???????????? ?????
ga???a pr??a prati??h?pan? ma?tra",,PL,N. Na,25x4,1 To 2,Tantra Mantragama,6,30,Inc.,DW,
5345,1027/10,"??? ????? ?????
laghu ny?sa rudra",,PL,N.Na,25x4,1 To , pooja,6,25,Inc.,G,
5346,1027/11,"??? ????? ?????
laghu ny?sa rudra",,PL,N.Na,25x4,1 To 13, pooja,6,30,Inc.,O,
5347,1027/2,"??? ?? ????
vadhu vara p?j?",,PL,N.Na,25x4,4 To 11,General,6,30,Inc.,OD,
5348,1027/3,"???????????
rudr?dhy?ya",,PL,N.Na,25x4,14 To 21,Veda - Mantra,6,30,Inc,ODW,
5349,1027/4,"?????? ????? ?????
pa?c??ga rudra ma?tra",,PL,N.Na,25x4,5 To 13,General,6,30,Inc.,O,
5350,1027/5,"?????? ??????? ?????
vin?yaka caturth? vrata?",,PL,N.Na,25x4,13 To 18,Vrata,6,30,Inc.,O,
5351,1027/6,"?????? ??????? ???? ???
vin?yaka caturth? vrata kath?",,PL,N.Na,25x4,18 To 22,Vrata-Katha,6,30,C,G,""""
5352,1027/7,"????? ????????
v?dapada st?tra?",Jaimini,PL,N.Na,25x4,22 To 46,Stotra,6,30,C,GO,""""
5353,1027/8,"????? ???????
?l?ka sa?graha?",,PL,N.Na,25x4,47 To 55,General,6,30,C,GO,
5354,1027/9,"???????????
rudr?dhy?ya",,PL,N.Na,2.5x4,1 To 20,Veda - Mantra,6,20,C,G,
5355,1028/2,"?????? ????????? ????????
vin?yaka dv?da?an?ma st?tra?",,PL,N.Na,24x4,8 To 10,Stotra,4,26,C,G,
5356,1028/3,"?????? ????????
bh?skara st?tra?",,PL,N.Na,24x4,10 To 12,Stotra,4,26,Inc.,G,
5357,1029/1,"?????????? ?????
k???ajaya?t? vrata?",,PL,N.Na,23x5,1 To 3,Vrata,9,31,Inc.,OD,
5358,1029/10,"???????? ???? ???
??ipa?cam? vrata kath?",,PL,N.Na,23x5,8 To 17,Vrata-Katha,9,30,C,G,""""
5359,1029/11,"?????????? ?????
svar?agaur? vrata?",,PL,N.Na,23x5,1 To 6 To 1,Vrata,9,30,C,G,
5360,1029/12,"?????????? ???? ???
svar?agaur? vrata kath?",,PL,N.Na,23x5,6 To 1 To 8,Vrata-Katha,9,30,Inc.,GO,""""
5361,1029/2,"???????????????????
vi??usahasran?m?va?i?",,PL,N.Na,23x5,1 To 8,Stotra,9,38,C,G ,
5362,1029/3,"???????? ?????
ma?ga?agaur? vrata?",,PL,N.Na,23x5,1 To 4,Vrata,9,30,C,G,
5363,1029/4,"???????? ???? ???
ma?ga?agaur? vrata kath?",,PL,N.Na,23x5,4 To 10,Vrata-Katha,9,30,C,G,From : Skanda purana
5364,1029/5,"????????????? ?????
?r?va?adv?da?? vrata?",,PL,N.Na,23x5,1 To 4,Vrata,9,30,C,G,
5365,1029/6,"????????????? ???? ???
?r?va?adv?da?? vrata kath?",,PL,N.Na,23x5,5 To 10,Vrata-Katha,9,30,C,G,From : Bhavisottara purana
5366,1029/7,"????????? ?????
am?s?mav?ra vrata?",,PL,N.Na,23x5,1 To 2,Vrata,9,30,Inc.,G,
5367,1029/8,"???????? ???? ???
amas?mav?ra vrata kath?",,PL,N.Na,23x5,9 To 16,Vrata-Katha,9,30,Inc.,G,From : Bhavisottara purana
5368,1029/9,"???????? ?????
??ipa?cam? vrata?",,PL,N.Na,23x5,1 To 8,Vrata,9,30,C,G,
5369,1030,"??????? ???????? ??????
mah?bh?rata t?tparya nir?aya",,PL,N. Na,28.5x5,1 To 219,Dvaita,9,55,Inc.,ODW ,
5370,1031/1,"??????????????????
?v?t??vatar?pani?at",,PL,N.Na,34x3.5,1 To 11,Upanisat,6,38,Inc.,OD,
5371,1031/2,"?????????????????? ?????
?v?t??vatar?pani?at vivara?a",,PL,N.Na,34x3.5,12 To 91,Upanisat,6,38,Inc.,DW,
5372,1032,"???? ??????? ??????
???a?a ?r?ddha pray?ga",,PL,N.Na,35x5,38 To 195, G- Prayoga   ,7,60,Inc,DW,
5373,1033,"?????? ??????
?gv?da sa?hit?",,PL,N.Na,49x5,5 To 38,Samhita,7,95,Inc,ODW,
5374,1034,"??????? ???? ???
lak?m? vrata kath?",,PL,N.Na,24x5,4 To 9,Vrata-Katha,6,37,Inc. ,O,
5375,1035,"??? ???? ?????
d?va p?j? vidhi?",,PL,N.Na,34x4.5,32Folios, pooja,7,60,Inc. ,DW,
5376,1036,"????? ???????????? ?????
d?vat? prati??h?pan? vidhi?",,PL,N. Na,34x5,19Folios,Tantra Mantragama,8,45,Inc.,DW,
5377,1037,"??????? ???
sa?vatsara ?la?",,PL,N. Na,22x4.5,1 To 8,Jautisha,9,38,Inc.,O ,
5378,1038,"??? ??????????
m?gha m?h?tmya?",,PL,N.Na,27.5x5,36 To 72,Purana,10,55,Inc.,ODW ,
5379,1039,"????? ??? ???????
agni janana pray?ga?",,PL,N.Na,21.5x3,19Folios, G- Prayoga   ,5,35,Inc.,ODW,
5380,1040,"????? ??? ???????
agni mukha pray?ga?",,PL,N.Na,18x4,13Folios, G- Prayoga   ,7,25,Inc.,OD,
5381,1041/1,"???? ?????
d?v? s?kta",,PL,TU,17x4,47 To 47 To 1,Veda - Mantra,8,25,C,O,
5382,1041/10,"??? ?????
d?va s?kta",,PL,Tu,17x4,92 To 1 To 99,Veda - Mantra,8,25,Inc.,O,
5383,1041/11,"?????? ?????
vi??u s?kta",,PL,Tu,17x4,82 To 88,Veda - Mantra,8,25,C,O,
5384,1041/12,"????? ?????
puru?a s?kta",,PL,Tu,17x4,88 To 89,Veda - Mantra,8,25,C,O,
5385,1041/13,"??????? ?????
aghamar?ana s?kta",,PL,TU,16x4,89 To 91,Veda - Mantra,8,25,C,GO,
5386,1041/14,"???? ?????
ap?na ma?tra",,PL,Tu,17x4,91 To 91 To 1,Veda - Mantra,8,25,C,G,
5387,1041/15,"??????? ?????
naiv?dya ma?tra",,PL,TU,17x4,91 To 1 To 92,Tantra Mantragama,8,25,C,O,
5388,1041/17,"??????? ??? ?????
svasti ?k ma?tra",,PL,TU,17x4,99 To 1 To 100,Veda - Mantra,8,25,C ,O,
5389,1041/18,"??????? ?????
saubh?gya ma?tra",,PL,Tu,17x4,100 To 102,Veda - Mantra,8,25,C,O,
5390,1041/19,"????????? ?????
l?pamudr? s?kta",,PL,Tu,17x4,102 To 1 To 103,Veda - Mantra,8,25,C,O,
5391,1041/2,"??????? ?????
lak?m? s?kta",,PL,Tu,17x4,47 To 1 To 51,Veda - Mantra,8,25,C,O,
5392,1041/20,"????? ?????
k??ra s?kta",,PL,Tu,17x4,103 To 103 To 1,Veda - Mantra,8,25,C,O,
5393,1041/21,"??? ?????
dadhi s?kta",,PL,Tu,17x4,104 To ,Veda - Mantra,8,25,C,O,
5394,1041/22,"??? ?????
gh?ta s?kta",,PL,TU,17x4,104 To 1 To 105,Veda - Mantra,8,25,C,O,
5395,1041/23,"??? ?????
madhu s?kta",,PL,TU,17x4,105 To ,Veda - Mantra,8,25,C,G,
5396,1041/24,"????? ?????
?arkara s?kta",,PL,Tu,17x4,105 To 1 To 106,Veda - Mantra,8,25,C,O,
5397,1041/25,"?? ?????
?la s?kta",,PL,TU,17x4,106 To 107,Veda - Mantra,8,25,C,G,
5398,1041/26,"???????? ?????
vai?vad?va s?kta",,PL,Tu,17x4,107 To 108 To 1,Veda - Mantra,8,25,C,G,
5399,1041/27,"??????? ???
pavitr? ?k",,PL,Tu,17x4,108 To 1 To 109,Veda - Mantra,8,25,C,O,
5400,1041/28,"?????? ?????
samudra s?kta",,PL,Tu,17x4,109 To 110,Veda - Mantra,8,25,C,G,
5401,1041/29,"?????? ?????
r?tri s?kta",,PL,Tu,17x4,110 To 112,Veda - Mantra,8,25,C,G,
5402,1041/3,"????? ?????
?r?abha s?kta",,PL,Tu,17x4,52 To 53,Veda - Mantra,8,25,C,O,
5403,1041/30,"????? ?????
manyu s?kta",,PL,Tu,17x4,112 To 1 To 115,Veda - Mantra,8,25,Inc,O,
5404,1041/31,"???? ?????
sarpa s?kta",,PL,Tu,17x4,115 To 116 To 1,Veda - Mantra,8,25,C,O,
5405,1041/32,"?????? ?????
?yu?ya s?kta",,PL,Tu,17x4,116 To 1 To 117,Veda - Mantra,8,25,C,G,
5406,1041/33,"?????????? ?????
k??r?bdhi s?kta",,PL,Tu,17x4,117 To 1 To 118,Veda - Mantra,8,25,C,O,
5407,1041/34,"?????? ?????
samudra s?kta",,PL,Tu,17x4,118 To 120,Veda - Mantra,8,25,Inc.,O,
5408,1041/35,"???? ?????
n??i s?kta",,PL,Tu,17x4,120 To 121,Veda - Mantra,8,25,C,O,
5409,1041/36,"??????? ?????
a?vattha s?kta",,PL,Tu,17x4,121 To 122,Veda - Mantra,8,25,C,OD,
5410,1041/37,"??? ?????
gh?ta s?kta",,PL,TU,17x4,122 To 123,Veda - Mantra,8,25,C,O,
5411,1041/38,"?????? ???
?r?dhan? ?k",,PL,Tu,17x4,123 To 1 To 124,Veda - Mantra,8,25,C,O,
5412,1041/39,"??????????? ?????
ma?tr?k?ate ma?tra",,PL,Tu,17x4,124 To 125,Veda - Mantra,8,25,C,O,
5413,1041/4,"??? ???????? ?????
m?ta sa?j?vini s?kta",,PL,Tu,27x4,54 To 55,Veda - Mantra,8,25,C,O,
5414,1041/40,"?????? ?????
navagraha ma?tra",,PL,Tu,17x4,125 To 129,Veda - Mantra,8,25,C,O,
5415,1041/41,"??????? ???
up?karma ?k",,PL,Tu,17x4,129 To 132,Veda - Mantra,8,25,C,OD,
5416,1041/42,"???? ??? ???
sapta ??i ?k",,PL,TU,17x4,132 To 133,Veda - Mantra,8,25,C,OD,
5417,1041/43,"?? ?????
yama s?kta",,PL,Tu,17x4,133 To 138,Veda - Mantra,8,25,C,OD,
5418,1041/44,"?????? ?????
r?tri s?kta",,PL,Tu,17x4,138 To 139,Veda - Mantra,8,25,C,O,
5419,1041/45,"???? ?????
v?yu s?kta",,PL,Tu,17x4,139,Veda - Mantra,8,25,C,O,
5420,1041/46,"????? ?????
gr?ma s?kta",,PL,Tu,17x4,139 To 140,Veda - Mantra,8,25,C,O,
5421,1041/47,"?????????? ?????
citragupta s?kta",,PL,Tu,17x4,141 To ,Veda - Mantra,8,25,C,G,
5422,1041/48,"??? ?????
hari s?kta",,PL,TU,17x4,141 To 1 To 143,Veda - Mantra,8,25,Inc. ,O,
5423,1041/5,"???? ?????
?r? s?kta",,PL,TU,17x4,55 To 1 To 59,Veda - Mantra,8,25,C,O,
5424,1041/6,"??????? ?????
sarasvat? s?kta",,PL,Tu,17x4,59 To 64,Veda - Mantra,8,25,C,OD,
5425,1041/7,"??????? ?????
svasti s?kta",,PL,Tu,17x4,64 To 1 To 65,Veda - Mantra,8,25,C,O,
5426,1041/8,"??? ??? ?????
mah? saura s?kta",,PL,Tu,17x4,65 To 1 To 70,Veda - Mantra,8,25,Inc,GO,
5427,1041/9,"??? ????
saura varga",,PL,TU,17x4,71 To 77,Veda - Mantra,8,25,Inc.,O,
5428,1042/1,"????? ????? ?????
asthi sa?cayana vidhi?",,PL,Tu,20x4.5,7Folios, G- Prayoga   ,8,40,Inc. ,OD,
5429,1042/2,"????? ???????
vaidya sa?graha?",,PL,Tu,22x4.5,6folios,Vaidya,8,40,Inc.,OD,
5430,1042/3,"?? ????
?ya ga?ita",,PL,TU,22x4.5,17Folios,Ganita,8,40,Inc.,O,
5431,1043,"??????
?ubha?la?",,PL,N. Na,16x4,3Folios,Jautisha,4,25,C,G,
5432,1044,"???? ??????????
d?v? m?h?tmya?",Vyasa,PL,Tu,17.5x4,46Folios,Purana,6,20,Inc.,O,
5433,1045,"????? ???????
vaidya sa?graha?",,PL,Tu,20.5x5,45folios,Vaidya,12,30,Inc.,ODW,Kannada language
5434,1046,"????????????????
taittiriy?ra?yaka?",,PL,“,25x5,18 To 56,aranyaka,9,27,Inc.,GO,
5435,1047,"???? ????? ?????
sarva d?vat? ma?tra",,PL,Tu,24x4,61Folios,Veda - Mantra,8,35,Inc.,DW,
5436,1048,"???? ????? ?????
sarva d?vat? ma?tra",,PL,Tu,24x4,55Folios,Veda - Mantra,9,38,Inc.,OD,
5437,1049,"????? ?????? ????????
par??ara sm?ti vy?khy?",,PL,TU,54x5.5,2 To 54,Smriti,12,85,Inc.,OD ,
5438,1050/1,"????????? ??????
bhagavadg?t? bh??ya?",Ramacandra Tirtha,PL,Tu,34x6,1 To 117,Gita,13,47,Inc.,OD,
5439,1050/2,"????? ??????
ma?tra binnaha",,PL,TU,34x6,11 To 38,Tantra Mantragama,13,47,Inc.,OD,Kannada Language 
5440,1051,"???????????????
n?mali?g?nu??sana?",,PL,Mal,30x4.5,110folios,Nighantu,9,45,Inc.,ODW,
5441,1052,"??? ?????
r?ma carita?",,PL,Mal,23x4,94Folios,Gadya - Katha,9,42,Inc.,GO,
5442,1053,"??????? ???????
pra?n? ??stra",,PL,Mal,23.5x4,37Folios,Jautisha,10,45,Inc.,OD,
5443,1054,"??????
r?makath?",,PL,Mal,26x5,145Folios,Gadya - Katha,10,50,Inc.,GO,"Script, Language : Malayalam"
5444,1055,"????? ????
ga?apati p?j?",,PL,Mal,17x4,1 To 113, pooja,9,25,Inc.,O,
5445,1056,"????????? ????????
taittir?ya br?hma?a",,PL,Mal,35x4,65Folios,Brahmana,5,42,Inc.,OD,
5446,1057,"????? ???????
vaidya sa?graha?",,PL,Mal,30x4.5,58folios,Vaidya,7,30,C ,G,
5447,1058,"????? ???????
vaidya sa?graha?",,PL,Mal,36x5,82folios,Vaidya,7,38,Inc.,O,Language malayala
5448,1059,"???????????????
n?mali?g?nu??sana?",,PL,Mal,26x4,33folios,Nighantu,9,40,Inc.,ODW,
5449,1060,"??????
r?makath?",,PL,Mal,38x4,188Folios,Gadya - Katha,9,70,Inc.,OD,""""
5450,1061,"??? ?????
r?ma carita?",,PL,Mal,37x4,184Folios,Gadya - Katha,9,60,Inc.,OD ,
5451,1062,"???????????????
adhy?tmar?m?ya?a?",,PL,Mal,37x5,151Folios,Itihasa,10,61,C,GO,
5452,1063,"????? ?????
k???a carita?",Mayura,PL,Mal,37x4,136Folios,Gadya - Katha,11,57,C,O,"Script : Malayalam, Language : "
5453,1064,"???????????????
adhy?tmar?m?ya?a?",,PL,Mal,43x4.5,145Folios,Itihasa,9,67,Inc.,OD,Sundara kanda
5454,1065,"???????????????
adhy?tmar?m?ya?a?",,PL,Mal,37.5x4,162Folios,Itihasa,10,70,Inc.,O,Aranya Kanda
5455,1066,"???????????? ?????
prati??h?pan? vidhi?",,PL,Mal,38x5,26Folios,Tantra Mantragama,9,45,Inc.,DW,
5456,1067/1,"?????????
m?ta?gal?l?",Nilakanta,PL,Mal,34x5,26Folios,Vaidya,11,55,Inc.,GO,
5457,1067/2,"???????? ?????
dhanva?tari ma?tra",,PL,Mal,34x5,2Folios,Vaidya,11,55,C,G,
5458,1067/3,"???????? ?????
vi?akul?la lak?a?a",,PL,Mal,34x5,2 To ,Vaidya,11,55,Inc.,O,
5459,1067/4,"??? ?????
d?ta lak?a?a",,PL,Mal,34x5,6Folios,Vaidya,11,55,Inc.,OD,
5460,1068,"???? ???????
n??i vijñ?na",Kanadamuni,PL,Mal,34x5,105Folios,Vaidya,10,50,Inc.,ODW,
5461,1069,"??????? ??????
a????ga sa?graha",??????,PL,Mal,35x5.5,1 To 261,Vaidya,,,,,
5462,1070,"??????
raghuva??a",Kalidasa,PL,Mal,24x4,148Folios,Kavya,9,30,Inc.,ODW ,
5463,1071," ???? ??????
 p?j? vidh?na?",,PL,Mal,19x4.5,62Folios, pooja,13,35,Inc. ,ODW,
5464,1072,"??????? ??????
nak?atra prak?ra",,PL,Mal,24.5x4,24Folios,Jautisha,5,35,Inc. ,DW,
5465,1073,"??????? ???????
?r?ddha pray?ga?",,PL,Mal,28x4.5,71Leaves, G- Prayoga   ,9,40,Inc ,ODW,
5466,1074/1,"???? ?????????
bh??? ?ilparatna",,PL,Mal,20.5x5,1 To 8,Shilpa,10,32,C,G,
5467,1074/2,"?????? ?????
balip??ha vidhi?",,PL,Mal,20.5x5,1 To 42,Shilpa,10,32,C,G,
5468,1074/3,"???????? ?????? ???????
g?ha??lya v?stu ??stra",,PL,Mal,20.5x5,1 To 34,Vastu,10,32,C,G,
5469,1075,"?????
da?a?la?",,PL,Mal,33x5,14Folios,Jautisha,13,55,Inc.,OD ,
5470,1076,"????????? ????????
bhagavadg?t? vy?khy?",,PL,Mal,18x5,1 To 110,Gita,10,36,C,G,
5471,1077,"???? ???
j?taka ?la?",,PL,Mal,36x5,40Folios,Jautisha,10,60,Inc.,O,
5472,1078,"??????? ???????
?r?ddha pray?ga?",,PL,Mal,35x4.5,10, G- Prayoga   ,8,50,Inc,O,
5473,1079,"???????? ?????? ????????
adhy?tma r?m?ya?a vy?khy?",," """,Mal,35x4.5,23Folios,Itihasa,10,55,Inc.,ODW ,
5474,1080,"??????? ?????
m??galya s?kta",,PL,Mal,24.5x3.5,29Folios,Veda - Mantra,10,35,Inc,ODW,
5475,1081,"????? ???? ???????
tami?u gadya sa?graha?",,PL,Tamil,22x2.5,65Folios,General,6,35,Inc.,OD,"Script : Tamil, Language tamil"
5476,1082,"????????
mah?bh?rata?",,PL,GR,37x3,246Folios,Itihasa,7,58,Inc.,ODW,
5477,1083/1,"?????????? ???? ???
um?mah??vara vrata kath?",,PL,GR,38x4,2 To 6,Vrata-Katha,8,50,Inc.,ODW,""""
5478,1083/10,"??????? ???? ???
sarasvat? vrata kath?",,PL,GR,38x4,60 To 63,Vrata-Katha,8,50,Inc.,G,From : Skanda purana
5479,1083/11,"???????? ?????
ma?ga?agaur? vrata?",,PL,GR,38x4,64 To 67,Vrata,8,50,C,G,
5480,1083/12,"???????? ???? ???
ma?ga?agaur? vrata kath?",,PL,GR,38x4,67 To 71,Vrata-Katha,8,50,C,G,
5481,1083/13,"?????????? ?????
k???ajaya?t? vrata?",,PL,GR,38x4,71 To 79,Vrata,8,50,C,DW,From: Skandapurana
5482,1083/14,"?????????? ?????
svar?agaur? vrata?",,PL,GR,38x4,80 To 82,Vrata,8,50,C,G,
5483,1083/15,"?????????? ???? ???
svar?agaur? vrata kath?",,PL,GR,38x4,82 To 83,Vrata-Katha,8,50,C,G,""""
5484,1083/2,"???????????? ?????
varamah?lak?m? vrata?",,PL,GR,38x4,7 To 11 To 1,Vrata,8,50,C,ODW,
5485,1083/3,"???????????? ???? ???
varamah?lak?m? vrata kath?",,PL,GR,38x4,12 To 13,Vrata-Katha,8,50,C,OD,
5486,1083/4,"?????? ??????? ?????
vin?yaka caturth? vrata?",,PL,GR,38x4,14 To 18,Vrata,8,50,C,G,
5487,1083/5,"?????? ???? ???
vin?yaka vrata kath?",,PL,GR,38x4,18 To 1 To 21,Vrata-Katha,8,50,C,G ,
5488,1083/6,"????????????????
syama?tak?p?khy?na?",,PL,GR,38x4,21 To 29,Purana,8,50,Inc.,O,From : Mankandya Purana
5489,1083/7,"?????? ?????
gajagaur? vrata?",,PL,GR,38x4,29 To 32,Vrata,8,50,C,G,
5490,1083/8,"?????? ???? ???
gajagaur? vrata kath?",,PL,GR,38x4,32 To 35 To 1,Vrata-Katha,8,50,C,G,From : Skanda purana
5491,1083/9,"??? ????????? ?????
bh?ma am?v?sy? vrata?",,PL,GR,38x4,35 To 1 To 37,Vrata,8,50,Inc. ,G,
5492,1084,"???? ??????????
d?v? m?h?tmya?",,PL,GR,30x4,19Folios,Purana,10,38,Inc.,ODW ,""""
5493,1085,"????? ?????
tami?u ukti",,PL,Tamil,19.5x3,1 To 120,General,6,16,C,ODW,
5494,1086,"???????? ?????
???rv?da ma?tra",,PL,GR,36x5.5,34Folios,Veda - Mantra,13,60,Inc.,OD,
5495,1087,"????? ??????
tami?u k?vya?",,PL,Tamil,22.5x3,26Folios,General,6,28,Inc.,OD,
5496,1088,"????? ??????
tami?u k?vya?",,PL,Tamil,15x3,120Folios,General,8,22,Inc,ODW,
5497,1089,"????? ?????
tami?u ukti",,PL,Tamil,28x2,215Folios,General,5,45,Inc.,DW,""""
5498,1090,"????????????????
taittiriy?ra?yaka?",,PL,GR,44.5x4,37Leaves,aranyaka,8,70,Inc.,ODW,
5499,1091,"????? ???? ???????
tami?u gadya sa?graha?",,PL,Tamil,27x3,90,General,8,50,Inc.,DW,""""
5500,1101,"?????? ??????????
k?v?ri m?h?tmya?",,PL,GR,39x3,32Folois,Purana,6,45,Inc.,DW ,
5501,1102,"???????
r?m?ya?a?",,PL,GR,46x5,46Folios,Itihasa,12,65,Inc.,ODW ,
5502,1103,"???????? ?????
vai?vad?va vidhi?",,PL,GR,4.6x5,22Folios, G- Prayoga   ,7,50,Inc,DW,
5503,1104,"??????? ??????
nak?atra prak?ra",,PL,GR,41x3,53folios,Jautisha,8,50,Inc.,ODW,
5504,1105/1,"??? ????
k?la vi?aya",,PL,GR,39x4,142 To 149,Jautisha,8,50,Inc. ,ODW,
5505,1105/2,"????? ???????????? ?????
d?vat? prati??h?pan? vidhi?",,PL,GR,39x4,150 To 154,Tantra Mantragama,8,50,Inc.,ODW,
5506,1105/3,"??? ?????? (??????)
k?la nir?aya (m?dhav?ya)",,PL,GR,39x4,159 To 162,Jautisha,8,50,Inc.,DW ,
5507,1106,"??????? ??????
nak?atra nigha??u",,PL,GR,43x4,27 To 140,Jautisha,8,55,Inc.,OD ,
5508,1107,"????????? ???????
g?hyakarma pray?ga?",,PL,GR,39x3.5,68 To 172, G- Prayoga   ,9,47,Inc.,ODW,
5509,1108,"??????????? ?????
sa?dhy?p?san? vidhi?",,PL,GR,29x4,119 To 124, G- Prayoga   ,7,40,Inc.,OD,
5510,1109,"??? ?????????
d?va p?j?vidh?na",,PL,GR,38x3.5,63 To 99,Tantra Mantragama,6,45,Inc.,ODW ,
5511,1110,"??? ????? ????
pa?ca kum?ra p?j?",,PL,GR,40x3,64Folios,Jaina,5,45,Inc.,ODW,
5512,1111,"????????? ????????
ratnakara??aka vy?khy?",,PL,GR,38.5x2.5,95Folios,Jaina,5,56,Inc.,OD,
5513,1112,"???????????????
n?mali?g?nu??sana?",,PL,GR,43x3,53folios,Nighantu,5,36,Inc.,OD,
5514,1113,"???????
r?m?ya?a?",,PL,GR,41x3,136Folios,Itihasa,7,52,Inc.,ODW,Sundara Kanda
5515,1114,"???????? ????? ????????
na?d??vara bhakti vy?khy?",Samantha Bhadra,PL,GR ,49x3.5,206Folios,Jaina,7,70,C,ODW,
5516,1115,"?????? ????????
samayas?ra vy?khy?",,PL,GR,47x3.5,258Folios,Jaina,7,80,Inc.,ODW,
5517,1116,"???? ?????? ??????
v??abha sv?mi pur??a?",,PL,GR,46x4,301Folios,Jaina,9,65,Inc.,DW,
5518,1117,"?????? ???
n?pan?tha kath?",Mayura,PL,Ta,27x3,327Folios,Gadya - Katha,7,40,Inc.,ODW,"Script : Tamil, Language : Tamil"
5519,1118,"?????? ????
r?m?ya?a ca?p?",Bhota Raja,PL,GR,47x3.5,23Folios,Campu,7,65,Ine,OD,
5520,1126,"???? ?????
aru?a s?kta",,PL,TU,26x5,37Folios,Veda - Mantra,9,38,Inc.,OD,
5521,1127,"????? ??????
g?hya k?rik?",,PL,Tu,18x5.5,2 To 100, G- Prayoga   ,10,27,Inc.,OD,
5522,1128,"??????? ???????
?r?ddha pray?ga?",,PL,TU,24.5x3,36Folios, G- Prayoga   ,7,22,Inc,DW,
5523,1129,"??????? ????????
sadvi??a br?hma?a",,PL,Tu,38x5,12Folios,Brahmana,8,43,Inc,OD,
5524,1130,"?????? ???????
v?stu pray?ga?",,PL,Tu,27x5,1 To 14, G- Prayoga   ,12,47,C,OD,
5525,1131,"????????????????
taittiriy?ra?yaka?",,PL,“,20x5,1 To 60,aranyaka,7,25,Inc.,OW,
5526,1132,"?????? ?? ?????
v?d?di japa ma?tra",,PL,Tu,20x5.5,1 To 62,Veda - Mantra,7,35,C,OD,
5527,1133,"??????? ???????
pu?y?ha pray?ga?",,PL,Tu,21x4.5,1 To 19, G- Prayoga   ,7,30,Inc.,OD,
5528,1134,"?????? (??????) 
pa?c??ga (pramathi) ",,PL,TU,22x3.5,1 To 21,Jautisha,9,32,C ,G,"Sa-1741, Year-1820"
5529,1135,"?????? ???
?aiv?gama s?ra",,PL,TU,23 .5x5,55Folios,Shaivagama,10,30,Inc.,ODW,
5530,1136/2,"??????? ?????? ????
lak?m? n?r?ya?a h?daya",,PL,TU,10.5x5.5,1 To 17,Stotra,15,16,C,G,
5531,1137,"????????? ?????????? ????????
taittir?ya prati??khya vy?khy?",,PL,TU,37x3.5,1 To 73,Vedanga,7,60,Inc.,OD,
5532,1138,"????? ?????
sa?cayana vidhi?",,PL,Tu,36x5,23Folios, G- Prayoga   ,13,55,Inc.,ODW,
5533,1139/1,"??? ???? ???? ??????
kuja r?hu sa?dhi ???ti?",,PL,Tu,27.5x4.5,1 To 5,Shanti,8,35,C,G,
5534,1139/2,"??? ??????
udaka ???ti?",,PL,Tu,27.5x4.5,6 To 15,Shanti,8,35,C,GO,
5535,1140,"???????????? ????
siddhivin?yaka p?j?",,PL,TU,27.5x4,2 To 16, pooja,7,25,Inc.,OD,
5536,1141,"????? ????????
v?dapada st?tra?",Jaimini,PL,TU,17x5,1 To 14,Stotra,9,23,Inc.,DW,
5537,1142,"?????????
?a?bh?pad??a?",Yogindra Cudamani,PL,TU,23.5x5 ,9Folios,Kavya,11,45,Inc.,OD,"Script : Tulu, Language : Kannada"
5538,1143,"??????????
i?dras?kta",,PL,Tu,26.5x5,15 To 19,Veda - Mantra,8,32,Inc.,GO,
5539,1144,"??????? ????
ve?ka???a kalpa",,PL,Tu,17x5,10Folios, pooja,12,18,Inc.,OD,
5540,1145,"???? ????
?vara?a p?j?",,PL,TU,19.5x4,18Folios, pooja,6,18,Inc. ,OD,
5541,1146,"??? ???? ?????
d?va p?j? vidhi?",,PL,Tu,15x5,7 To 29, pooja,9,18,Inc.,OD,
5542,1147,"?????? ?????
ny?sa? vidhi?",,PL,Tu,20.5x4.5,13Folios, pooja,10,28,Inc. ,DW,
5543,1148,"??????
?ubha?la?",,PL,N. Na,26x3, To ,Jautisha,11,27,Inc.,OD,
5544,1149,"????????????????
taittiriy?ra?yaka?",,PL,“,24x5,1 To 10,aranyaka,8,38,Inc.,O,"I,II & III Prasna"
5545,1150,"??????? ???
sa?vatsara ?la?",,PL,TU,23x3.5,1 To 8,Jautisha,9,38,Inc.,DW ,
5546,1151," ???? ??????
 p?j? vidh?na?",,PL,Tu,21x5,11Folios, pooja,13,28,Inc.,OD,
5547,1152,"????? ??????
gr?ma paddhati",,PL,Tu,27x6,3folios,General,14,50,Inc.,O,
5548,1153,"????????? ????
???a??pac?ra p?j?",,PL,Tu ,20x5,6Folios, pooja,13,26,Inc.,OD,
5549,1154,"???????????
sam?saprakara?a?",,PL,TU,24.5x4,14Folios,Vyakarana,6,32,Inc.,O,
5550,1155,"????? ?????
k?aura vidhi?",,PL,TU,16x5,1 To 5, G- Prayoga   ,8,20,Inc.,OD,
5551,1156,"????????? ????????
v?g??var? st?tra?",,PL,TU,20x5,10Folios,Stotra,11,32,Inc.,DO,
5552,1157,"??? ???? ?????
d?va p?j? vidhi?",,PL,Tu,22x4,8Folios, pooja,6,17,Inc.,OD,
5553,1159,"??????????? ?????
sa?dhy?p?san? vidhi?",,PL,Tu,21x4.5,14folios, G- Prayoga   ,7,30,Inc. ,GO,
5554,1160,"??????? 
sadvi??a ",,PL,Tu,19x5,1 To 79,aranyaka,8,25,Inc. ,OD,
5555,1161,"???? ??????? ?????????
tarka sa?graha? prak??ik?",,PL,TU,23.5x5,1 To 51,Nyaya,13,48,C,GO,
5556,1162,"????? ?????????
k???a yajusa?hit?",,PL,Tu,29x5,32Folios,Samhita,6,25,Inc.,OD,
5557,1163/1,"??????? ?????
pra?n? m?rga",,PL,TU,20x4.5,1 To 18,Jautisha,9,25,C,OD,
5558,1163/2,"??????????? ?????
d?v?nuk?lya vidhi?",,PL,Tu,20x4.5,1 To 6, G- Prayoga   ,9,25,Inc.,O,
5559,1163/3,"????? ???????
ma?tra sa?graha?",,PL,Tu,20x4.5,11Folios,Veda - Mantra,9,25,Inc,CD,
5560,1164/1,"?????? ????????
pray?ga ratnam?l?",???????? ????,PL,Tu,34x5,9 To 121, G- Prayoga   ,9,50,Inc.,OD,
5561,1164/2,"??? ????????? ??????
k?la m?tyu?jaya ???ti?",,PL,Tu,34x5,1 To 4,Shanti,9,50,C,G,
5562,1164/3,"??? ?????
gh?ta s?kta",,PL,TU,34x5,3Folios,Veda - Mantra,4,50,C,G,
5563,1165/1,"?????? ????? ??????
vi??u ga??uga ???ti?",,PL,Tu,22x5,3 To 10 To 1,Shanti,8,22,Inc.,O,
5564,1165/2,"???????? ????? ??????
m?ttik? sn?na nir?aya",,PL,TU,22x5,10 To 1 To 19, G- Prayoga   ,8,22,Inc.,O,
5565,1165/3,"??? ???? ?????
n?ga p?j? vidhi?",,PL,Tu,22x5,30 To 32, G- Prayoga   ,8,22,Inc. ,O,
5566,1166,"????????? ????
???a??pac?ra p?j?",,PL,Tu ,21x4,2 To 50, pooja,5,20,Inc.,OD,
5567,1167,"???? ??????
tithi nir?aya",,PL,TU,55x4,6Folios,Jautisha,6,85,Inc.,OD ,
5568,1168,"?????? ????????
pray?ga ratnam?l?",???????? ????,PL,Tu,24.5x5,1 To 225, G- Prayoga   ,6,32,Inc.,OD,
5569,1169,"??????? ????? ????
pra?n? m?rga ??k?",,PL,""" ",42x4.5,1 To 167,Jautisha,9,52,C,G,"Scribe: Narayana, Script: Tulu, Tika "
5570,1170,"??????
bh?gavata?",,PL,Tu,53x6,"1 To 92,7 To 187",Purana,11,70,Inc.,OD ,
5571,1171,"????? ?????? ????????
par??ara sm?ti vy?khy?",,PL,TU,37x4.5,1 To 23/1 To 95,Smriti,12,57,Inc. ,O,Script : Tulu Tika Language : Kannada 
5572,1172,"???????? ??? ??????
k??m???a h?ma pray?ga",,PL,Tu,38x5,1 To 6, G- Prayoga   ,8,58,C,OD,
5573,1172/1,"??????? ???????
pit?m?dha pray?ga?",????????,PL,Tu,38x5,1 To 70, G- Prayoga   ,8,58,C,OD,
5574,1172/2,"?????? ???
n?r?ya?a bali",,PL,Tu,38x5,1 To 2, G- Prayoga   ,8,58,C,OD,
5575,1173,"??????? ???????
?r?ddha pray?ga?",,PL,TU,36x5.5,1 To 46, G- Prayoga   ,9,45,C,OD,
5576,1174,"?????? ????? ??? ??????
nir?aya si?dhu s?ra sa?graha",?????? ????,PL,Tu,35x4.5 ,1 To 114, G- Prayoga   ,8,42,C,ODW,
5577,1175,"??????????????
s?tum?h?tmya?",?????? ????,PL,Tu,32x4,1 To 70,Purana,6,35,Inc.,OD,""""
5578,1176,"????????? ????????
b?hajj?taka vy?khy?",,PL,TU,33x4.5,121Folios,Jautisha,11,45,Inc.,GOD,"Script: Tulu, Kannada Language"
5579,1177,"???????
r?m?ya?a?",,PL,Tu,39x5,1 To 50,Itihasa,12,60,Inc. ,OD,Kiskinda Kanda
5580,1178,"???? ????????
?abda r?p?va?i?",,PL,TU,37x5,1 To 11,Vyakarana,13,55,Inc.,ODW,
5581,1179,"????????? ????????
b?hajj?taka vy?khy?",,PL,TU,39x5,1 To 21,Jautisha,11,58,Inc.,OD,
5582,1180,"??? ?????? (??????)
k?la nir?aya (m?dhav?ya)",,PL,TU,39x5,27Folios,Jautisha,17,78,Inc.,GO ,
5583,1181,"??? ?????? ?????
udaka ???ti? vidhi?",,PL,Tu,36x5,1 To 99, G- Prayoga   ,7,45,C,OD,
5584,1182,"??????? ????? ????????
muh?rta dar?ana vy?khy?",,PL,TU,33x5.5,1 To 154,Jautisha,9,36,Inc.,ODW,"Script: Tulu, Kannada Vyakhya"
5585,1183,"????? ??????????
agni k?ryavidhi?",,PL,TU,23.5x5.5,1 To 77, G- Prayoga   ,11,28,C,O,
5586,1184/1,"????? ??????? ?????
agni t?jasvi ma?tra",,PL,TU,39x5.5,1 To 7 To 1, G- Prayoga   ,7,50,C,G,
5587,1184/10,"????????
abhi?rava?a",,PL,TU,39x5.5,26 To 42,Tantra Mantragama,7,50,C,G,
5588,1184/11,"??????
citti",,PL,TU,39x5.5,42 To 1 To 49,Vedanga,7,50,C,G,From : Aranyakato Tritiya Prasna Scribe : Vittala
5589,1184/12,"??????
?ik??",,PL,“,39x5.5,49 To 1 To 74,aranyaka,7,50,C ,D,IX & X Prasna 
5590,1184/13,"?????????????
n?r?ya??pani?at",,PL,Tu,39x5.5,74 To 1 To 75,Upanisat,7,50,C,G,
5591,1184/14,"?????????
k??m???i",,PL,Tu,39x5.5,75 To 1 To 83,aranyaka,7,50,C,G,II Prasna 
5592,1184/15,"??????? ???????
pit?m?dha pray?ga?",,PL,TU,39x5.5,83 To 1 To 91, G- Prayoga   ,7,50,Inc.,G,
5593,1184/16,"?????? ??????
uttar? ???ti?",,PL,Tu,39x5.5,92 To 94,Shanti,7,50,C,G,
5594,1184/17,"??? ??????
udaka ???ti?",,PL,Tu,39x5.5,95 To 122,Shanti,7,50,C,GO,
5595,1184/18,"????? ?????
rudra s?kta",,PL,Tu,39x5.5,123 To 131,Veda - Mantra,7,50,C,G,
5596,1184/19,"??????? ?????
m??galya s?kta",,PL,TU,39x5.5,131 To 147,Veda - Mantra,7,50,C,G,
5597,1184/2,"????
yajuna",,PL,TU,39x5.5,7 To 16,Vedanga,7,50,C,G,
5598,1184/20,"????? ?????
manyu s?kta",,PL,Tu,39x5.5,147 To 149,Veda - Mantra,7,50,C,G,
5599,1184/4,"????????????????
satyatapayup?khy?na?",,PL,Tu,39x5.5,8 To 1 To 10,Vedanga,7,50,C ,G,
5600,1184/5,"???????????
s?m?tpatti",,PL,Tu,39x5.5,10 To 11 To 1,Vedanga,7,50,C ,G,
5601,1184/6,"??? ?????
cara?a vy?ha",,PL,TU,39x5.5,11 To 1 To 14,Vedanga,7,50,C ,G,
5602,1184/7,"?????????? ?????
pr???gni h?tra",,PL,Tu,39x5.5,14 To 17,Vedanga,7,50,C,G,
5603,1184/8,"??????
itih?sa",,PL,TU,39x5.5,17 To 21,Vedanga,7,50,C,G,
5604,1184/9,"???? ?????
anna s?kta",,PL,TU,39x5.5,22 To 26,Veda - Mantra,7,50,C,G,
5605,1185,"??????? ??????
muh?rta d?pik?",Vishnu Sarma,PL,TU,27.5x5,1 To 85,Jautisha,8,35,Inc.,Go,Kannada Vyakhya
5606,1186,"??????? ???? ????????
sadratna m?l? vy?khy?",,PL,TU,25x5,1 To 141 To 205,Ganita,10,35,C,G,"Saka - 1742, Year - 1822, Vikram sam, "
5607,1187/1,"??????? ?????
pra?n? m?rga",,PL,TU,26x5.5,2 To 54,Jautisha,12,40,Inc.,G,
5608,1187/2,"??????? ????
muh?rta padavi",,PL,TU,26x5.5,55 To 105,Jautisha,12,40,Inc. ,O,
5609,1188,"??????? ??
?i?up?la vadha",Magha,PL,TU,38x4,69folios,Kavya,8,50,Inc.,ODW ,
5610,1189,"????????? ????????
taittir?ya br?hma?a",,PL,Tu,52x5.5,41Folios,Brahmana,13,70,Inc.,ODW ,
5611,1190/1,"???? ???
sarva ?la?",,PL,TU,21x4.5,1 To 5,Jautisha,10,25,C,G,
5612,1190/2,"??? ??? ???????
h?ra s?ra sa?graha?",,PL,TU,21x4.5,1 To 23,Jautisha,10,25,C,GO,
5613,1190/3,"??????? ???????? ???????
pra?n? m?rgas?ra sa?graha?",,PL,""" ",21x4.5,24 To 46,Jautisha,10,25,C,G,
5614,1190/4,"??? ??? ???
da?ama bh?va ?la?",,PL,TU,21x4.5,47 To 63,Jautisha,10,25,C,G,
5615,1190/5,"?????? ???
yug?di ?la?",,PL,TU,21x4.5,64 To 76,Jautisha,10,25,C,O,
5616,1190/6,"???? ???? ????????
d?g ga?ita vy?khy?",Parameswara,PL,TU,21x4.5,1 To 16,Ganita,10,25,C,G,"Script : Tulu, Kannada Language "
5617,1190/7,"????????? ????????
b?hajj?taka vy?khy?",Bhattotpala,PL,TU,21x4.5, To ,Jautisha,10,25,C,G,
5618,1191,"????? ???????
p?rva pray?ga?",,PL,Tu,25x5,2 To 111, G- Prayoga   ,6,21,Inc.,OD,
5619,1192,"??????? ????? ????????
muh?rta dar?ana vy?khy?",,PL,TU,16.5x5,1 To 188,Jautisha,12,22,Inc.,OD ,""""
5620,1193,"????? ?????? ????????
par??ara sm?ti vy?khy?",,PL,TU,25x4.5,88Folios,Smriti,15,45,Inc.,OD,
5621,1194/1,"?????? ??????
pray?ga k?rik?",,PL,Tu,24.5x5.5,1 To 98, G- Prayoga   ,6,32,Inc.,OD,
5622,1194/2,"????? ???????
upanayana pray?ga?",,PL,Tu,24.5x5.5,27Folios, G- Prayoga   ,6,32,Inc. ,OD,
5623,1195/1,"??????????? ?????
sa?dhy?p?san? vidhi?",,PL,Tu,18x4.5,1 To 70, G- Prayoga   ,11,25,Inc.,OD,
5624,1195/2,"????????? ?????
??rad?p?j? vidhi?",,PL,TU,18x4.5,71 To 73, pooja,11,25,C,G,
5625,1195/3,"??? ????
n?ga p?j?",,PL,Tu,18x4.5,73 To 104, pooja,17,25,Inc. ,OD,
5626,1195/4,"?? ???? ?????
g? p?j? vidhi?",,PL,Tu,18x4.5,8 To 9, pooja,11,25,C,G,
5627,1195/5,"??????? ???? ?????
bal??dra p?j? vidhi?",,PL,Tu,18x4.5,9 To 16, pooja,11,25,Inc.,OD,
5628,1196/1,"?????? ??????????
k?v?ri m?h?tmya?",,PL,Tu,19x4,1 To 55,Purana,9,25,C,OD,From : Skanda Purana 
5629,1196/2,"??????? ??????????
k?rtika m?h?tmya?",,PL,Tu,19x4,56 To 143,Purana,9,25,C,OD ,""""
5630,1197/1,"??????? ???????
pit?m?dha pray?ga?",,PL,TU,29x5,1 To 16, G- Prayoga   ,12,36,C,G,
5631,1197/2,"????????????????
taittiriy?ra?yaka?",,PL,“,29x5,17 To 78,aranyaka,12,36,C,OD,
5632,1198/1,"????????? ??? ???????
jy?ti?ya s?ra sa?graha?",,PL,TU,19.5x4.5 ,1 To 150,Jautisha,12,30,C,G,
5633,1198/2,"?????????? ?????
s?mudrik? lak?a?a",,PL,TU,19.5x4.5,151 To 153,Jautisha,12,30,C ,G,
5634,1199,"??? ???????? ????????
?iva pa?c?k?ara mahim?vara?a",,PL,TU,19x5,1 To 74,Shaivagama,13,30,C,OD,From: Brhaommottara Kanda
5635,1200/1,"?????? (??????)
pa?c??ga (kr?dhi)",,PL,TU,19.5x3.5,3 To 47,Jautisha,6,20,Inc. ,OD,"Sa-1826, Year-1905 "
5636,1200/2,"?????? (????????) 
pa?c??ga (vi?vavasu) ",,PL,TU,19.5x3.5,25Folios,Jautisha,6,20,Inc.,O,"Sa-1827, Year-1906"
5637,1200/3,"?????? (?????) 
pa?c??ga (par?bhava) ",,PL,TU,19.5x3.5,34Folios,Jautisha,6,20,Inc.,OD,"Sa-1828, Year-1907"
5638,1200/4,"?????? (??????) 
pa?c??ga (plava?ga) ",,PL,TU,19.5x3.5,22,Jautisha,6,20,C,O,"Sa-1829, Year-1908"
5639,1200/5,"?????? (?????) 
pa?c??ga (k?laka?) ",,PL,TU,19.5x3.5,30,Jautisha,6,20,C,O,"Sa-1830, Year-1909"
5640,1200/6,"?????? (?????) 
pa?c??ga (saumya) ",,PL,TU,19.5x3.5,25,Jautisha,6,20,C,OD,"Sa-1831, Year-1910"
5641,1200/7,"?????? (??????) 
pa?c??ga (s?dh?ra?a) ",,PL,TU,19.5x3.5,37Folios,Jautisha,6,20,C,OD,"Sa-1832, Year-1911"
5642,1201/1,"??????? ??????
muh?rta d?pik?",Vishnu Sarma,PL,N. Na. ,42.5x4.5,1 To 153,Jautisha,8,90,C,G,
5643,1201/2,"????? ????????
s?rya siddh??ta",Bhaskaracarya,PL,N. Na,42.5x4.5,1 To 43,Jautisha,8,90,C,G ,
5644,1202,"??????? ????????
k?l?m?ta vy?khy?",Venkata Yajva,PL,N.Na,43x3.5,1 To 160,Jautisha,5,70,C,G,
5645,1203/1,"????? ???????
vaidya sa?graha?",,PL,N.Na,41x3.5,1 To 15,Vaidya,4,45,Inc.,G,
5646,1203/2,"????????
kusum?kara",Pujya Pada,PL,N.Na,41x3.5,16 To 19,Vaidya,5,45,Inc.,G,
5647,1203/3,"??????? ???????
?abdak??a sa?graha?",,PL,N.Na,41x3.5,1 To 96,Nighantu,6,20,Inc.,G,
5648,1204,"????????? ????????
taittir?ya br?hma?a",,PL,N.Na,36x3,1 To 227,Brahmana,6,50,Inc.,G,
5649,1205/1,"????? ????????
aitar?ya br?hma?a",,PL,N.Na,32x5.5,1 To 183,Brahmana,7,45,C,G,
5650,1205/2,"???????? ????? ?????
??val?yana ?rauta s?tra",,PL,N.Na,32x5.5,184 To 307,shrouta- sutra,7,45,C,G,
5651,1206,"?????? ???????
pray?ga p?rij?ta",??????,PL,N.Na,45x3.5,1 To 206, G- Prayoga   ,6,85,C,OD,
5652,1207,"????? ?????????
k???a yajusa?hit?",,PL,Tu,44x3,1 To 188,Samhita,6,65,Inc.,G,
5653,1208,"?????? ??????
?gv?da sa?hit?",,PL,N.Na,43x4,1 To 219,Samhita,5,60,Inc.,G,I to To to V Astaka
5654,1209,"??? ????
bharata ca?p?",,PL,N.Na,46x3.5,1 To 85,Campu,6,86,C,G ,
5655,1210,"????? ?????????
k???a yajusa?hit?",,PL,N.Na,37x3,1 To 168,Samhita,6,60,Inc.,G,
5656,1211,"????????
mah?bh?rata?",,PL,N.Na,49x5,1 To 216,Itihasa,10,100,Inc.,G,"Asvamedha parva, Aranyaparva "
5657,1212/1,"??? ??????????
v?ta prak?pakrama",,PL,N.Na,48x4.5,1 To 38,Vaidya,5,55,C,GO,
5658,1212/2,"????? ???
vaidya k??a",,PL,N.Na,48x4.5,1 To 52,Vaidya,5,55,Inc.,GO,
5659,1213/1,"????? ??? ???????
agni mukha pray?ga?",,PL,N.Na,34x3.5,1 To 21, G- Prayoga   ,5,45,C,G,
5660,1213/2,"????? ???????
g?hya pray?ga?",,PL,N.Na,34x3.5,21 To 128, G- Prayoga   ,5,45,C,GO,
5661,1213/3,"????? ??? ?????
p?rva dina vidhi?",,PL,N.Na,34x3.5,1 To 10, G- Prayoga   ,5,45,C,GO,
5662,1214/1,"??????????????
s?tum?h?tmya?",,PL,N.Na,29x3,1 To 197,Purana,7,50,Inc.,G,""""
5663,1214/2,"????? ????????
v?dapada st?tra?",,PL,N.Na,29x3,1 To 12,Stotra,7,50,C,G,
5664,1215/1,"??????? ???? ?????
svasti v?cana ma?tra",,PL,N.Na,43.5x3,1 To 5,Veda - Mantra,5,70,C,G,
5665,1215/10,"?? ?????
gaja s?kta",,PL,N.Na,43.5x3,69 To 1,Veda - Mantra,5,70,C,G,
5666,1215/11,"??? ?????????
sabh? p?j?ma?tra",,PL,N.Na,43.5x3,70 To ,Veda - Mantra,5,70,C,G,
5667,1215/12,"???? ???
h?mada ?k",,PL,N.Na,43.5x3,70 To 1 To 72,Veda - Mantra,5,70,C,G,
5668,1215/13,"??? ??????
l?ka p?lakaru",,PL,N.Na,43.5x3,73 To 1 To 74,Veda - Mantra,5,70,C,G,
5669,1215/14,"???????? ?????
garbh?d?na vidhi?",,PL,N.Na,43.5x3,74 To 74 To 1, G- Prayoga   ,5,70,C,G,
5670,1215/15,"?????? ?????
m?tyu s?kta",,PL,N.Na,43.5x3,75 To 1 To 76,Veda - Mantra,5,70,C,G,
5671,1215/16,"??????? ?????
suma?gal? s?kta",,PL,N.Na,43.5x3,76 To 1 To 79,Veda - Mantra,5,70,C,G,
5672,1215/17,"??????? ?????
lak?m? s?kta",,PL,N.Na,43.5x3,80 To 83,Veda - Mantra,5,70,C,G,
5673,1215/18,"?? ?????
bh? s?kta",,PL,N.Na,43.5x3,83 To 1,Veda - Mantra,5,70,C,G,
5674,1215/19,"???? ?????
v?mana s?kta",,PL,N.Na,43.5x3,84 To 87,Veda - Mantra,5,70,C,G,
5675,1215/2,"????? ?????
n??di tarpa?a",,PL,N.Na,43.5x3,5 To 1 To 6, G- Prayoga   ,5,70,C,G,
5676,1215/20,"????????????
parjanyas?kta",,PL,N.Na,43.5x3,87 To 88,Veda - Mantra,5,70,C,G,
5677,1215/21,"????? ?????
rudra s?kta",,PL,N.Na,43.5x3,88 To 90,Veda - Mantra,5,70,C,G,
5678,1215/22,"??? ?????
hari s?kta",,PL,N.Na,43.5x3,90 To 91 To 1,Veda - Mantra,5,70,C,G,
5679,1215/23,"???? ?????
anna s?kta",,PL,N.Na,43.5x3,41 To 1,Veda - Mantra,5,40,Inc.,OD,
5680,1215/24,"????????????? ?????
pa?canar?k??jña ma?tra",,PL,N.Na,43.5x3,92 To 1 To 94,Veda - Mantra,5,70,C,G,
5681,1215/25,"??????????? ?????
i?dr?s?miya s?kta",,PL,N.Na,43.5x3,95.96,Veda - Mantra,5,70,C,G,
5682,1215/26,"????????? ?????
r?k??ghna s?kta",,PL,N.Na,43.5x3,96 To 1 To 99,Veda - Mantra,5,70,C,G,
5683,1215/27,"?????? ?????
r?tri s?kta",,PL,N.Na,43.5x3,99 To 100,Veda - Mantra,5,70,C,G,
5684,1215/3,"?????????? ?????
a?kur?rpa?a vidhi?",,PL,N.Na,43.5x3,6 To 1 To 8, G- Prayoga   ,5,70,C,G.O,
5685,1215/30,"?????? ?????? ???????
nidar?a sa?khy? pray?ga?",??????,PL,N.Na. 43.5x3,104to116,5, G- Prayoga   ,70,C,G,,
5686,1215/31,"?????????? ?????????
brahmac?ri vrata?l?p?",,PL,N.Na.,43.5x3,117 To , G- Prayoga   ,5,70,C,G,
5687,1215/32,"??????????? ?????
sa?dhy?p?san? vidhi?",,PL,N.Na,43.5x3,118 To 125, G- Prayoga   ,5,70,C,G,
5688,1215/33,"????? ???????
g?hya pray?ga?",,PL,N.Na,43.5x3,126 To 154, G- Prayoga   ,5,70,Inc.,GO,
5689,1215/4,"?????? ???????
pray?ga p?rij?ta",??????,PL,N.Na,43.5x3,8 To 65, G- Prayoga   ,5,70,C ,G,
5690,1215/5,"??? ??????? ?????
kala?a sth?pan? vidhi?",,PL,N.Na,43.5x3,66 To 66 To 1, G- Prayoga   ,5,70,C,G,
5691,1215/6,"????? ??? ???????
agni mukha pray?ga?",,PL,N.Na,43.5x3,66 To 1 To 69, G- Prayoga   ,5,70,C ,G,
5692,1215/7,"????? ?????
up?sana ma?tra",,PL,N.Na,43.5x3,69, G- Prayoga   ,5,70,C,G,
5693,1215/8,"????? ???????????
upanayana ma?tr?k?ate",,PL,N.Na,43x3 ,69, G- Prayoga   ,5,70,C,G,
5694,1215/9,"??? ???????
mah? vy?h?ta",,PL,N.Na,43.5x3,69 To 1,Vedanga,5,70,C,G,
5695,1216/1,"????????? ?????? ???
mah?n?mni prad?na h?ma",,PL,N.Na,39.5x3.5,1 To 6, G- Prayoga   ,5,47,C,G,
5696,1216/2,"?????? ???????
pray?ga p?rij?ta",??????,PL,N.Na,34.5x3.5,1 To 91, G- Prayoga   ,6,67,C,G,
5697,1217/1,"????? ?????
puru?a s?kta",,PL,N.Na,35x3,1 To 70,Veda - Mantra,5,55,C,ODW,
5698,1218,"????? ?????????
k???a yajusa?hit?",,PL,N.Na,44x3,1 To 176,Samhita,9,70,Inc.,G,IV to VII Kanda
5699,1219,"?????? ?????????
b?dh?yana dharmas?tra",,PL,N.Na,44x4 ,1 To 30,dharmasutra,6,60,C,G,
5700,1220,"????? ?????????
k???a yajusa?hit?",,PL,N.Na,36.5x3.5,1 To 166,Samhita,5,57,Inc.,DW,
5701,1221,"????????????
vi??upur??a?",,PL,N.Na,39.5x3,1 To 224,Purana,5,70,Inc.,ODW,No. of Folios Missing
5702,1222,"????? ??? ??????? ????
vaidya s?ra sa?graha? ??k?",Narasimha,PL,N.Na,44.5x3.5 ,95folios,Vaidya,7,75,Inc.,ODW,Kannada Tika
5703,1223,"?????? ???????
pray?ga p?rij?ta",??????,PL,N.Na,34x3.5,1 To 178, G- Prayoga   ,6,57,C,G,
5704,1225,"???????
r?m?ya?a?",??????,PL,N.Na,49x5,1 To 44,Itihasa,13,108,Inc. ,OD,Uttara Kanda
5705,1226,"????? ???????? ????
vi?va gu??dar?a ca?p?",Venkatadhvari,PL,N.Na,42.5x3,1 To 54,Campu,7,70,C,G,"Angira Sam, Margasirsa Suddha, "
5706,1227,"?????????? ????????
kum?rasa?bhava? vy?khy?",Mallinatha,PL,N.Na,43x3,1 To 51,Kavya,5,65,Inc.,G ,
5707,1228/1,"??????????????
svapnav?savadatta",Mallinatha,PL,N.Na,45x3.5,1 To 35,Gadya - Katha,7,80,C,G ,
5708,1228/2,"??? ????
bharata ca?p?",Mallinatha,PL,TU,45x3.5,1 To 96,Campu,7,80,C ,G,
5709,1228/3,"??? ????
b?la bh?rata",Agastya,PL,N.Na,45x3.5,1 To 129,Kavya,7,80,C,G,
5710,1229,"??????? ??
?i?up?la vadha",Magha,PL,N.Na,35x4,1 To 35,Kavya,5,57,Inc.,DW,
5711,1230,"?????? ????
r?m?ya?a ca?p?",Magha,PL,N.Na,34x3,17folios,Campu,6,75,Inc.,DW ,
5712,1231,"????? ???? ????????
bh?gavata ca?p? vy?khy?",Magha,PL,N.Na,40x4,28folios,Campu,8,70,Inc.,DW ,
5713,1232,"?????? ??????
?gv?da sa?hit?",,PL,N.Na,33x3,1 To 146,Samhita,6,57,Inc.,ODW,II Astaka
5714,1233,"???? ????????
nai?adha vy?khy?",Vishwesvara Suri,PL,N.Na,41x3.5,2 To 158,Kavya,5,90,Inc.,ODW,
5715,1234,"???????? ???
siddh??ta s?ra",Mallayajva,PL,N. Na,30x3,1 To 142,Jautisha,5,40,C,G,
5716,1235,"?????? ???????
pray?ga p?rij?ta",??????,PL,N.Na,39.5x3,1 To 76, G- Prayoga   ,6,70,Inc.,G,
5717,1236,"??????????
padmapur??a?",??????,PL,N.Na,45x3,1 To 164,Purana,5,63,C,G,
5718,1237,"????????????
mudr?r?k?asa",Visakhadatta,PL,N.Na,36x3.5,1 To 69,Nataka,6,68,Inc.,ODW,
5719,1238,"?????? ????????
raghuva??a vy?khy?",-,PL,N.Na,40x4,1 To 80,Kavya,4,35,Inc.,ODW,
5720,1239,"????? ?????????
k???a yajusa?hit?",,PL,N.Na,45x4,5 To 53,Samhita,8,78,Inc.,G,
5721,1240,"????? ??? ???????
vaidya s?ra sa?graha?",,PL,N.Na,45x3.5,1 To 122,Vaidya,6,78,Inc.,G,Nadipariksya
5722,1241/1,"??????????? ????????
?ivasahasran?ma st?tra?",,PL,N.Na,42x3,1 To 4,Stotra,7,70,C,ODW,
5723,1241/2,"????????
rasad?pik?",,PL,N.Na,42x3,101Folios,Vaidya,7,70,Inc. ,DW,
5724,1242,"????????? ????????
taittir?ya br?hma?a",,PL,N.Na,45x3.5,51 To 127,Brahmana,8,70,Inc. ,Go,
5725,1243,"???? ???????
j?taka ?ir?ma?i",,PL,N. No,45x3,1 To 34,Jautisha,6,65,Inc. ,OD,
5726,1244,"????? ???? ????
vaidya j?vana ??k?",Krishna,PL,N.Na,40.5x3.5,81Folios,Vaidya,5,50,Inc.,OD,
5727,1245,"????? ???????
vaidya sa?graha?",,PL,N.Na,38x3.5,145folios,Vaidya,5,57,Inc.,OD,
5728,1246,"?????? ??????
?gv?da sa?hit?",,PL,N.Na,44 x 4,220 To 321,Samhita,4,60,Inc.,G,VII Astaka
5729,1247,"????? ????????
aitar?ya br?hma?a",,PL,N.Na,37x3.5,2 To 34,Brahmana,7,70,Inc,O,
5730,1248,"????? ???????
vaidya sa?graha?",,PL,N.Na,39x4,53folios,Vaidya,6,62,Inc.,OD,
5731,1249/10,"???????? ???? ???
??ipa?cam? vrata kath?",,PL,N.Na,36x3,34 To 1 To 38,Vrata-Katha,4,55,C,G ,""""
5732,1249/11,"????????? ?????
am?s?mav?ra vrata?",,PL,N.Na,36x3,39 To 42 To 1,Vrata,4,55,C ,G,
5733,1249/12,"???????? ???? ???
amas?mav?ra vrata kath?",,PL,N.Na,36x3,42 To 1 To 51,Vrata-Katha,4,55,C,G ,""""
5734,1249/13,"??? ????????? ?????
bh?ma am?v?sy? vrata?",,PL,N.Na,36x3,51 To 1 To 53,Vrata,4,55,C,G,
5735,1249/14,"????????? ???? ???
bh?m?v?sya vrata kath?",,PL,N.Na,36x3,53 To 1 To 59,Vrata-Katha,4,55,C,G,From : Skanda purana
5736,1249/15,"???? ????? ?????
v?mana jaya?t? vrata?",,PL,N.Na,36x3,60 To 64,Vrata,4,55,C,G,
5737,1249/16,"???? ????? ???? ???
v?mana jaya?t? vrata kath?",,PL,N.Na,36x3,64 To 67,Vrata-Katha,4,55,C,GO,""""
5738,1249/17,"????????????? ?????
?r?va?adv?da?? vrata?",,PL,N.Na,36x3,67 To 1 To 72,Vrata,4,55,C ,G,
5739,1249/18,"????????????? ????????????
?r?va?adv?da?? vrat?dy?pana?",,PL,N.Na,36x3 ,72 To 1 To 75,Vrata,4,55,C,G,From : Naradiya Samhita
5740,1249/2,"????? ???? ?????
yamun? p?j? vidhi?",,PL,N.Na,36x3,1 To 4, pooja,4,55,C,G,
5741,1249/2,"????????? ????
ana?tavrata? kalpa",,PL,N.Na,36x3,4 To 7,Vrata,4,55,C,G,
5742,1249/3,"???? ???????? ???? ???
ana?ta caturda?? vrata kath?",,PL,N.Na,36x3,7 To 10,Vrata-Katha,4,55,Inc.,G,""""
5743,1249/4,"?????? ??????? ?????
vin?yaka caturth? vrata?",,PL,N.Na,36x3,1 To 6,Vrata,4,55,C,G,
5744,1249/5,"?????? ??????? ???? ???
vin?yaka caturth? vrata kath?",,PL,N.Na,36x3,6 To 8,Vrata-Katha,4,55,C,G,""""
5745,1249/6,"?????????? ?????
svar?agaur? vrata?",,PL,N.Na,36x3,8 To 1 To 9 To 1,Vrata,4,55,C ,G,
5746,1249/7,"?????????? ???? ???
svar?agaur? vrata kath?",,PL,N.Na,36x3,9 To 1 To 14,Vrata-Katha,4,55,C,G,""""
5747,1249/8,"???????? ????????????
??ipa?cam? vrat?dy?pana?",,PL,N.Na,36x3,15 To 30,Vrata,4,55,C,G ,""""
5748,1249/9,"???????? ?????
??ipa?cam? vrata?",,PL,N.Na,36x3,31 To 34 To 1,Vrata,4,55,C ,G,
5749,1250,"???? ??????
??kala sa?hit?",,PL,N.Na,35 x 3,1 To 52,Samhita,4,42,C ,ODW,
5750,1251,"????? ???????
vaidya sa?graha?",,PL,N.Na,40.5x3.5,51folios,Vaidya,5,50,Inc.,OD,
5751,1252,"???? ????????
nai?adha vy?khy?",Vishwesvara Suri,PL,N.Na,41x3.5,36 To 53,Kavya,6,86,Inc.,ODW ,
5752,1253,"?????? ???????
pray?ga p?rij?ta",??????,PL,N.Na,33x3,59Folios, G- Prayoga   ,5,48,Inc.,OD,
5753,1254,"????? ?????????
k???a yajusa?hit?",,PL,N.Na,31x3,1 To 150,Samhita,6,45,Inc.,GO,
5754,1255,"?????????
rasaratn?kara",,PL,N.Na,34x4,80Folios,Vaidya,4,35,Inc.,ODW,
5755,1256/1,"????? ???????? ??????
g?rha patyagni sth?pana",,PL,N.Na,33x3,64Folios,shrouta- G- Prayoga   ,4,55,C,OD,
5756,1256/2,"?????????? ???????
agni??h?ma pray?ga?",,PL,N.Na,33x3,1 To 79,shrouta- G- Prayoga   ,4,55,Inc.,GO,
5757,1257,"?????????? ???? ???
nak?atr?di graha ?la?",,PL,N. Na,35x3,30Folios,Jautisha,5,52,Inc.,DW,
5758,1258,"??????????
a???da?a?la?",,PL,N.Na,34x3.5,52Folios,Jautisha,5,60,Inc.,ODW,
5759,1259,"???????? ????? ?????
??val?yana g?hya s?tra",????????,PL,N.Na,44x3.5,64Folio,Grahyasutra,5,75,Inc. ,ODW,
5760,1260,"???? ??????
smara d?pik?",,PL,N.Na,45x3.5,52Folios,Kamashastra,4,55,Inc.,GO,
5761,1261/1,"????? ???
kalatra bh?va",,PL,N.Na,28x4.5,1 To 3,Jautisha,7,50,C,G,
5762,1261/2,"??? ????
k?la cakra",,PL,N.Na,28x4.5,3 To 6,Jautisha,7,50,C,G,
5763,1261/3,"??????? ????????
n?n?rtha ci?t?ma?i",,PL,N.Na,28x4.5,8folios,Nighantu,7,50,Inc.,G,
5764,1262,"????? ???????
s?ma?ta pray?ga?",,PL,N.Na,22x3.5,5 To 67, G- Prayoga   ,5,22,Inc.,OD,
5765,1263/1,"???????
r?mama?gala",,PL,N.Na,24x4,1 To 5,Stotra,5,30,Inc.,DO,
5766,1263/2,"????????? ????????
m?rka???ya st?tra?",,PL,N.Na,24x4,5 To 11,Stotra,5,50,Inc.,ODW ,
5767,1263/3,"??????? ????????
lak?m? st?tra?",,PL,N.Na,24x4,11 To 1 To 18,Stotra,5,50,Inc.,OD,
5768,1263/4,"?????? ???????
n?kabali pray?ga?",,PL,N.Na,24x4,19 To 20, G- Prayoga   ,5,50,C,OD,
5769,1263/5,"???? ??????? ??????
graha nak?atra ???ti?",,“,N.Na,24x4,22 To 23,Shanti,5,50,C,G.,
5770,1263/6," ???? ??????
 p?j? vidh?na?",,PL,N.Na,24x4,24 To 30, pooja,5,50,C,ODW,
5771,1264,"????????
k?mas?tra",Vatsayana,PL,N.Na,23x3.5,5 To 64,Kamashastra,9,48,Inc.,ODW,
5772,1265/1,"???? ????
sam?sa cakra",,PL,Kan,23x3.5,1 To 14,Vyakarana,5,23,C,G,
5773,1265/2,"??????? ????????
?a?ak?ari st?tra?",,PL,N.Na,23x3.5,OneFolios,Stotra,5,23,C,G,
5774,1265/3,"??? ????????? ????????
?iva pa?c?k?ari st?tra?",,PL,N.Na,23x3.5,OneFolios,Stotra,5,23,C,G,
5775,1266,"????? ???????
vaidya sa?graha?",,PL,N.Na,36x6,46folios,Vaidya,10,57,Inc.,ODW,
5776,1267/1,"???? ???
t?r? ?la?",,PL,N.Na,37x3,11Folios,Jautisha,5,55,Inc.,O,
5777,1267/2,"????? ?????
nitya da?a?la?",,PL,N. Na,37x3,9Folios,Jautisha,5,55,Inc. ,OD,
5778,1268/1,"????????????????? ?????
pr??aprati??h?pan? vidhi?",,PL,N. Na,16.5x3,54 To 69,Tantra Mantragama,7,35,Inc.,O ,
5779,1268/2,"?????? ????
?ditya h?daya",,PL,N.Na,16.5x3,70 To 88,Stotra,7,35,Inc.,O,
5780,1268/3,"??? ??? ?????
mah? saura s?kta",,PL,N.Na,16.5x3,89 To 111,Veda - Mantra,5,35,Inc,OD,
5781,1268/4,"???????? ????
r?m?ttara p?j?",,PL,N.Na,16.5x3 ,103 To 114, pooja,5,35,C,O,
5782,1269,"??? ?????
mane lekka",,PL,N.Na,23.5x4,16folios,General,5,35,Inc.,OD,
5783,1270,"?????? ????? ????
?????? uttara p?j?",,PL,N.Na,18x3,1 To 9, pooja,6,30,Inc. ,GO,
5784,1271/1,"????????????????
syama?tak?p?khy?na?",,PL,N.Na,39x3.5,1 To 8,Purana,6,63,C,DW,""""
5785,1271/2,"?????? ?????? ????????
navagraha bh?gavata? st?tra?",,PL,N.Na,39x3.5 ,One,Stotra,6,63,C,ODW,From : Bhagavata 
5786,1271/3,"??? ????? ????????
d?sa ma?jari st?tra?",,PL,N.Na,39x3.5,3folios,Stotra,6,63,C,OD,
5787,1272,"?????? ??????
?gv?da sa?hit?",,PL,N.Na,37x3,1 To 18,Samhita,6,55,C,ODW,
5788,1273,"?????? ?????????
v?d??ga jy?ti?ya",,PL,N.Na,34x5.5,2 To 18,Vedanga,7,50,Inc.,ODW,
5789,1274,"????????
m?ghasa?d??a",Kalidasa,PL,N.Na,38x4,36Folios,Kavya,6,73,Inc.,ODW ,
5790,1275,"???? ?????
graha vivara?a",,PL,N. Na,37x3,17Folios,Jautisha,4,30,Inc. ,DW,
5791,1276,"??????? ?????
n?rik??a jñ?na",,PL,N. Na,25x6,16Folios,Jautisha,7,35,Inc.,OD,
5792,1277,"???????? ??????
siddh??ta kaumudi",,TU,N.Na,34x3,17folios,Vyakarana,7,55,Inc.,ODW ,
5793,1278,"?????? ?????? ??????
?gv?da sa?hit? bh??ya?",,PL,N.Na,35x3,164Folios,Samhita,5,48,Inc.,OD,
5794,1279/1,"????????? ???????? ?????
brahaspati prati??na vidhi?",,PL,N.Na,34x3,1 To 3, G- Prayoga   ,6,75,Inc.,DW,From Yamalokta 
5795,1279/2,"????? ?????????? ?????
?ukra pratik??na vidhi?",,PL,N.Na,34x3,3 To 3 To 1, G- Prayoga   ,6,75,Inc,OD,
5796,1279/3,"??????? ???????? ??????? ?????
?an??vara pr?titai ku?bh?sana vidhi?",,PL,N.Na,34x3,3 To 1 To 4, G- Prayoga   ,6,75,Inc,OD,
5797,1279/4,"?????? ???????? ?????
navagraha pratid?na vidhi?",,PL,N.Na,34x3,8 To , G- Prayoga   ,6,75,C,OD,
5798,1280,"??????? ???????
nak?atra c???ma?i",,PL,N. Na,29x3,1 To 11,Jautisha,6,47,Inc.,OD,
5799,1281,"???????
pa?c?kara?a",Sankaracarya,PL,N. Na,31x3,25Folios,Jautisha,4,50,Inc.,G,
5800,1282/1,"???????? ?????
mah?n?mna vrata?",,PL,N.Na,42x3.5,1 To 20,Vrata,6,60,C,OD,"Saka : 1736, year - 1815, Srimukha Sam, "
5801,1282/2,"???????? ???????
mah?vrata? pray?ga?",,PL,N.Na,42x3.5,21 To ,Vrata,6,60,C,G,
5802,1282/3,"??????????????????
upani?advratapray?ga?",,PL,N.Na,42x3.5,22 To 24,Vrata,6,60,C,G,
5803,1282/4,"?????? ???????
pray?ga p?rij?ta",??????,PL,N.Na,42x3.5,24 To , G- Prayoga   ,6,65,Inc. ,OD,
5804,1283,"??????? ?????
muh?rta darpa?a",Vidya Madhava,PL,N. Na ,43x3.5,1 To 126,Jautisha,5,70,C,OD ,
5805,1284/1,"????? ???????
vaidya sa?graha?",,PL,N.Na,42.5x3.5,21folios,Vaidya,5,50,Inc.,O,
5806,1284/2,"????????????? ????????
kir?t?rjun?ya vy?khy?",Mallinatha,PL,N.Na,24.5x3.5,75Folios,Kavya,5,50,Inc.,O,
5807,1285/1,"??????? ???
a???da?a k??a",,PL,N.Na,33x3.5,1 To 24,Jautisha,5,53,C,GO,
5808,1285/10,"??? ????? ??????
k?la vidh?na paddhati",,PL,N.Na,33x3.5,52 To 76,Jautisha,5,53,C ,G,
5809,1285/11,"?????? ????????
n?r?ya?a st?tra?",,PL,N.Na,33x3.5,77 To 81,Stotra,5,53,C,G,From : Brahmanda Purana 
5810,1285/12,"??????????
b?lar?m?ya?a?",,PL,N.Na,33x3.5,82 To 92,Itihasa,5,53,Inc. ,O,
5811,1285/13,"??? ????
?iva kavaca?",,PL,N.Na,33x3.5,93 To 98,Stotra,5,53,C,G,From : Skanda Purana
5812,1285/14,"?????????? ????????
i?dr?k?i st?tra?",,PL,N.Na,33x3.5,98 To 1 To 101,Stotra,5,53,C,G,
5813,1285/15,"????? ????????
ga?apati st?tra?",,P,N.Na,33x3.5,101 To 102,Stotra,5,53,C,G,
5814,1285/16,"????????? ????????
m?rka???ya st?tra?",,PL,N.Na,33x3.5,102 To 1 To 103,Stotra,8,50,C,OD,
5815,1285/17,"?????? ????????
prad??a st?tra?",,PL,N.Na,33x3.5,103 To 1 To 105,Stotra,5,53,C,G,
5816,1285/18,"?????????????? ????????
vi??usahasran?ma st?tra?",,PL,N.Na,33x3.5,106 To 122,Stotra,5,53,C,G,From : Mahabharata Anusasana Parva 
5817,1285/2,"??????? ??????
nak?atra nigha??u",,PL,N. Na,33x3.5,24 To 25,Jautisha,5,53,C,G,
5818,1285/3,"???? ??????
r??i nigha??u",,PL,N. Na,33x3.5,25 To 1 To 26,Jautisha,5,53,C,G,
5819,1285/4,"???? ??????
lagna nigha??u",,PL,N. Na.,33x3.5 ,26 To 26 To 1,Jautisha,5,53,C,G,
5820,1285/5,"???? ??????
graha nigha??u",,PL,N. Na,33x3.5,27 To 1 To 28,Jautisha,5,53,C ,G,
5821,1285/6,"????????? ?????
p?d?dhy?ya ?l?ka",,PL,N. Na,33x3.5,28 To 1 To 29,Jautisha,5,53,C,G,From: Surya Siddanta
5822,1285/7,"???? ??????
lagna pram??a",,PL,N. Na,33x3.5,34 To 37,Jautisha,5,53,C,GO,
5823,1285/8,"????? ??????
ca?dra t?r?bala",,PL,N. Na,33x3.5,38 To 40,Jautisha,5,53,C,O,
5824,1285/9,"????? ???????
gr?ma s?l?va?i",,PL,N. Na,33x3.5,40 To 1 To 51,Jautisha,5,53,Inc.,0,
5825,1286,"?????????? ?????
sa?pr?k?a?a vidhi?",,PL,N.Na,30x3,33.35, G- Prayoga   ,5,55,C,O,
5826,1286/1,"????????? ?????
arkaviv?ha vidhi?",,PL,N.Na,30x3,30 To 32 To 1, G- Prayoga   ,5,55,Inc.,OD,
5827,1286/2,"???? ?????? ???
sa?dhi ???ti? h?ma",,PL,N.Na,30x3,32 To 1 To 33,Shanti,5,55,Inc.,G,
5828,1286/4,"??????? ???
sa?vatsara ?la?",,PL,N. Na,30x3,151 To 160,Jautisha,5,55,C ,OD,
5829,1286/5,"???? ??? ????????????
na??a d?ra pr?ya?citta",,PL,N.Na,30x3,37 To 42, G- Prayoga   ,5,55,C,G,
5830,1286/6,"??? ??????
mah? sa?hit?",,PL,N.Na,30x3 ,43 To 150,Vedanga,5,55,C,GO,
5831,1286/8,"????? ??????? ???????
mah?di pratim? pray?ga?",,PL,N.Na,30x3 ,161 To 194, G- Prayoga   ,5,55,Inc.,O,
5832,1287/1,"????? ????? ?????
n??di ?v?hana vidhi?",,PL,N.Na,39x4,1 To 3, G- Prayoga   ,6,58,C,G,
5833,1287/10,"??????????? ?????
sarpasa?sk?ra vidhi?",,PL,N.Na,39x4,67 To 75, G- Prayoga   ,6,58,C,G,
5834,1287/11,"?????? ???
n?r?ya?a bali",,PL,N.Na,39x4,75 To 1 To 78, G- Prayoga   ,6,58,C ,G,
5835,1287/13,"??????? ???????
pit?m?dha pray?ga?",,PL,N.Na,39x4,92 To 93, G- Prayoga   ,6,58,C,G,
5836,1287/14,"????????
upakathega?u",,PL,N.Na,39x4,94 To 98,General,6,58,C,G,Kannada Language
5837,1287/2,"?????
bh?g?la",,PL,N.Na,39x4,79 To 90,Ganita,6,58,C ,G,
5838,1287/2,"??? ??????? ?????
kala?a sth?pan? vidhi?",,PL,N.Na,39x4,3.7, G- Prayoga   ,6,58,C,G,
5839,1287/3,"?????????? ???????
punaspa?dan? pray?ga?",,PL,N.Na,39x4,7 To 1 To 9, G- Prayoga   ,6,58,C,G,
5840,1287/4,"?????? ?????
aup?san? vidhi?",,PL,N.Na,39x4,9 To 1 To 16, G- Prayoga   ,6,58,C,G,
5841,1287/5,"???????? ?????
garbh?d?na vidhi?",,PL,N.Na,39x4,16 To 1 To 20, G- Prayoga   ,6,58,C,G,
5842,1287/6,"??? ??? ???????
n?ka bali pray?ga?",,PL,N.Na,39x4,21 To 24, G- Prayoga   ,6,58,C,G,
5843,1287/7,"??? ?????? ?????
vadhu prav??a vidhi?",,PL,N.Na,39x4,24 To 25, G- Prayoga   ,6,58,C,G,
5844,1287/8,"?????? ??? ???????
vi??u bali pray?ga?",,PL,N.Na,39x4,26 To 33, G- Prayoga   ,6,58,C,G,
5845,1287/9,"?????? ???
navagraha mukha",,PL,N.Na,39x4,34 To 66, G- Prayoga   ,6,58,C,G,
5846,1288,"??? ???????
apara pray?ga?",,PL,N.Na,28.5x3,1 To 191, G- Prayoga   ,5,62,Inc.,OD,
5847,1289,"???? ????
cakra ga?ita",,PL,N.Na,41x4,30Folios,Ganita,4,45,Inc.,O,
5848,1290/1,"?????? ???????
vai??ava ??stra",,PL,N. Na,44x3.5,15Folios,Vishistadvaita,5,65,Inc.,GO,
5849,1291,"??? ?????? ?????
pa?ca prak?ra da?a?la?",,PL,N. Na,39x3,2 To 27,Jautisha,6,65,Inc.,ODW,
5850,1292/1,"???????? ???????
suba?tar?pa sa?graha?",,PL,N.Na,38x3.5,25Folios,Vyakarana,5,40,Inc. ,GO,
5851,1292/2,"???? ???
r??i k??a",,PL,N. Na,38x3.5,4Folios,Jautisha,5,40,C,G,
5852,1293,"???????? ????????
sannip?ta cikits?",,Pl,N.Na,39x3.5,1 To 72Folios,Vaidya,5,57,Inc.,OD,
5853,1294,"??? ?????
rati rahasya",Kokkoka,PL,N.Na,20x4.5,1 To 96,Kamashastra,10,40,Inc.,OD ,
5854,1295,"?????? ??????? (??????)
ahnika pray?ga? (paddhati)",????,PL,N.Na,24.5x4,45Folios, G- Prayoga   ,6,32,Inc.,ODW,
5855,1296,"?????????????? ??????
vi??usahasran?ma bh??ya?",????,PL,N. Na,20.5x3.5,1 To 131,Jautisha,7,35,C,G,
5856,1297,"????? ????????
ya?tra ci?t?ma?i",,PL,N. Na,22x5,1 To 33,Tantra Mantragama,8,35,C,G,
5857,1298,"??????????? ????
s?ryan?r?ya?a p?j?",,PL,N.Na,20x4,1 To 24, pooja,8,30,C,OD,
5858,1299,"?????? (?????) 
pa?c??ga (?ukla) ",,PL,N. Na,20.5x3,25Folios,Jautisha,6,28,Inc.,OD,
5859,1300,"??????????? ?????
mah?digba?dhana ma?tra",,PL,N. Na,21.5x3.5,1 To 9,Tantra Mantragama,6,30,C,OD,
5860,1301,"???? ???????
?abda sa?graha?",,PL,N.Na,17x3,70folios,General,4,15,Inc.,GO,
5861,1302,"??? ???
a??a ?la?",,PL,N.Na,22x3.5,1 To 10,Jautisha,8,30,C,G,
5862,1303,"????? ???????
viv?ka c???ma?i",Sankaraearya,PL,N. Na,23.5x6 ,1 To 66,Jautisha,14,50,C,ODW,
5863,1304/1,"??????? ?????
lak?m? s?kta",,PL,N.Na,20x3.5,1 To 2,Veda - Mantra,7,28,C,G,
5864,1304/2,"??? ?????
mah? ny?sa",,PL,N.Na,20x3.5,2Folios,Veda - Mantra,4,28,Inc,G,
5865,1304/3,"?????? ?????
r?tri s?kta",,PL,N.Na,20x3.5,14Folios,Veda - Mantra,7,28,Inc ,O,
5866,1305,"?????????
uttarag?t?",,PL,N.Na,17x3,2 To 15,Gita,5,25,Inc.,OD,
5867,1306,"?????? ???? ?????
durg? p?j? vidhi?",,PL,N.Na,19.5x3.5,11Folios, pooja,7,30,Inc.,O,
5868,1307/1,"????? ??????? ??? ??????
j???a nak?atra janana ???ti?",,PL,N.Na,45x4,1 To 2,Shanti,7,80,C,G.,Vraddhagargyi samhita
5869,1307/10,"????? ??????
ca?dra ???ti?",,PL,N.Na,45x4,15 To 16,Shanti,7,80,C,G.,
5870,1307/11,"??????? ??????
ana?ud?na ???ti?",,PL,N.Na,45x4,16 To 17,Shanti,7,80,C,G,
5871,1307/12,"?????? ??????
a?g?raka ???ti?",,PL,N.Na,45x4,17 To 18 To 1,Shanti,7,80,C ,G,
5872,1307/14,"???? ??????
guru ???ti?",,PL,N.Na,45x4,5 To ,Shanti,7,80,C ,G,
5873,1307/15,"????? ??????
?ukra ???ti?",,PL,N.Na,45x4,21 To 22 To 1,Shanti,7,80,C ,G,
5874,1307/16,"??????? ??????
?anai?cara ???ti?",,PL,N.Na,45x4,22 To 1 To 24,Shanti,7,80,C ,G,
5875,1307/18,"???? ??????
k?tu ???ti?",,PL,N.Na,45x4,24 To 1 To 25,Shanti,7,80,C ,G,
5876,1307/19,"??? ???? ??? ?????
taila ku?bha d?na ma?tra",,PL,N.Na,45x4,25 To 1,Shanti,7,80,C,G,
5877,1307/21,"????? ??????? ??????
graha?a pras?ti ???ti?",,PL,N.Na,45x4,33 To 34,Shanti,7,80,C,G. ,""""
5878,1307/22,"??????? ??? ??????
d?v??ca janana ???ti?",,PL,N.Na,45x4,34 To 35,Shanti,7,80,C,G,
5879,1307/23,"?????? ??????
valm?ka ???ti?",,PL,N.Na,45x4,35 To 35 To 1,Shanti,7,80,C ,G,
5880,1307/24,"?????? ??????
?ithili ???ti?",,PL,N.Na,45x4,35 To 1 To 40,Shanti,7,80,C ,GO,Vasista Muniprokta
5881,1307/25,"???? ??????? ??????
r?g? nak?atra ???ti?",,PL,N.Na,45x4,40 To 43,Shanti,7,80,C,G,
5882,1307/26,"??????? ??????
??l??? ???ti?",,PL,N.Na,45x4,43 To 44,Shanti,7,80,C,G,
5883,1307/27,"????? ??????
graha?a ???ti?",,“,N.Na,45x4,44 To 45 To 1,Shanti,7,80,C,G.,
5884,1307/28,"????????? ??????
sa?kr??ti ???ti?",,PL,N.Na,45x4,45 To 1 To 46,Shanti,7,80,C ,G,""""
5885,1307/29,"???? ??????
kuh? ???ti?",,PL,N.Na,45x4,46 To 47,Shanti,7,80,C,G,
5886,1307/3,"???????? ?????
a???vadhana vidhi?",,PL,N. Na,45x4,2 To 1 To 4,Tantra Mantragama,7,80,C,G,
5887,1307/30,"???? ??? ?????
?yusa h?ma vidhi?",,PL,N.Na,45x4,48 To ,Shanti,7,80,C,G ,Saunakiya
5888,1307/33,"???????? ??????
??niv?li ???ti?",,PL,N.Na,45x4,48 To 49,Shanti,7,80,C,G,
5889,1307/36,"??? ??????
udaka ???ti?",,PL,N.Na,45x4,52 To 1 To 53,Shanti,7,50,C ,G,From : Gargyokta
5890,1307/37,"??? ???? ??????
??ta jvara ???ti?",,PL,N.Na,45x4,54 To ,Shanti,7,80,C,G,
5891,1307/38,"???? ?????? ?????
graha ???ti? vidhi?",,PL,N.Na,45x4,54 To 56,Shanti,7,80,C,G,
5892,1307/39,"????????? ??? ??????
vi??gha?ik? janana ???ti?",,PL,N.Na,45x4,56 To 57,Shanti,7,80,C,G ,Saunakiya
5893,1307/40,"??? ??? ??????
da?ta janana ???ti?",,PL,N.Na,45x4,57 To 57 To 1,Shanti,8,80,C,G,
5894,1307/41,"???? ??????? ??????
ak?la ??prasava ???ti?",,PL,N.Na,45x4,57 To 1 To 58,Shanti,7,80,C,G,
5895,1307/42,"???????? ??????
dusvapna ???ti?",,PL,N.Na,45x4,58 To 58 To 1,Shanti,7,80,C ,G,
5896,1307/44,"???????? ??????
dusvapna ???ti?",,PL,N.Na,45x4,59,Shanti,7,80,C,G,
5897,1307/45,"????? ??????
upar?ga ???ti?",,PL,N.Na,45x4,59 To 1 To 62,Shanti,7,80,C ,GOD,
5898,1307/46,"????? ????? ????? ??????
utpala parima?a graha?a ???ti?",,N.Na,45x4 ,62to1to64,7,Shanti,80,C,G,,
5899,1307/47,"??? ?????? ??????
a?ga spa?dana ???ti?",,PL,N.Na,45x4,64 To 64 To 1,Shanti,7,80,C ,G,
5900,1307/5,"????? ??? ??????
g?mukha janana ???ti?",,PL,N.Na,45x4,5 To 1 To 7,Shanti,7,80,C,G.,
5901,1307/7,"????? ??????
?l??a ???ti?",,PL,N.Na,45x4,7 To 9,Shanti,7,80,C ,G,
5902,1307/8,"?????? ???? ?????
v?stu p?j? vidhi?",,PL,N.Na,19x5,9 To 14,Shilpa,7,80,C,G,
5903,1307/9,"????? ??????
s?rya ???ti?",,PL,N.Na,45x4,14 To 15,Shanti,7,80,C ,G,
5904,1308,"????? ???????
vaidya sa?graha?",,PL,N.Na,48x4.5,162folios,Vaidya,6,60,Inc.,OD,
5905,1309,"????? ???????
viv?ha pray?ga?",,PL,N.Na,44x3,98 To 109, G- Prayoga   ,5,65,C,G,
5906,1309/1,"????????? ?????
am?s?mav?ra vrata?",,PL,N.Na,44x3,1 To 9,Vrata,5,65,C,G,From : Bhavisottara Purana
5907,1309/2,"?????????????? ????????
vi??usahasran?ma st?tra?",,PL,N.Na,44x3 ,10 To 29,Stotra,5,65,C,G,
5908,1309/3,"??????????????? ?????
n?gaprati??h?pan? vidhi?",,PL,N.Na,44x3,30 To 58, G- Prayoga   ,5,65,Inc.,O,
5909,1309/6,"??????? ????????
?anai?cara st?tra?",,PL,N.Na,44x3,65 To 67,Stotra,5,65,C,G,""""
5910,1309/7,"??? ??????
udaka ???ti?",,PL,N.Na,44x3,68 To 97,Shanti,5,65,C,GO,
5911,1309/9,"??? ???????? ????????
r?ma sahasran?ma st?tra?",,PL,N.Na,44x3,110 To 120,Stotra,6,65,C,G,
5912,1310,"??? ?????
k??a vic?ra",,PL,N.Na,45x4.5,70Folios,Jautisha,5,45,Inc.,OD,
5913,1311,"???????????? ?????
prati??h?pan? vidhi?",,PL,N. Na,25x3,1 To 78,Tantra Mantragama,7,40,Inc.,OD,
5914,1312,"??????? ????????
?anai?cara st?tra?",,PL,N.Na,25x4,6folios,Stotra,6,30,Inc.,GO ,
5915,1313,"???????? ???????
sam?vartana pray?ga?",,PL,N.Na,43.5x4,24Folios, G- Prayoga   ,5,70,Inc. ,OD,
5916,1314,"????????? ???????
?r?niv?sa prasanna",,PL,N. Na,20.5x3.5,1 To 16,Jautisha,5,22,C,G,
5917,1315,"????? ?????????
k???a yajusa?hit?",,PL,N.Na,27 x3,2 To 24,Samhita,6,52,C,ODW,
5918,1316,"?????? ?????
sa?jñ? viv?ka",Nilakanta,PL,N.Na,44.5x3.5,50Folios,Jautisha,6,70,Inc.,ODW,
5919,1317,"??? ????????????? ??
b?la tripurasu?dar? japa",,PL,N.Na,18x3.5,20Folios, pooja,5,20,Inc.,ODw,
5920,1318,"??? ?????
mane lekka",,PL,N.Na,22x3.5,26folios,General,8,25,Inc.,OD,
5921,1319,"???? ?????? ????????
tarka bh??ya? vy?khy?",,PL,N.Na,33x4.5,20 To 106,Nyaya,8,60,Inc.,OD,
5922,1320,"????????? ????????
agnik???a vy?khy?",,PL,N.Na,45x3.5,61Folios,Veda - Mantra,8,75,Inc.,ODW,
5923,1322/1,"????? ???????? ?????
putra k?m???i vidhi?",,PL,N.Na,46x4,1 To 2, G- Prayoga   ,7,75,Inc.,ODW,
5924,1322/12,"????? ??????
?ukra ???ti?",,PL,N.Na,46x4,26 To 27,Shanti,7,75,C,OD,""""
5925,1322/15,"???? ??????
k?tu ???ti?",,PL,N.Na,46x4,30 To 30 To 1,Shanti,7,75,Inc. ,ODW,
5926,1322/18,"????? ????????
?ukra pratid?na",,PL,N.Na,46x4,33 To 33 To 1,Shanti,7,75,C,ODW,
5927,1322/19,"??????? ????????
?anai?cara pratid?na",,PL,N.Na,46x4,33 To 34,Shanti,7,75,C,ODW,
5928,1322/2,"???????????
?dityavrata?",,PL,N.Na,46x4,1 To 2,Vrata,7,75,Inc. ,G,
5929,1322/22,"??????????? ??????
janmanak?atra ???ti?",,PL,N.Na,46x4,39 To 1 To 40,Shanti,7,75,C,ODW,
5930,1322/24,"??????? ??????
?anai?cara ???ti?",,PL,N.Na,46x4,43 To 44,Shanti,7,75,Inc.,OD ,Saunakokta
5931,1322/25,"???? ??????? ??????
a??a grahay?ga ???ti?",,PL,N.Na,46x4,44 To 1 To 48,Shanti,7,75,C ,O,
5932,1322/26,"????????? ??????
sa?kr??ti ???ti?",,PL,49x5 ,46x4,48 To 48 To 1,Shanti,7,75,C ,OD,Sauna Kokta
5933,1322/27,"???? ????????
k?tu pratid?na",,PL,N.Na,46x4,35 To ,Shanti,7,75,C,OD,
5934,1322/27,"????? ??????
graha?a ???ti?",,“,N.Na,46x4,48 To 1 To 2 To 50,Shanti,7,75,C,Go.,
5935,1322/28,"?????????? ?????? ??????
s?ryaca?dra r?par?ga ???ti?",,PL,N.Na,46x4,50 To 52,Shanti,7,75,C,OD,Yamalokta 
5936,1322/29,"???? ??????
kuh? ???ti?",,PL,N.Na,46x4,52 To 1 To 55,Shanti,7,75,C ,OD,
5937,1322/3,"?????? ??????
i??ak? ???ti?",,PL,N.Na,46x4,4 To 5,Shanti,7,75,C,O,
5938,1322/30,"?????????? ??????? ??????
saptavi??ati nak?atra ???ti?",,PL,N.Na,46x4,56 To 70,Shanti,7,75,C,G,
5939,1322/31,"???????? ??????
dusvapna ???ti?",,PL,N.Na,46x4,70 To ,Shanti,7,75,C,OD,
5940,1322/32,"??? ??????
sara?a ???ti?",,PL,N.Na,46x4,71 To 72,Shanti,7,75,Inc.,OD,
5941,1322/4,"????? ??????
?atru ???ti?",,PL,N.Na,46x4,6 To 7,Shanti,7,75,C,G,
5942,1322/6,"???? ???? ?????
graha p?j? vidhi?",,PL,N.Na,46x4,10 To 19, pooja,7,75,Inc.,OD,
5943,1322/7,"????? ??????
s?rya ???ti?",,PL,N.Na,46x4,19 To 21,Shanti,7,75,C,O ,Yamalokta 
5944,1322/8,"????? ??????
ca?dra ???ti?",,PL,N.Na,46x4,21 To 22,Shanti,7,75,C,OD,""""
5945,1322/9,"?????? ??????
a?g?raka ???ti?",,PL,N.Na,46x4,22 To 23 To 1,Shanti,7,75,C ,ODW,
5946,1323,"???????? ?????
ma?ga?agaur? vrata?",,PL,N.Na,40.5x4,28 To 142,Vrata,6,60,Inc. ,ODW,
5947,1324/1,"???????? ?????
s??a?akarma vidh?na",,PL,N.Na,35.5x3.5,1 To 51, G- Prayoga   ,7,70,Inc,OD,
5948,1324/2,"??? ??????
mah? ny?sa?",,PL,N.Na,35.5x3.5,1 To 30, pooja,7,70,C ,OD,
5949,1324/3,"?????????
mah?sa?kalpa",,PL,N.Na,35.5x3.5,1 To 27, G- Prayoga   ,7,70,Inc.,OD,
5950,1325,"?????
mah?patha",,PL,N. Na,21x5,9 To 106,Jautisha,8,35,Inc.,ODW,
5951,1326,"????? ???????
kanna?a nu?iga?u",,PL,N.Na,17x4,5.58,General,9,18,Inc.,OD,Script : Nandi Nagari 
5952,1327,"??????????????????
?v?t??vatar?pani?at",,PL,N.Na,40x4.5,8Folios,Upanisat,9,62,Inc.,OD,
5953,1328,"???????????
ska?d?stava?",,PL,N. Na,33x5,1 To 13,Shaivagama,8,55,Inc.,ODW,
5954,1329,"??????? ??????
pa?c?kara?a bh??ya?",,PL,N. Na,40x6,29Folios,Jautisha,8,65,Inc.,ODW,
5955,1330,"???????? ???????
mah?vrata? pray?ga?",,PL,N.Na,43x4.5,19Folios,Vrata,7,65,Inc.,ODW,
5956,1331,"???????? ????? ????? ??????
??val?yana g?hya s?tra v?tti",?????? ????,""" ",N.Na,24x4.5,1 To 96,Grahyasutra,9,40,Inc.,OD,
5957,1332,"???????????????
n?mali?g?nu??sana?",?????? ????,PL,N.Na,41.5x3.5,59folios,Nighantu,5,55,Inc.,ODW,
5958,1333,"??? ??????????
m?gha m?h?tmya?",?????? ????,PL,N.Na,40x3,14Folios,Purana,6,68,Inc.,OD ,From : Vayu Purana 
5959,1334/1,"??????? ????????
n?n?rtha ratnam?l?",?????? ????,PL,N.Na,38x3,11folios,Nighantu,5,70,Inc.,OD,No. of Folios Missing
5960,1334/2,"???? ?????
v??i sa?h?ra",Bhatta Narayana,PL,N.Na,38x3,16Folios,Nataka,5,70,Inc.,OD,
5961,1335,"???? ??????????
d?v? m?h?tmya?",Bhatta Narayana,PL,N.Na,18.5x5,1 To 42,Purana,11,33,C,GO ,""""
5962,1336,"????????? ?????
v?mak??vara ta?tra",,PL,N. Na,21x4.5,105 To 135,Tantra Mantragama,10,38,Inc.,ODW,
5963,1337,"????????? ??????????
tu?gabhadr? m?h?tmya?",,PL,N.Na,26x5,2 To 36,Purana,9,45,Inc.,OD,
5964,1338/1,"???? ??????????
d?v? m?h?tmya?",,PL,N.Na,16x3.5,121 To 164,Purana,7,25,Inc.,ODW,""""
5965,1338/2,"????????????? ???? ???
?r?va?adv?da?? vrata kath?",,PL,N.Na,16x3.5,165 To 177,Vrata-Katha,7,25,Inc. ,OD,
5966,1339,"????? ???? ?????
yamun? p?j? vidhi?",,PL,N.Na,17.5x5,30Folios, pooja,8,28,Inc.,GO,
5967,1340,"????????????? ????? ????????
tripurasu?dar? v?dapada st?tra?",,PL,N.Na,23x4.5,1 To 16,Stotra,5,35,C,G,
5968,1341,"???????? ???? ?????
navar?tr? p?j? vidhi?",,PL,N.Na,24x6,1 To 10, pooja,9,40,C,OD,
5969,1342/1,"?????? ????
s?mav?ra p?j?",,PL,N.Na,26x5.5,10 To 16, pooja,7,40,C ,G,Skandapuranokta
5970,1342/2,"??????? ????????
?anai?cara st?tra?",Kasapa,PL,N.Na,26x5.5,1 To 3,Stotra,9,45,C,O,""""
5971,1343,"??? ??????????
m?gha m?h?tmya?",Kasapa,PL,N.Na,27.5x5,29 To 65,Purana,9,50,Inc.,OD ,
5972,1344,"?????? ???????? ????????
durg? sahasran?ma st?tra?",,PL,N.Na,18x5,1 To 35,Stotra,7,26,Inc.,O,
5973,1345,"????????? ?????
garu?apa?cam? vrata?",,PL,N.Na,27x4,1 To 13,Vrata,6,35,Inc.,OD,
5974,1346,"???????? ?????
s?lagr?ma lak?a?a",,PL,N.Na,23.5x4,23Folios,Tantra Mantragama,7,35,Inc. ,OD,
5975,1347,"????????????????
?ivasahasran?m?va?i?",,PL,N.Na,38x3.5,98 To 104,Stotra,8,50,Inc.,OD,
5976,1348,"?????? ??? ?????
v?stu h?ma vidhi?",,PL,N.Na,23.5x5,9Leaves, G- Prayoga   ,10,50,Inc,ODW,
5977,1349,"????????????
sa?hit?pani?at",,PL,N.Na,31.5x5,69 To 86,Upanisat,9,75,Inc,OD,
5978,1350/1,"???????????? ?????
jy?ti?sta?bha vrata?",,PL,N.Na,35.5x4.5,1 To 4,Vrata,8,60,C ,G,From : Bhavisottara Purana
5979,1350/2,"????????? ?????
garu?apa?cam? vrata?",,PL,N.Na,35.5x4.5,4 To 1 To 7,Vrata,8,60,Inc. ,G,
5980,1350/3,"??????? ???
ravida??ya ?la?",,PL,N. Na,35.5x4.5,1 To 6,Jautisha,7,80,Inc.,O,
5981,1351,"??????? ??????????
k?rtika m?h?tmya?",,PL,Tu,16x4.5,1 To 95,Purana,10,20,Inc.,G,From : Padma Purana 
5982,1352,"??????????? ????
rudr?dhy?ya ??k?",,PL,Tu,15x5,1 To 63,Veda - Mantra,9,20,C,G ,Script : Tulu Language : kannada
5983,1353,"??? ???????
apara pray?ga?",,PL,Tu,29x4.5,1 To 60, G- Prayoga   ,7,40,Inc.,OD,
5984,1354,"?????????
bhagavadg?t?",,PL,Tu,19x6,1 To 49,Gita,11,25,C,G,
5985,1355,"?????? ????????
pray?ga ratnam?l?",???????? ????,PL,Tu,27x4.5,2 To 103, G- Prayoga   ,8,30,Inc.,OD ,Bodhayaniya
5986,1356,"?????????? ????
um?mah??vara p?j?",,PL,Tu,23.5x2.5,1 To 49, pooja,6,35,Inc.,OD,
5987,1357,"?????????
bhagavadg?t?",,PL,Tu,19x5,125Folios,Gita,9,23,Inc.,ODW ,
5988,1358,"??? ????
bharata ca?p?",,PL,TU,23x3.5,1 To 100,Campu,7,35,Inc. ,ODW,
5989,1359,"??????????? ?????
sa?dhy?p?san? vidhi?",,PL,Tu,20x4.5,34Folios, G- Prayoga   ,10,35,Inc. ,DW,"Script : Tulu, Language : Kannada"
5990,1360,"???????? ????? ????? ????
ci?tisida k?rya ?d?t? ?gad?",,PL,Tu,13x3,1 To 100,General,5,15,Inc.,OD,
5991,1361/1,"??????????? ?????
sarpasa?sk?ra vidhi?",,PL,Tu,21.5x4.5,4 To 6, G- Prayoga   ,9,30,C,G,
5992,1361/2,"??????????????? ?????
n?gaprati??h?pan? vidhi?",,PL,Tu,21.5x4.5,19 To 26, G- Prayoga   ,9,30,Inc. ,O,
5993,1361/3," ???? ??????
 p?j? vidh?na?",,PL,Tu,21.5x4.5,29 To 47, pooja,9,30,Inc.,OD,
5994,1362/1,"??? ??????????
r?ja ma?ga????aka?",,PL,TU,21x4,One,Stotra,5,25,C,GO,
5995,1362/2,"?????????
?abdama?jari",,PL,TU,21x4,50Folios,Vyakarana,5,25,Inc.,OD,
5996,1363,"?????? (???????) 
pa?c??ga (du?dubhi) ",,PL,TU,16x4,55Folios,Jautisha,11,25,Inc. ,O,
5997,1364,"??????? ?????
muh?rta darpa?a",Vidya Madhava,PL,TU,21x3.5,55Folios,Jautisha,7,30,Inc. ,OD,
5998,1365/1,"?????????? ????
ca?dragraha?a ga?ita",,PL,TU,18x5,35 To 46,Jautisha,11,35,C,G,
5999,1365/2,"???? ????
na??a j?taka",,PL,TU,18x5,49 To 50,Jautisha,11,35,C,G,
6000,1365/3,"??????? ???? ????
vakr?di kar?a ratna",,PL,TU,18x5,46 To 57,Jautisha,11,35,C,G,
6001,1365/4,"???? ????
d?g ga?ita",,PL,TU,18x5,58 To 60,Ganita,11,35,C,G,
6002,1365/5,"????? ????
a??aka varga",,PL,TU,18x5,61 To 63,Jautisha,11,35,C,G ,
6003,1365/6,"?????? ????
nir?aya ga?ita",,PL,TU,18x5,66 To 94,Jautisha,11,35,C,OD,Tithi Nirnaya
6004,1365/7,"??????? ?????
muh?rta darpa?a",Vidya Madhava,PL,TU,18x5,95 To 138,Jautisha,11,35,Inc. ,OD,
6005,1365/8,"??????? ???????
?r?ddha pray?ga?",,PL,TU,18x5,173 To 217, G- Prayoga   ,11,35,Inc ,O,
6006,1366,"???????????????
n?mali?g?nu??sana?",,PL,Tu,20.5x5,94folios,Nighantu,11,34,Inc.,OD,
6007,1367/1,"?????? ?????????
navagraha p?j?vidhi?",,PL,Tu,21x4.5,1 To 39,Grahyasutra,8,26,C,G,
6008,1367/2,"??? ???
tila h?ma",,PL,Tu,21x4.5,39 To 1 To 43, G- Prayoga   ,8,26,C,G,
6009,1367/4,"?????????? ???????
punaspa?dan? pray?ga?",,PL,Tu,21x4.5,49 To 53, G- Prayoga   ,8,26,C ,G,
6010,1367/5,"?????? ???????????? ???????
?a?m?sa pr?ya?citta pray?ga?",,PL,TU,21x4.5,54 To 56, G- Prayoga   ,8,26,C ,G,
6011,1367/6,"??? ????????? ??????
k?la m?tyu?jaya ???ti?",,PL,Tu,21x4.5,56 To 1 To 64,Shanti,8,26,C,G,
6012,1367/7,"?????? ??????? (??????)
ahnika pray?ga? (paddhati)",????,PL,Tu,21x4.5,65 To 108, G- Prayoga   ,8,26,C ,G,Bodhayana
6013,1368,"?????? ???? ?????
v?stu p?j? vidhi?",,PL,TU,16x5,1 To 19,Shilpa,10,20,C,G,
6014,1369,"???????
j?takas?ra",,PL,TU,20.5x4.5,26Folios,Jautisha,9,28,Inc. ,ODW,
6015,1370,"?????? (?????)
pa?c??ga (pi?gala)",,PL,TU,18.5x4,1 To 74,Jautisha,6,20,C ,D,
6016,1371,"?????? (?????????) 
pa?c??ga (citrabh?nu) ",,PL,TU,27.5x4,32Folios,Jautisha,6,25,Inc.,OD,"Saka-1805, Year-1884"
6017,1372,"??????? ?????
m??galya s?kta",,PL,TU,26x4.5,1 To 6,Veda - Mantra,8,38,C,OD,
6018,1373,"?????? (???) 
pa?c??ga (yuva) ",,PL,TU,18x4.5,51Folios,Jautisha,16,25,C,OD,
6019,1374,"???? ??? ????
a?ubha y?ga cakra",,PL,TU,18.5x4.5,23Folios,Jautisha,12,30,Inc.,ODW,
6020,1375,"??????? ???????
pu?y?ha pray?ga?",,PL,Tu,19x4,1 To 23, G- Prayoga   ,7,28,Inc.,OD,
6021,1376,"??????????????? ????
n?mali?g?nu??sana? ??k?",,PL,Tu,24.5x4.5,73 To 153,Nighantu,7,35,Inc.,ODW,1.72 Folios Missing Sabartha (Sahita) 
6022,1377,"???? ??????????
d?v? m?h?tmya?",,PL,Tu,13.5x5,1 To 29,Purana,8,15,Inc.,OD ,From : Markandeya Purana 
6023,1378,"??? ????
?iva kavaca?",,PL,TU,17x4,1 To 8,Stotra,10,25,C,G,"From : Brahmottara Kanda, Siva "
6024,1379,"????????? ????????????
?ivar?tri vrat?dy?pana?",,PL,Tu,22x3,10 To 17,Vrata,5,28,C,O,From : Skandapurana
6025,1380,"??? ????? ?????
laghu ny?sa rudra",,PL,Tu,25x4,1 To 7, pooja,7,30,C,G,
6026,1381,"??? ??????
mah? sa?kalpa",,PL,Tu,13x4,20Folios,Veda - Mantra,7,20,Inc,OD,
6027,1382,"????? ???????
p?rva pray?ga?",,PL,Tu,23x4,70Folios, G- Prayoga   ,7,26,Inc.,ODW,
6028,1383,"??? ????????
?iva st?tra?",,PL,TU,21.5x5.5,5 To 20,Stotra,8,20,Inc.,OD ,
6029,1384,"??????? ???????
?r?ddha pray?ga?",,PL,TU,34x4,1 To 12, G- Prayoga   ,6,40,Inc,GO,
6030,1385,"??? ????????
r?ma ci?t?ma?i",,PL,Tu,13x3,32folios,General,6,15,C,O,Kannada language
6031,1386,"???? ????????
k?laka st?tra?",,Tu,Tu,19x4.5,15Folios,Stotra,11,22,Inc. ,GO,
6032,1387,"???????? (????? ????)
garbhag?t? (m?k?a garbha)",,PL,Tu,9x5,11Folios\9,Gita,17,16,Inc.,OD ,
6033,1388,"????? ????? ?????
asthi sa?cayana vidhi?",,PL,Tu,20x5,6Folios, G- Prayoga   ,17,40,Inc.,OD,
6034,1389,"?????? ??????????
k?v?ri m?h?tmya?",,PL,Tu,16x4.5,18Folois,Purana,13,22,Inc. ,OD,-
6035,1390/1,"?????? (????) 
pa?c??ga (vyaya) ",,PL,TU,22x4,26Folios,Jautisha,8,25,Inc. ,OD,Scribe: Padekallu Ganapati Bhatta
6036,1390/2,"?????? (???????)
pa?c??ga (p?rthiva)",,PL,TU,22x4,22Folios,Jautisha,8,25,Inc.,OD,
6037,1391,"????? ???????
p?rva pray?ga?",,PL,Tu,51x5.5,2 To 223, G- Prayoga   ,11,60,Inc.,ODW ,
6038,1392,"?????? ???
pray?ga s?ra",???????,PL,Tu,39x4.5,73Folios, G- Prayoga   ,8,52,Inc. ,ODW,
6039,1394,"???? ??????????
d?v? m?h?tmya?",???????,PL,Tu,15x5,24Folios,Purana,11,25,Inc.,OD ,
6040,1395,"???? ???
graha ?la?",,PL,Tu,19x5,14folios,Jautisha,6,25,Inc.,OD,
6041,1396/1,"??????? ???? ??????????
sa?k??pa d?v? m?h?tmya?",,PL,Tu,16.5x4,5 To 7,Purana,7,21,Inc.,OD,
6042,1396/2,"????????? ???? ?????
i?dr?k?a m?l? ma?tra",,PL,TU,16.5x4,7 To 9,Tantra Mantragama,7,21,C,G,
6043,1396/3,"??????? ??????? ?????
b?lagraha suptaga?a ya?tra",,PL,TU,16.5x4,9,Tantra Mantragama,5,21,C,G,
6044,1396/4,"?????? ???? ?????
durg? p?j? vidhi?",,PL,Tu,16.5x4,11 To 15, pooja,5,21,C ,G,
6045,1396/5,"???????? ???????
sam?vartana pray?ga?",,PL,Tu,16.5x4,5Folios, G- Prayoga   ,6,21,Inc.,OD,
6046,1397/1,"???? ??????????
d?v? m?h?tmya?",,PL,Tu,16x5,1 To 49,Purana,10,20,Inc.,G,""""
6047,1397/2,"?????? ???? ?????
v?stu p?j? vidhi?",,PL,TU,16x5,1 To 9,Shilpa,10,20,C,G ,
6048,1398,"?????? ?????
sany?sa vidhi?",,PL,Tu,23x4,1 To 25, G- Prayoga   ,10,26,C,G,
6049,1399/1,"??????? ?????
?ivap?j? vidhi?",,PL,Tu,22.5x4,1 To 6, pooja,8,35,C,GO ,
6050,1399/2,"??????????? ????????
?ivasahasran?ma st?tra?",,PL,TU,22.5x4,7 To 19,Stotra,8,35,C,G,
6051,1399/3,"???????????????????
?iva???ttarast?tra?",,PL,TU,22.5x4,20 To 21,Stotra,8,35,C,G ,
6052,1400,"????????????????
taittiriy?ra?yaka?",,PL,“,38x5,1 To 145,aranyaka,9,50,C,OD,Saka 1753 to 1832 Virodhisam Kumba Masa to 19
6053,1401,"??????? ???????
?r?ddha pray?ga?",,PL,TU,36x6,1 To 98Folio, G- Prayoga   ,13,45,Inc,OD,
6054,1402/1,"??????????? ?????
sarpasa?sk?ra vidhi?",,PL,Tu,17x4,1 To 7,Shanti,7,25,C,G,
6055,1402/2,"??? ???? ???? ??????
kuja r?hu sa?dhi ???ti?",,PL,Tu,17x4,8 To 11,Shanti,7,25,C,G,
6056,1402/3,"??????????? ???? ??????
?ukr?ditya sa?dhi ???ti?",,PL,Tu,17x4,11 To 14,Shanti,7,25,C,G,
6057,1403,"?????? ????? ?????
b?dh?yana g?hya s?tra",,PL,TU,36x6,73Folios,Grahyasutra,15,55,C,OD,
6058,1404,"????? ?????????
k???a yajusa?hit?",,PL,Tu,39x5,88Folios,Samhita,8,45,C,OD,
6059,1405/1,"???????? ????? ?????
m?ttik? sn?na vidhi?",,PL,TU,24.5x5,1 To 7, G- Prayoga   ,10,25,C,G,
6060,1405/2,"????? ????? ?????
nitya sn?na vidhi?",,PL,Tu,24.5x5,8 To 9, G- Prayoga   ,10,25,C,G,
6061,1405/3,"???????? ????????????
k?l?gni rudr?pani?at",,PL,Tu,24.5x5,10 To 11,Upanisat,10,25,C,G,
6062,1405/4,"??????????? ?????
sa?dhy?p?san? vidhi?",,PL,Tu,24.5x5,11 To 26, G- Prayoga   ,10,25,Inc.,GO,
6063,1405/5,"??????? ????
g?yatr? kavaca?",,PL,Tu,24.5x5,56 To 57,Stotra,10,25,Inc. ,OD,
6064,1406,"?????? (???????)
pa?c??ga (svabh?nu)",,PL,TU,17.5x5,30Folios,Jautisha,15,35,Inc.,OD,
6065,1407/1,"???????????????
ma?ikar?ik???aka?",,PL,TU,24x4,2 To 3,Stotra,8,30,Inc.,ODW,
6066,1407/2,"???????????
k??????aka?",Valmiki,PL,Tu,24x4,3 To 5,Stotra,8,30,Inc ,OD,
6067,1407/3,"???????????
k??????aka?",Sankaracarya,PL,Tu,24x4,6 To 7,Stotra,8,30,C,OD,
6068,1407/4,"??????? ????
?anai?cara kavaca?",,PL,TU,24x4,7 To 9,Stotra,8,30,C,O,""""
6069,1407/5,"??????????????
sarasvaty???aka?",,PL,TU,24x4,10 To 11,Stotra,8,30,Inc.,OD ,
6070,1408,"?????????? ????
um?mah??vara p?j?",,PL,Tu,10x4,46Folios, pooja,9,15,Inc.,O,
6071,1409/1,"?????????? ????
um?mah??vara p?j?",,PL,Tu,23x4.5,15Folios, pooja,12,38,C ,OD,
6072,1409/2,"???????????????????
?iva???ttarast?tra?",,PL,TU,23x4.5,9Folios,Stotra,12,38,Inc.,OD,
6073,1410,"?????? ????? ?????
abhaya?kara upahavana ma?tra",,PL,TU,31x4,3 To 18,Tantra Mantragama,5,28,Inc.,OD,
6074,1411,"????? ????? ?????
ya?tra ma?tra vidhi?",,PL,Tu,13.5x3.5,16Folios,Tantra Mantragama,9,15,Inc.,OD,
6075,1412,"????? ??????, ????????
ma?tra mah?dadhi, b?la?y?ma",Mahidhara ,PL,TU,17.5x4.5,19Folios,Tantra Mantragama,9,30,Inc.,GO,
6076,1413,"???? ??????????
d?v? m?h?tmya?",Mahidhara ,PL,Tu,10x5,1 To 68,Purana,14,15,C,GO,
6077,1414/1,"??? ???? ????????
?a? ??ti vy?khy?",,PL,Tu,24.5x5,1 To 11, G- Prayoga   ,10,30,C,OD,
6078,1414/2,"??????? ??????
k?rtika s?mav?ra",,PL,Tu,,,Vrata,,,,,
6079,1414/3,"???????? ????? ?????
m?ttik? sn?na vidhi?",,PL,TU,24.5x5,5 To 19, G- Prayoga   ,10,30,C,G,
6080,1414/4,"????????
bhasmadh?ra?a",,PL,TU,24.5x5,20 To 21,Tantra Mantragama,10,30,C,G,
6081,1414/5,"???????? ????????????
k?l?gni rudr?pani?at",,PL,TU,24.5x5,21 To 23,Upanisat,10,30,C,G,
6082,1414/6,"????? ??????????????
nitya s?mav?r?dy?pana?",,PL,Tu,24.5x5,24 To 26,Vrata,10,30,C ,GO,
6083,1414/7,"??? ?????
mah? ny?sa",,PL,Tu,24.5x5,27 To 38,Veda - Mantra,10,30,Inc,G,
6084,1414/8,"??????????? ?????
sa?dhy?p?san? vidhi?",,PL,Tu,24.5x5,1 To 25, G- Prayoga   ,10,30,C,G,
6085,1414/9,"??? ???? ???? ??????
kuja r?hu sa?dhi ???ti?",,PL,TU,24.5x5,26 To 31,Shanti,10,30,C,OD,
6086,1415,"??? ???????
pa?ca kalpalat?",,PL,TU,27x5.5,35Folios,Tantra Mantragama,13,45,Inc.,G,
6087,1416/1,"??????? ?????
sarpabali vidhi?",,PL,Tu,17.5x4.5,1 To 12,Shanti,10,28,C,G,
6088,1416/2,"????? ????
ga?apati p?j?",,PL,Tu,17.5x4.5,1 To 5, pooja,10,28,C,G,
6089,1416/3,"??? ????
n?ga p?j?",,PL,Tu,17.5x4.5,6 To 10, pooja,10,28,C,G,
6090,1416/4,"???? ???? ?????
kha?ga r?va?a ma?tra",,PL,TU,17.5x4.5,1 To 2, pooja,10,28,C,G,
6091,1417/1,"??????? ?????
sarpabali vidhi?",,PL,Tu,17.5x4.5,1 To 2,Shanti,9,18,Inc.,O,
6092,1417/2,"?????????? ??? ?????
graha???ti? h?ma vidhi?",,PL,TU,17.5x4.5,1 To 11,Shanti,9,18,Inc.,O,
6093,1417/3,"?????????
uttarag?t?",,PL,Tu,,1 To 21,Gita,9,20,Inc.,O,
6094,1418,"???? ??????????
d?v? m?h?tmya?",,PL,Tu,16x5,1 To 70,Purana,9,25,Inc.,O,
6095,1420,"????? ?????
rudra s?kta",,PL,Tu,14x5,6,Veda - Mantra,5,22,Inc,OD,
6096,1421,"????? ????
?akti p?j?",,PL,Tu,23x4.5,1 To 6, pooja,9,35,Inc. ,OD,
6097,1422,"??????? ???????
?r?ddha pray?ga?",,PL,TU,20.5x5,1 To 39, G- Prayoga   ,11,35,Inc,OD,
6098,1423,"??? ??????
laghu ny?sa?",,PL,Tu,16.5x4.5,15Folios, pooja,8,23,Inc. ,OD,
6099,1424,"?????? ?????
sany?sa vidhi?",,PL,Tu,15x4,28Folios, G- Prayoga   ,5,15,Inc.,OD,
6100,1425,"?????? ?????
pray?ga vidhi?",,PL,Tu,26x4.5,15Folios, G- Prayoga   ,8,30,Inc. ,OD,
6101,1427,"????? ?????
sa?cayana vidhi?",,PL,Tu,25.5x5.5,23folios, G- Prayoga   ,9,32,Inc.,OD,
6102,1428/1,"???????????
agninir?aya",,PL,TU,24x4,1leave, G- Prayoga   ,8,28,Inc.,OD,
6103,1428/2,"??? ???? ?????
h?ma ma??ala lak?a?a",,PL,Tu,24x4,one, G- Prayoga   ,8,30,C,G,
6104,1428/3,"?? ??? ?????
g? cara?a lak?a?a",,PL,TU,24x4,one, G- Prayoga   ,8,30,C,G,
6105,1429,"??????????? ???? ??????
?ukr?ditya sa?dhi ???ti?",,PL,Tu,15x4,1 To 7,Shanti,6,18,C,G,
6106,1430,"?????? ????????
sm?ti v?ky?ni",,PL,TU,14x4,12Folios,Smriti,5,14,Inc.,OD,"Script : Tulu, Kannada Language"
6107,1431/1,"????? ?????????
agni ma?tr?rtha",,PL,Tu,33x3,1 To 23,Veda - Mantra,5,35,Inc.,OD,
6108,1431/2,"???? ????????
ga?g? sahasran?ma",,PL,Tu,33x3,33Folios,Stotra,8,50,Inc.,OD ,""""
6109,1433/1,"??????? ???????
?r?ddha pray?ga?",,PL,TU,37x4,15Folios, G- Prayoga   ,8,50,Inc,ODW,
6110,1433/2,"??????? ???
ravida??ya ?la?",,PL,TU,37x4, To ,Jautisha,5,60,Inc. ,OD,
6111,1434/1,"????? ?????
rudra s?kta",,PL,Tu,27x5.5,9,Veda - Mantra,11,35,Inc,O,
6112,1434/2,"??????? ????
muh?rta padavi",,PL,TU,24.5x5.5,5Folios,Jautisha,13,36,Inc.,G,
6113,1435/1,"??????
?ik??",,PL,Tu,18x4.5,1 To 8,Vedanga,10,18,C ,GO,
6114,1435/2,"??????? ????????
mahimn? st?tra?",,P,""" ",18x4.5,9,Stotra,10,18,C,G,
6115,1435/3,"??????? ????
g?yatr? h?daya",,PL,Tu,18x4.5,12,Stotra,10,18,Inc.,G ,
6116,1437,"???????????? ?????
pr?yas?yitta vidhi?",,PL,Tu,16x6,24Folios, G- Prayoga   ,9,12,Inc.,OD,
6117,1438,"???????????????
n?mali?g?nu??sana?",,PL,Tu,27x5,2 To 48,Nighantu,8,32,Inc.,OD,
6118,1439/1,"??????? ??????????
k?rtika m?h?tmya?",,PL,Tu,24.5x5,1 To 68,Purana,9,30,C ,G,Scribe : Mangala Pura Narayana 
6119,1439/2,"??????????? ???????? ??????
v?yustuti? purasthara?a paddhati",,""" ",TU,24.5x4.5,69 To 73,Stotra,9,30,C,G,
6120,1440/1,"??????????? ????????????????
subrahma?ya sahasran?mast?tra?",,PL,TU,19x5.5,3 To 14,Stotra,9,20,Inc.,OD,From : Skanda Purana 
6121,1440/10,"????? ???????
upanayana pray?ga?",,PL,Tu,19x5.5,41 To 1 To 46, G- Prayoga   ,9,20,C,G,
6122,1440/11,"???????????
anupravacan?ya",,PL,Tu,19x5.5,46 To , G- Prayoga   ,9,20,C ,OD,
6123,1440/13,"??????? ???????
up?karma pray?ga?",,PL,TU,19x5.5,47 To 50, G- Prayoga   ,9,20,C ,G,
6124,1440/14,"???????? ???????
sam?vartana pray?ga?",,PL,Tu,19x5.5,50 To 1 To 60, G- Prayoga   ,9,20,C,G,
6125,1440/15,"???????? ?????
kany?d?na vidhi?",,PL,Tu,19x5.5,60 To 62, G- Prayoga   ,9,20,C ,G,
6126,1440/16,"????? ???????
viv?ha pray?ga?",,PL,Tu,19x5.5,62 To 65, G- Prayoga   ,9,20,C ,G,
6127,1440/17,"????????? ??? ?????
g?haprav??a h?ma vidhi?",,PL,Tu,19x5.5,65 To , G- Prayoga   ,9,20,C ,G,
6128,1440/18,"????? ??? ?????
n??di mukha vidhi?",,PL,TU,19x5.5,70 To 76, G- Prayoga   ,9,20,Inc. ,OD,
6129,1440/19,"???????? ????? ?????
??val?yana g?hya s?tra",????????,PL,Tu,19x5.5,133 To 159,Grahyasutra,9,20,Inc.,OD,
6130,1440/2,"??????? ???????
pu?y?ha pray?ga?",,PL,Tu,19x5.5,15 To 21, G- Prayoga   ,9,20,C ,G,
6131,1440/2,"???? ??? ???????
m?dh? janana pray?ga?",,PL,TU,19x5.5,46 To 1 To 47, G- Prayoga   ,9,20,C,OD,
6132,1440/3,"????? ??? ???????
agni mukha pray?ga?",,PL,Tu,19x5.5,21 To 1 To 29, G- Prayoga   ,9,20,C,G,
6133,1440/4,"???????? ?????
garbh?d?na vidhi?",,PL,Tu,19x5.5,29 To 32, G- Prayoga   ,9,20,C ,G,
6134,1440/5,"?????? ???????
pu?savana pray?ga?",,PL,Tu,19x5.5,32 To 34, G- Prayoga   ,9,20,C ,G,
6135,1440/6,"????? ???????
s?ma?ta pray?ga?",,PL,Tu,19x5.5,34 To 35 To 1, G- Prayoga   ,9,20,C,G,
6136,1440/7,"??? ???? ???????
j?ta karma pray?ga?",,PL,TU,19x5.5,35 To 1 To 38, G- Prayoga   ,9,20,C,G,
6137,1440/8,"???????????
upani?krama?a",,PL,Tu,19x5.5,28 To 1 To 29, G- Prayoga   ,9,20,C,G,
6138,1440/9,"?????????? ?????
annapr??ana vidhi?",,PL,TU,19x5.5,39 To 41, G- Prayoga   ,9,20,C ,G,
6139,1441/1,"??????
bh?gavata?",,PL,Tu,51x5.5,1 To 126,Purana,10,101,Inc.,OD,X-XII Skanda
6140,1441/2,"??????? ?????
namask?ra vidhi?",,PL,Tu,51x5.5,1 To 6, G- Prayoga   ,10,70,C,G,
6141,1441/3,"???????? ?????
s?lagr?ma lak?a?a",,PL,Tu,55x5.5,1 To 4,Tantra Mantragama,10,70,C ,G,
6142,1441/4,"????? ?????
ma?tra sth?na",,PL,TU,51x5.5,1 To 2,Tantra Mantragama,10,70,Inc.,GO,
6143,1441/5,"????? ??????
pravara nir?aya",,PL,Tu,51x5.5,1 To 2, G- Prayoga   ,10,70,Inc.,G,
6144,1442/2,"???????? ?????
garbh?d?na vidhi?",,PL,Tu,48x5,12 To 15, G- Prayoga   ,5,42,Inc.,OD,
6145,1442/3,"?????? ???????
pu?savana pray?ga?",,PL,TU,48x5,17 To 21, G- Prayoga   ,5,42,Inc.,OD,
6146,1442/4,"??? ???? ???????
j?ta karma pray?ga?",,PL,TU,48x5,21 To 1 To 22, G- Prayoga   ,5,42,Inc.,O,
6147,1442/5,"???????????
upani?krama?a",,PL,Tu,48x5,23 To , G- Prayoga   ,5,42,Inc.,O,
6148,1442/6,"?????????? ?????
annapr??ana vidhi?",,PL,TU,48x5,24 To 27, G- Prayoga   ,5,42,Inc.,O,
6149,1442/7,"????? ???????
upanayana pray?ga?",,PL,Tu,48x5,27 To 1 To 40, G- Prayoga   ,5,42,Inc. ,OD,
6150,1442/8,"???????? ???????
sam?vartana pray?ga?",,PL,Tu,48x5,40 To 1 To 58, G- Prayoga   ,5,42,Inc. ,DW,
6151,1443,"???? ?????? ?????? ????????
yajña valkya sm?ti vy?khy?",,PL,TU,35x5.5,230 To 424,Smriti,11,50,Inc.,GO,
6152,1444,"????????
pa?cata?tra",Vishnusarma,PL,TU,34x5,29 To 85,Gadya - Katha,18,65,Inc.,OD,""""
6153,1445/1,"?????? ??????
?gv?da sa?hit?",,PL,TU,32x4.5,1 To 16,Samhita,10,43,Inc.,GO ,I Astaka
6154,1445/10,"????? ?????
rudra s?kta",,PL,Tu,32x4.5,31 To 1 To 35,Veda - Mantra,10,43,C,G,
6155,1445/11,"?????? ?????
samudra s?kta",,PL,Tu,32x4.5,35 To 1 To 36,Veda - Mantra,10,43,C,G,
6156,1445/12,"?????? ?????
durg? s?kta",,PL,Tu,32x4.5,36 To 1 To 37,Veda - Mantra,10,43,C,G,
6157,1445/13,"???? ?????
d?v? s?kta",,PL,TU,32x4.5,37 To 37 To 1,Veda - Mantra,10,43,C,G,
6158,1445/14,"???????? ?????
vai?vad?va s?kta",,PL,Tu,32x4.5,37 To 1 To 38,Veda - Mantra,10,43,C,G,
6159,1445/15,"?????? ?????
?yu?ya s?kta",,PL,Tu,32x4.5,38 To 1 To 39,Veda - Mantra,10,43,C,G,
6160,1445/16,"??????? ?????
saubh?gya ma?tra",,PL,TU,32x4.5,39 To 39 To 1,Veda - Mantra,10,43,C,G,
6161,1445/17,"??????? ?????
a?vattha s?kta",,PL,Tu,32x4.5,39 To 1 To 40,Veda - Mantra,10,43,C,G,
6162,1445/18,"???? ?????
dharma s?kta",,PL,TU,32x4.5,41 To 41 To 1,Veda - Mantra,10,43,C,G,
6163,1445/19,"?????? ?????
r?tri s?kta",,PL,Tu,32x4.5,41 To 1 To 42,Veda - Mantra,10,43,C,G,
6164,1445/2,"??? ???
d?va ?k",,PL,TU,32x4.5,16 To 18,Veda - Mantra,10,43,C,G,
6165,1445/20,"????? ?????
ga?apati s?kta",,PL,Tu,32x4.5,42 To 1 To 43,Veda - Mantra,10,43,C,G,
6166,1445/21,"?? ?????
g? s?kta",,PL,Tu,32x4.5,43 To 44,Veda - Mantra,10,43,C,G,
6167,1445/22,"??????? ??? ?????
svasti ?k ma?tra",,PL,TU,32x4.5,44 To 44 To 1,Veda - Mantra,10,43,C,G,
6168,1445/23,"?????? ?????
svapna s?kta",,PL,TU,35x5,106 To 1,Veda - Mantra,9,52,C,OD,
6169,1445/24,"???? ?????
v?mana s?kta",,PL,Tu,32x4.5,45 To 48 To 1,Veda - Mantra,10,43,C,G,
6170,1445/25,"???? ?????
sa??a s?kta",,PL,TU,32x4.5,49 To 53 To 1,Veda - Mantra,10,43,C,G,
6171,1445/26,"?????? ?????
r?tri s?kta",,PL,TU,32x4.5,53 To 1 To 55,Veda - Mantra,10,43,C,G,
6172,1445/27,"??????? ?????
sarasvat? s?kta",,PL,Tu,32x4.5,55 To 56 To 1,Veda - Mantra,10,43,C,G,
6173,1445/28,"???? ?????
anna s?kta",,PL,Tu,to,56 To 1 To 61,Veda - Mantra,10,43,C,G,
6174,1445/29,"?????????????
abhi?rava?as?kta",,PL,TU,32x4.5,61 To 1 To 68,Veda - Mantra,10,43,C,G,
6175,1445/3,"?????? ?????
?yu?ya s?kta",,PL,Tu,32x4.5,18 To 1 To 19,Veda - Mantra,10,43,C,G,
6176,1445/30,"??????????
i?dras?kta",,PL,Tu,32x4.5,68 To 70,Veda - Mantra,10,43,C,G,
6177,1445/31,"???? ?????
pit? s?kta",,PL,TU,32x4.5,70 To 71,Veda - Mantra,10,43,C,G,
6178,1445/32,"????????? ?????
r?k??ghna s?kta",,PL,Tu,32x4.5,71 To 73,Veda - Mantra,10,43,C,G,
6179,1445/33,"????? ?????
puru?a s?kta",,PL,Tu,32x4.5,73 To 76 To 1,Veda - Mantra,10,43,C,G,
6180,1445/34,"???? ?????
sarva s?kta",,PL,TU,32x4.5,76 To 1 To 77,Veda - Mantra,10,43,C,G,
6181,1445/35,"???????? ?????
garbh?d?na vidhi?",,PL,Tu,32x4.5,77 To 1 To 81, G- Prayoga   ,10,43,C,G,
6182,1445/36,"?????? ???????
pu?savana pray?ga?",,PL,TU,32x4.5,81 To 83, G- Prayoga   ,10,43,C,G,
6183,1445/37,"????? ???????
s?ma?ta pray?ga?",,PL,Tu,32x4.5,83 To 84 To 1, G- Prayoga   ,10,43,C,G,
6184,1445/38,"??? ???? ???????
j?ta karma pray?ga?",,PL,TU,32x4.5,84 To 1 To 85, G- Prayoga   ,10,43,C,G,
6185,1445/39,"??????
n?makara?a",,PL,Tu,32x4.5,85 To 1 To 86, G- Prayoga   ,10,43,C,G,
6186,1445/4,"??????? ?????
saubh?gya ma?tra",,PL,Tu,32x4.5,19 To 1 To 20,Veda - Mantra,10,43,C,G,
6187,1445/40,"???????????
upani?krama?a",,PL,Tu,32x4.5,86 To 87, G- Prayoga   ,10,43,C ,G,
6188,1445/41,"?????????? ?????
annapr??ana vidhi?",,PL,TU,32x4.5,87 To 87 To 1, G- Prayoga   ,10,43,C,G,
6189,1445/42,"??? ????
paula karma",,PL,TU,32x4.5,87 To 1 To 89, G- Prayoga   ,10,43,C,G,
6190,1445/43,"????? ???????
upanayana pray?ga?",,PL,Tu,32x4.5,89 To 93, G- Prayoga   ,10,43,C ,G,
6191,1445/44,"???????????
anupravacan?ya",,PL,Tu,32x4.5,93 To 93 To 1, G- Prayoga   ,10,43,C,G,
6192,1445/45,"???????? ???????
sam?vartana pray?ga?",,PL,Tu,32x4.5,93 To 1 To 96, G- Prayoga   ,10,43,C,G,
6193,1445/46,"????? ???????
viv?ha pray?ga?",,PL,Tu,32x4.5,96 To 105, G- Prayoga   ,10,43,Inc,G,
6194,1445/5,"??????? ??? ?????
svasti ?k ma?tra",,PL,TU,32x4.5,20 To 21,Veda - Mantra,10,43,C,G,
6195,1445/6,"??????? ?????
lak?m? s?kta",,PL,Tu,32x4.5,21 To 23,Veda - Mantra,10,43,C,O,
6196,1445/7,"??? ???????? ?????
m?ta sa?j?vini s?kta",,PL,TU,32x4.5,23 To 1 To 24,Veda - Mantra,10,43,C,G,
6197,1445/8,"??? ??? ?????
mah? saura s?kta",,PL,Tu,32x4.5,24 To 1 To 28,Veda - Mantra,10,43,C,G,
6198,1445/9,"??? ????
saura varga",,PL,TU,32x4.5,28 To 31,Veda - Mantra,10,43,C ,G,
6199,1446/1,"????????? ????????
nityali?ga st?tra?",Ananda Tirtha,PL,TU,19x5,1 To 6,Stotra,8,26,C,G,
6200,1446/2,"??????????
ma?ga????aka?",,PL,TU,19x5,6 To 1 To 8,Stotra,8,26,C,G ,
6201,1446/3,"????? ??????
par??ara sm?ti",,PL,TU,19x5,9 To 11,Smriti,8,26,Inc.,G ,
6202,1446/4,"????? ??????? ?????
a??aka ?r?ddha vidhi?",,PL,Tu,19x5,11 To 1 To 102, G- Prayoga   ,8,26,C,G,
6203,1447/1,"?????? ?????
vi??u s?kta",,PL,Tu,24x5,1 To 5,Veda - Mantra,9,30,C,G,
6204,1447/10,"???? ?????
garbha s?kta",,PL,Tu,24x5,1 To ,Veda - Mantra,9,30,C,G,
6205,1447/11,"??????? ?????
aghamar?ana s?kta",,PL,TU,24.5x6,45 To 46,Veda - Mantra,9,30,C,G,
6206,1447/12,"??? ??? ?????
mah? saura s?kta",,PL,TU,24x5,47 To 54,Veda - Mantra,9,30,C,G,
6207,1447/13,"?????? ?????
n?r?ya?a s?kta",,PL,Tu,24x5,54 To 55 To 1,Veda - Mantra,9,30,C,G,
6208,1447/14,"???? ?????
?r? s?kta",,PL,TU,24x5,55 To 1 To 58 To 1,Veda - Mantra,9,30,C,G,
6209,1447/15,"?????????????
abhi?rava?as?kta",,PL,TU,24x5,58 To 1 To 61,Veda - Mantra,9,30,C,G,
6210,1447/16,"?????? ?????
r?tri s?kta",,PL,TU,24x5,60,Veda - Mantra,9,30,C,G,
6211,1447/17,"??? ?????? ?????
pa?ca durg? ma?tra",,PL,TU,24x5,60 To 1 To 63,Tantra Mantragama,9,30,C,G,
6212,1447/18,"???? ?????
v?mana s?kta",,PL,Tu,24x5,63 To 68 To 1,Veda - Mantra,9,30,C,G,
6213,1447/19,"???????? ?????
atirikta ma?tra",,PL,TU,24x5,68 To 1 To 72,Tantra Mantragama,9,30,C,G,
6214,1447/2,"??????? ?????
a?vattha s?kta",,PL,Tu,24x5,5 To 6,Veda - Mantra,9,30,C,G,
6215,1447/20,"?????????
ma?tr?k?a",,PL,TU,24x5,72 To 73,Tantra Mantragama,9,30,C,G,
6216,1447/21,"????? ?????
rudra s?kta",,PL,Tu,24x5,74 To 80 To 1,Veda - Mantra,9,30,C,G,
6217,1447/22,"?? ?????
g? s?kta",,PL,Tu,24x5,80 To 1 To 82,Veda - Mantra,9,30,C,G,
6218,1447/23,"?????????
kar?as?kta",,PL,Tu,24x5,83 To 86,Veda - Mantra,9,30,C,G,
6219,1447/24,"?????? ?????
samudra s?kta",,PL,Tu,24x5,86 To 87,Veda - Mantra,9,30,C,G,
6220,1447/25,"?????????? ?????
p?r??huti ma?tra",,PL,TU,24x5,87 To 1 To 88,Tantra Mantragama,9,30,C,G,
6221,1447/26,"??????????
agnis?kta",,PL,TU,24x5,88 To 89,Veda - Mantra,9,30,C,G,
6222,1447/28,"???? ?????
sa??a s?kta",,PL,TU,24x5,91 To 95,Veda - Mantra,9,30,C,G,
6223,1447/29,"?????? ?????
v?stu s?kta",,PL,Tu,24x5,96 To 96 To 1,Veda - Mantra,9,30,C,G,
6224,1447/3,"??????? ?????
pa?c?m?ta s?kta",,PL,Tu,24x5,6 To 9,Veda - Mantra,9,30,C,G,
6225,1447/30,"?????? ?????? ???????
?gv?da sa?hit? sa?graha?",,PL,Tu,24x5,98 To 107,Veda - Mantra,9,30,C,G,
6226,1447/31,"????? ?????
ga?apati s?kta",,PL,Tu,24x5,1 To ,Veda - Mantra,9,30,C,G,
6227,1447/32,"?????? ?????
durg? s?kta",,PL,Tu,24x5,109 To 110,Veda - Mantra,9,30,C,G,
6228,1447/33,"????? ?????
manyu s?kta",,PL,TU,24x5,111 To 113,Veda - Mantra,9,30,C,G,
6229,1447/34,"????????? ?????
pa?cadurg? s?kta",,PL,Tu,24x5,113 To 1 To 124,Veda - Mantra,9,30,C,G,
6230,1447/35,"????????? ?????
r?k??ghna s?kta",,PL,Tu,24x5,96 To 1 To 98,Veda - Mantra,9,30,C,G,
6231,1447/4,"???? ?????
v?mana s?kta",,PL,Tu,24x5,9 To 14,Veda - Mantra,9,30,C,G,
6232,1447/5,"????? ?????
pr?ta s?kta",,PL,Tu,24x5,14 To 16,Veda - Mantra,19,30,C,G,
6233,1447/6,"??????? ?????
lak?m? s?kta",,PL,Tu,24x5,16 To 23,Veda - Mantra,9,30,C,G,
6234,1447/7,"???? ?????
anna s?kta",,PL,Tu,24x5,23 To 30 To 1,Veda - Mantra,9,30,C,G,
6235,1447/8,"?????????????
abhi?rava?as?kta",,PL,TU,24x5,30 To 1 To 41,Veda - Mantra,9,30,C,G,
6236,1447/9,"???? ?????
pit? s?kta",,PL,TU,24x5,41 To 44,Veda - Mantra,9,30,C,G,
6237,1449,"??? ?????????
d?va p?j?vidh?na",,PL,TU,19.5x5,39Folios,Tantra Mantragama,9,28,Inc. ,OD,
6238,1450,"??????? ???????
pu?y?ha pray?ga?",,PL,Tu,44x5.5,4 To 35, G- Prayoga   ,8,45,Inc.,OD,
6239,1451,"???????????
rudr?dhy?ya",,PL,Tu,31x4.5,1 To 11,Veda - Mantra,9,42,C,GD,
6240,1452/1,"???? ???? ???????
bhadra k??i pray?ga?",,PL,TU,17x5,1 To 2,Tantra Mantragama,9,28,C,G,
6241,1452/10,"???? ??????
dh?tu v?ddhi",,PL,Tu,17x5,17 To ,Vaidya,9,28,C,G,
6242,1452/11,"????? ??????????
?ukla pram?yakke",,PL,Tu,17x5,17 To ,Vaidya,9,28,C,G,
6243,1452/12,"????????????
urim?trakke",,PL,Tu,17x5,17 To 17 To 1,Vaidya,9,28,C,G,
6244,1452/13,"????????? ?????
kalluru?i vidh?na",,PL,TU,17x5,17 To 1 To 20,Tantra Mantragama,9,28,C,G,"Akarsane, Marana, Uccatane, "
6245,1452/14,"??????? ???? ?????
a?vini k?laka ma?tra",,PL,TU,17x5,20 To 1 To 27,Tantra Mantragama,9,28,C,G,
6246,1452/3,"??????? ?????
ucch??ana vidhi?",,PL,TU,17x5,11 To 1 To 12,Tantra Mantragama,9,28,C,G,Kannada Language
6247,1452/4,"??????????? ?????? ????????
pratya?gir? durg? mah?ma?tra",,PL,TU,17x5 ,12,Tantra Mantragama,9,28,C,G,
6248,1452/6,"????? ????? ?????
p?r?a o?aguva ma?tra",,PL,TU,17x5,14 To 1,Tantra Mantragama,9,28,C,G,
6249,1452/7,"?????? ????????? ?????
nidre baruvadakke ma?tra",,PL,TU,17x5,14 To 1,Tantra Mantragama,9,28,C,G,
6250,1452/8,"??????????? ?????? ????? ?????
pratya?gir? durg? d?vat? vidhi?",,PL,TU,17x5 ,15 To 1 To 16,Tantra Mantragama,9,28,C,G,
6251,1452/9,"???????? ???
k?mad?van? marasa",,PL,Tu,17x5,17 To 1,Vaidya,9,58,C,G,
6252,1453/1,"??? ????
saura varga",,PL,TU,34x5.5,1 To 4,Veda - Mantra,7,35,C,OD,
6253,1453/10,"???? ?????
anna s?kta",,PL,Tu,34x5.5,1 To 2,Veda - Mantra,9,35,Inc.,G,
6254,1453/2,"?????????????
abhi?rava?as?kta",,PL,TU,34x5.5,1 To 2,Veda - Mantra,7,35,Inc.,O,
6255,1453/3,"????? ?????
pr?ta s?kta",,PL,TU,34x5.5,1,Veda - Mantra,7,35,Inc.,OD,
6256,1453/4,"??????? ??? ?????
svasti ?k ma?tra",,PL,TU,34x5.5,1 To 3,Veda - Mantra,7,35,Inc. ,OD,
6257,1453/5,"??????? ?????
lak?m? s?kta",,PL,Tu,34x5.5,1 To 13,Veda - Mantra,7,35,Inc ,OD,
6258,1453/6,"?????
pavam?na",,PL,Tu,34x5.5,63Folios,Veda - Mantra,7,35,Inc.,OD,
6259,1453/7,"?????? ??
navagraha japa",,PL,TU,34x5.5,1 To 10,Tantra Mantragama,7,35,C,OD,
6260,1453/8,"??? ???
d?va ?k",,PL,Tu,34x5.5,1 To 5,Veda - Mantra,9,35,C,OD,
6261,1453/9,"??? ??? ?????
mah? saura s?kta",,PL,TU,34x5.5,1 To 2,Veda - Mantra,9,35,Inc,O,
6262,1454,"????????? ????
ana?tavrata? kalpa",,PL,Tu,18x4,24Folios,Vrata,8,28,Inc.,OD,
6263,1455,"???? ??????????
d?v? m?h?tmya?",,PL,Tu,14x4,20Folios,Purana,10,18,Inc.,ODW ,
6264,1456,"???????
r?m?ya?a?",,PL,Tu,54x5.5,1 To 196,Itihasa,12,71,Inc.,G ,Kiskinda to Uttara Kanda
6265,1457,"????? ???? ???????
kanna?a padya sa?graha?",,PL,Tu,27x4.5,23folios,General,8,45,Inc.,OD,
6266,1458/1,"????? ?????????
k???a yajusa?hit?",,PL,Tu,24x4.5,1 To 109,Samhita,7,26,Inc.,Go,
6267,1458/2,"?????? ???? ?????
navagraha p?j? vidhi?",,PL,Tu,24.5x4.5,109 To 1 To 111, pooja,7,26,C,G,
6268,1459/1,"???? ?????? ?????
graha ???ti? vidhi?",,PL,TU,19x5.5,3 To 22,Shanti,8,20,Inc.,OD,
6269,1459/2,"???
camaka",,PL,Tu,19x5.5,8Leaves,Veda - Mantra,8,20,Inc.,OD,
6270,1460/1,"???? ????
na??a j?taka",,PL,TU,32x5.5,1 To 5,Jautisha,12,45,Inc.,G,
6271,1460/2,"???? ??????? ????????
h?r? ??stra vy?khy?",Govinda,PL,TU,32x5.5 ,1 To 96,Jautisha,15,45,C,G,
6272,1460/3,"??????????? ????????
?a?pa?c??ik? vy?khy?",Govinda,PL,TU,32x5.5,1 To 18,Jautisha,15,45,C ,G,
6273,1461/1,"?????? (????????) 
pa?c??ga (sarvajit) ",,PL,TU,19.5x4.5,1 To 16,Jautisha,12,30,C,G,"Saka- 1809, Year-1888"
6274,1461/10,"?????? (????????) 
pa?c??ga (durmukhi) ",,PL,TU,19.5x4.5,1 To 15,Jautisha,12,30,C,G,Saka-1818 - 1897
6275,1461/2,"?????? (??????) 
pa?c??ga (vik?ti) ",,PL,TU,19.5x4.5,1 To 10,Jautisha,12,30,C ,G,"Sa-1812, Year-1891"
6276,1461/3,"?????? (?????????) 
pa?c??ga (sarv?dh?ri) ",,PL,TU,19.5x4.5,1 To 15,Jautisha,12,30,C,G,"Saka-1810, Year-1889"
6277,1461/4,"?????? (??????) 
pa?c??ga (vir?dhi) ",,PL,TU,19.5x4.5,1 To 15,Jautisha,12,30,C ,G,"Saka-1811, Year-1890"
6278,1461/5,"?????? (??) 
pa?c??ga (khara) ",,PL,TU,19.5x4.5,1 To 15,Jautisha,12,30,C ,G,Saka-1813 - 1892
6279,1461/6,"?????? (????)
pa?c??ga (na?dana)",,PL,TU,19.5x4.5,1 To 15,Jautisha,12,30,C,G,Saka-1814 - 1893
6280,1461/7,"?????? (?????) 
pa?c??ga (vijaya?) ",,PL,TU,19.5x4.5,1 To 15,Jautisha,12,30,C ,G,Saka-1815 - 1894
6281,1461/8,"?????? (???)
pa?c??ga (jay?)",,PL,TU,19.5x4.5,1 To 13,Jautisha,12,30,C ,G,Saka-1816 - 1895
6282,1461/9,"?????? (?????) 
pa?c??ga (manmatha) ",,PL,TU,19.5x4.5,1 To 13,Jautisha,12,30,C,G,Saka-1817 - 1896
6283,1462/1,"?????? (???) 
pa?c??ga (yuva) ",,PL,TU,17.5x5,39,Jautisha,14,32,C,O,"Sa-1797, Year-1876"
6284,1462/2,"???????????????
n?mali?g?nu??sana?",,PL,Tu,17.5x5,2 To 21,Nighantu,14,32,Inc.,G,
6285,1463/1,"?????? (????)
pa?c??ga (dh?tu)",,PL,TU,20.5x4.5,3 To 19,Jautisha,13,28,Inc. ,G,Sa-1798 - 1877
6286,1463/2,"?????? (??????) 
pa?c??ga (pram?da) ",,PL,TU,20.5x4.5,1 To 17,Jautisha,13,28,C,G,Sa-1792 - 1871
6287,1463/3,"?????? (????????) 
pa?c??ga (praj?pati) ",,PL,TU,20.5x4.5,1 To 29,Jautisha,13,28,C,G,Sa-1793 - 1872
6288,1463/4,"?????? (??????) 
pa?c??ga (a?g?rasa) ",,PL,TU,20.5x4.5,1 To 24,Jautisha,13,28,C,G,Sa-1794 - 1873
6289,1463/5,"?????? (???????)
pa?c??ga (?r?mukha)",,PL,TU,20.5x4.5,1 To 23,Jautisha,13,28,C,G,Sa-1795 - 1874i
6290,1463/6,"?????? (??)
pa?c??ga (bhava)",,PL,TU,20.5x4.5,1 To 21,Jautisha,13,28,C,G,Sa-1796 - 1875
6291,1463/7,"?????? (???) 
pa?c??ga (yuva) ",,PL,TU,20.5x4.5,1 To 20,Jautisha,13,28,C,G,Sa- 1797 - 1876
6292,1464/1,"??????? ????
muh?rta padavi",,PL,TU,39x4,1 To 12,Jautisha,7,60,C,G,Scribe: Ramasarmana
6293,1464/2,"???????? ??????
siddh??ta kaumudi",,PL,TU,39x4,1 To 20,Vyakarana,11,60,Inc.,G ,
6294,1464/3,"??????? ?????
muh?rta darpa?a",Vidya Madhava,PL,TU,39x4,2 To 24,Jautisha,11,60,Inc.,G ,Scribe: Mahalingah
6295,1464/4,"?????????
b?hajj?taka",Varahamihira,PL,TU,39x4,1 To 21,Jautisha,11,60,Inc.,G ,
6296,1466/1,"?????? ???????
pa?c??ga prakara?a?",,PL,TU,18x4.5,2 To 34,Jautisha,9,20,Inc. ,G,
6297,1466/2,"??????? ?????
nak?atra da?a?la?",,PL,TU,18x4.5,35 To 36,Jautisha,9,20,C ,G,
6298,1466/3,"??????????????
muh?rt?pa?l?ka",,PL,TU,18x4.5,37 To 73,Jautisha,9,20,C,G,
6299,1466/4,"??????? ???
sa?vatsara ?la?",,PL,TU,18x4.5,76 To 95,Jautisha,9,20,C ,G,
6300,1466/5,"???????????
sadratnam?l?",Sankarvarman,PL,TU,18x4.5 ,96 To 113,Ganita,9,20,C,G,Year : 1800 - 1838
6301,1466/6,"?????? ????????
navagraha st?tra?",Sankarvarman,PL,Tu,18x4.5,1 To ,Stotra,9,20,Inc. ,G,
6302,1466/7,"???????????????????
?iva???ttarast?tra?",,PL,TU,18x4.5,1Folios,Stotra,9,20,Inc.,G,
6303,1467,"?????? ????????
navaratna ci?t?ma?i",,PL,TU,16.5x3,1 To 64,Jautisha,5,15,Inc.,OD ,""""
6304,1468/1,"????? ???????
upanayana pray?ga?",,PL,Tu,22x5,1 To 29, G- Prayoga   ,7,22,C,G,
6305,1468/2,"???????????????? ?????
ja?abadir?dy?pan?yana vidhi?",,Tu,22x5 ,30to30to1,7, G- Prayoga   ,22,C,G,,
6306,1468/3,"??????? ???????
up?karma pray?ga?",,PL,Tu,22x5,31 To 36, G- Prayoga   ,7,22,C,G,
6307,1468/4,"??? ?????
mah? tarpa?a",,PL,TU,22x5,37 To 42, G- Prayoga   ,7,22,C,G,
6308,1468/5,"????? ????????
vrata? sam?vartana",,PL,Tu,22x5,43 To 56, G- Prayoga   ,7,22,C,G,
6309,1468/6,"?????????? ?????????
brahmac?ri vrata?l?p?",,PL,Tu,22x5,57 To 58, G- Prayoga   ,7,22,C ,G,
6310,1468/7,"???????? ???????
sam?vartana pray?ga?",,PL,Tu,22x5,58 To 77, G- Prayoga   ,7,22,C,G,
6311,1469,"?????? ?? ?????
v?d?di japa ma?tra",,PL,Tu,17x4.5,7 To 12,Veda - Mantra,7,22,C,G,
6312,1469/1,"????????????????
?ivasahasran?m?va?i?",,PL,TU,17x4.5,1 To 56,Stotra,7,22,Inc.,OD,
6313,1469/2,"????????????
prad???rghya",,PL,Tu,17x4.5,1 To 6, G- Prayoga   ,7,22,C,G,
6314,1469/4,"??? ?????
gh?ta s?kta",,PL,TU,17x4.5,12 To 1 To 14,Veda - Mantra,9,22,C,G,
6315,1469/5,"????????????????
?ivasahasran?m?va?i?",,PL,TU,17x4.5,15 To 25,Stotra,7,22,Inc.,OD,
6316,1470,"??? ???????
apara pray?ga?",,PL,Tu,20x5,1 To 175, G- Prayoga   ,9,25,C,G,
6317,1471,"????? ?????
ak?i s?kta",,PL,Tu,20x5,115 To 1 To 116,Veda - Mantra,6,16,C,G,
6318,1471/1,"?????????
mah?sa?kalpa",,PL,Tu,20x5,1 To 14, G- Prayoga   ,6,16,C,G,
6319,1471/10,"????????? ????????????
?ivar?tri vrat?dy?pana?",,PL,TU,20x5,55 To 59,Vrata,6,16,C,G,
6320,1471/12,"???????????? ????
a?vatth?panayana vidhi",,PL,Tu,20x5,59 To 1 To 67, G- Prayoga   ,6,16,C ,G,Saunakiya
6321,1471/13,"?????? ?????
d?k?? vidhi?",,PL,TU,20x5,68 To 70,Tantra Mantragama,6,16,C,G ,
6322,1471/14,"?????? ??? ??? ?????
v?stu bali h?ma vidhi?",,PL,TU,20x6,70 To 1 To 83,Tantra Mantragama,6,16,C,G,
6323,1471/15,"?????? ??? ?????
v?stu bali vidhi?",,PL,TU,20x6,84 To 111,Tantra Mantragama,6,16,C,G,
6324,1471/16,"????????? ??? ??????
am?v?sy? janana ???ti?",,PL,Tu,20x5,112 To 115 To 1,Shanti,6,16,C,G,
6325,1471/19,"??? ???? ???? ??????
kuja r?hu sa?dhi ???ti?",,PL,Tu,20x5,131 To 135,Shanti,6,16,C ,G,
6326,1471/2,"???? ?????? ?????
sapta ?uddhi vidhi?",,PL,TU,20x5,15 To 17,Tantra Mantragama,6,16,C,G,
6327,1471/20,"??????? ????????????
m?rj?la pr?ya?citta",,PL,Tu,20x5,135 To 1 To 136, G- Prayoga   ,6,16,C,G,
6328,1471/21,"???????? ????
??st?vu p?j?",,PL,Tu,20x5,136 To 1 To 139, pooja,6,16,C,G,
6329,1471/22,"??????????? ???? ??????
?ukr?ditya sa?dhi ???ti?",,PL,Tu,20x5,140 To 141,Shanti,6,16,C,G ,Scribe : Sambhatta
6330,1471/23,"???? ??
garu?a japa",,PL,TU,20x5,142x143,Tantra Mantragama,6,16,Inc.,G,
6331,1471/24,"????????? ?????
?aniprad??a vrata?",,PL,Tu,20x5,1 To 4,Vrata,6,16,C,G,
6332,1471/25,"???????? ?????
sa?j?vini ma?tra",,PL,TU,20x5,1 To 6,Tantra Mantragama,6,16,C,G,
6333,1471/26,"?????? ??????? ??? ??????
r?hi?? nak?atra janana ???ti?",,PL,Tu,20x5,1 To 6,Shanti,6,16,C,G,
6334,1471/3,"???? ????????
n??i st?tra?",,PL,Tu,20x5,17 To 19,Stotra,6,16,C,G,
6335,1471/4,"????????????????? ?????
pr??aprati??h?pan? vidhi?",,PL,TU,20x5,19 To 20 To 1,Tantra Mantragama,6,16,C ,G,
6336,1471/5,"??? ????????
gav? st?tra?",,PL,Tu,20x5,21 To 24,Stotra,6,16,C,G,
6337,1471/6,"??????????? ?????
sarpasa?sk?ra vidhi?",,PL,Tu,20x5,25 To 35, G- Prayoga   ,6,16,C,G,Saunakokta
6338,1471/7,"?????? ??????
ugraratha ???ti?",,PL,Tu,20x5,36 To 51,Shanti,6,16,C,G ,Saunakiya
6339,1471/8,"????????? ????????
m?rka???ya st?tra?",Sankaracarya,PL,TU,20x5,51 To 1 To 54,Stotra,6,16,C,G,
6340,1471/9,"??????? ?????
p???ch?da ma?tra",,PL,TU,20x5,54,Tantra Mantragama,6,16,C,G,
6341,1472/1,"????? ??????? ?????
n??di ?r?ddha vidhi?",,PL,Tu,34x4.5,1 To 11, G- Prayoga   ,5,30,C,G,
6342,1472/2,"??????? ???????
pu?y?ha pray?ga?",,PL,Tu,34x4.5,12 To 22, G- Prayoga   ,5,30,C ,G,
6343,1472/3,"????? ??? ???????
agni mukha pray?ga?",,PL,TU,48x5,1 To 11, G- Prayoga   ,5,42,Inc.,OD,
6344,1472/3,"????? ??? ???????
agni mukha pray?ga?",,PL,TU,34x4.5,23 To 39, G- Prayoga   ,5,30,C,G,
6345,1472/4,"????? ??? ???????
jay?di h?ma pray?ga?",,PL,N.Na,34x4.5,40 To 63, G- Prayoga   ,5,30,C,G,
6346,1472/5,"??????????? ???? ??????
garbh?d?n?di sam?na ta?tra?",,PL,TU,34x4.5,64 To 98,Tantra Mantragama,5,30,C,G,
6347,1473,"???????????????
n?mali?g?nu??sana?",,PL,Tu,19x4.5,1 To 104,Nighantu,8,28,C,GO,
6348,1474/2,"??????? ????
nava?akti p?j?",,PL,Tu,19x5.5,1 To 3, pooja,10,25,Inc. ,GO,
6349,1474/3,"????? ??? ?????
pavam?na h?ma vidhi?",,PL,Tu,19x5.5,11 To 20, G- Prayoga   ,10,25,Inc. ,OD,
6350,1474/4,"????? ?????
puru?a s?kta",,PL,TU,19x5.5,21 To 29,Veda - Mantra,10,25,Inc.,ODW,
6351,1474/5,"???? ?????? ?????
v?s? tsarga vidhi?",,PL,Tu,19x5.5,30 To 37, G- Prayoga   ,10,25,C ,G,
6352,1474/6,"???? ????? ?????
datta putra vidhi?",,PL,Tu,19x5.5,1 To 3, G- Prayoga   ,8,20,Inc.,O,
6353,1474/7,"????? ??? ?????
pavam?na h?ma vidhi?",,PL,Tu,19x5.5,9leaves, G- Prayoga   ,8,20,Inc.,OD,
6354,1474/9,"??????? ???????
up?karma pray?ga?",,PL,TU,19x5.5,21 To 35, G- Prayoga   ,10,20,Inc. ,OD,
6355,1475,"????? ???????
kanna?a nu?iga?u",,PL,Tu,17x5.5,23folios,General,9,20,Inc.,ODW,Kannada language
6356,1476,"????????????????
?ivasahasran?m?va?i?",,PL,TU,17x5,14folios,Stotra,10,22,C,OD ,
6357,1477,"??? ???????? ????????
?aiva sahasran?ma st?tra?",,PL,TU,40x3,22Folios,shaiva,7,50,Inc.,ODW ,
6358,1478,"??????? ???????
pra?n? ??stra",,PL,TU,24x3,1 To 23,Jautisha,7,30,Inc.,OD,
6359,1479,"?????? ??????
?gv?da sa?hit?",,PL,TU,25.5 x 5,1 To 84,Samhita,10,35,Inc,ODW,No. of leaves Missing
6360,1480,"??????
itih?sa",,PL,TU,22x3.5,1 To 18,Vedanga,7,30,C,G,
6361,1481,"????? ???? ???????
kanna?a padya sa?graha?",,PL,Tu,22.5x4,44folios,General,7,30,Inc.,OD,
6362,1482/1,"???? ????????
k?laka st?tra?",,Tu,Tu,14.5x5,5Folios,Stotra,16,24,Inc. ,O,
6363,1482/2,"?????? ???????? ????????
durg? sahasran?ma st?tra?",,PL,Tu,14.5x5,1 To 13,Stotra,9,20,Inc. ,OD,
6364,1483/1,"???? ??????????
d?v? m?h?tmya?",,PL,Tu,18x5,1 To 49,Purana,9,26,C,G,
6365,1483/2,"?????? ????????? ?????
ca??ik? ??p?ddh?ra ma?tra",,PL,TU,18x5,One,Tantra Mantragama,5,20,C,G,
6366,1484/1,"???
camaka",,PL,Tu,20.5x4.5,19leaves,Veda - Mantra,7,22,Inc.,ODW,
6367,1484/2,"????????????????? ?????
rudr?st?n?rcan? vidhi?",,PL,Tu,20.5x4.5 ,12Folios, pooja,7,22,Inc.,ODW,
6368,1485,"??????????? ???
sm?ty?rtha s?ra",Shridharacarya,PL,TU,33x4.5,60Folios,Smriti,11,32,Inc.,ODW,
6369,1486,"???? ??????
yajña d?pik?",,PL,Tu,49.5x5.5,27leaves, G- Prayoga   ,12,67,Inc.,ODW,
6370,1487,"???? ????
j?taka bh??a?a",,PL,TU,38x5.5,22,Jautisha,10,60,Inc.,ODW,
6371,1488,"?????? ???????
pray?ga p?rij?ta",??????,PL,Tu,29x5,96leaves, G- Prayoga   ,8,32,Inc.,ODW,
6372,1489,"??? ???? ?????
n?ga kalpa vidhi?",,PL,TU,27.5x5.5,13Folios,Tantra Mantragama,14,40,Inc.,ODW,
6373,1490,"?????
da?a?la?",,PL,TU,25x4.5,28Folios,Jautisha,8,30,Inc. ,ODW,
6374,1491,"??????? ??????????
k?rtika m?h?tmya?",,PL,Tu,39.5x4.5,15Folios,Purana,9,50,Inc. ,ODW,
6375,1493,"??????? ???
nak?atra ?la?",,PL,TU,18x5,28,Jautisha,16,32,Inc.,Go,
6376,1494,"????? ?????
puru?a s?kta",,PL,TU,20.5x5,15Folios,Veda - Mantra,6,20,Inc.,ODW,
6377,1495,"??? ????
pa?ca p?j?",,PL,Tu,27x6,15Folios, pooja,13,35,Inc.,ODW,
6378,1496,"???????????????????
vi??usahasran?m?va?i?",,PL,TU,21x4.5,14Folios,Stotra,9,40,Inc.,OD,
6379,1497,"???? ??????????
d?v? m?h?tmya?",,PL,Tu,17.5x5,12Folios,Purana,8,28,Inc.,ODW,"Script : Tulu, Kannada Language "
6380,1498,"?????? ????????
raghuva??a vy?khy?",Mallinatha,PL,TU,20.5x4.5,1 To 14,Kavya,8,30,Inc.,GO,"Script : Tulu Vyakhya, Kannada"
6381,1499,"???? ????????
k?laka st?tra?",,Tu,Tu,24.5x5,10Folios,Stotra,7,30,Inc. ,ODW,
6382,1500,"????? ??????????
ga?apati ya?tr?dh?ra?a",,PL,TU,20x6,12Folios,Tantra Mantragama,15,32,Inc.,ODW,
6383,1501,"??????????? ???? ?????
k??????ami p?j? vidhi?",,PL,Tu,16x5,1 To 8, pooja,11,23,C,G,
6384,1502,"?????????? ???????
punaspa?dan? pray?ga?",,PL,Tu,26x6,136 To 141, G- Prayoga   ,9,33,Inc.,O,
6385,1503,"?????????? ??????
v???tsarga nir?aya",,PL,TU,36x5,12Leaves, G- Prayoga   ,10,42,Inc,OD,
6386,1504,"??????????
garu?apur??a?",,PL,Tu,27.5x5,2 To 5,Purana,11,45,Inc,OD ,
6387,1505,"??????? ???????
up?karma pray?ga?",,PL,TU,26x5,5leaves, G- Prayoga   ,9,30,Inc.,OD,
6388,1506,"???? ??????? ????
janma patrik? l?khana",,PL,TU,17.5x4.5,13,Jautisha,8,21,Inc. ,G,Sake - 1741 - 1819 
6389,1507,"????????????
cida?bar???aka?",,PL,Tu,20x4.5,12folios,Stotra,7,25,Inc.,ODW,
6390,1508,"???? ??????????
ana?ta m?h?tmya?",,PL ,Tu,20x5.5,7,Purana,13,35,Inc.,ODW,""""
6391,1509,"????? ???????
v?tta ratn?kara",,PL,TU,27x4,8folios,Chanda,9,40,Inc.,ODW ,
6392,1510,"????????? ????
dv?da?an?ma p?j?",,PL,Tu,15x4.5,1 To 10, pooja,6,20,C,OD,
6393,1511,"???????? ????????????
??ipa?cam? vrat?dy?pana?",,PL,Tu,25x5.5,1 To 5,Vrata,10,35,C,G ,""""
6394,1512,"??????? ???????
pra?n? ??stra",,PL,TU,19x4,34Folios,Jautisha,12,30,Inc.,ODW ,
6395,1513,"????????????????
?ivasahasran?m?va?i?",,PL,TU,18x4,20folios,Stotra,10,20,Inc.,ODW ,
6396,1514,"?????
da?a?la?",,PL,TU,18x3,20Folios,Jautisha,4,20,Inc.,GO ,
6397,1515,"??????
bh?gavata?",,PL,Tu,26.5x5,1 To 9,Purana,9,26,Inc.,GO ,
6398,1516,"?????? ??????
?gv?da sa?hit?",,PL,TU,39x6,50Folios,Samhita,10,48,Inc.,OD,""""
6399,1517,"????????? ????
ana?tavrata? kalpa",,PL,Tu,15.5x5,9Folios,Vrata,10,15,Inc. ,O,
6400,1518,"???????? ????
subh??it? ?ataka?",,PL,TU,26.5x3.5,6folios,Subhashita,8,25,Inc. ,OD,
6401,1519,"??????????????????????
sad??iva???ttarast?tra?",,PL,TU,23x6,13 To 21,Stotra,12,22,Inc.,OD,
6402,1520,"??????? ??????
muh?rta d?pik?",Vishnu Sarma,PL,TU,31x4,18 To 28,Jautisha,7,32,Inc.,ODW,
6403,1521,"??????? ???????
?r?ddha pray?ga?",,PL,Tu,20x5,8Leaves, G- Prayoga   ,8,21,Inc,ODW,
6404,1522,"?????? ?????
nai?adh?ya carita?",Sri Harsa,PL,TU,19.5x5.5,3 To 20,Kavya,11,28,Inc.,ODW ,
6405,1523,"?????? ????????????
s?mav?ra vrat?dy?pana?",,PL,TU,25x5,5Folios,Vrata,10,45,Inc.,OD,
6406,1524,"??????????
ma?ga????aka?",,PL,TU,23x4,8Folios,Stotra,9,35,Inc.,OD,
6407,1525,"???????
vimal?gama",,PL,N.Na,26x3.5,46Folios,Shaivagama,4,42,Inc.,OD,
6408,1526,"??? ???????
apara pray?ga?",,PL,Tu,25x5x3.5,53Folios, G- Prayoga   ,6,27,Inc. ,ODW,
6409,1527,"??????? ???????
?gr?ya?a pray?ga?",,PL,TU,37x3,37Folios, G- Prayoga   ,8,50,Inc. ,ODW,
6410,1528,"????? ?????
bhagavat? ma?tra",,PL,TU,17.5x4.5,9Folios,Tantra Mantragama,7,22,Inc.,ODW,
6411,1529,"???? ????? ???????????? ?????
ga???a pr??a prati??h?pan? ma?tra",,PL,TU,26x5.5,260 To 264,Tantra Mantragama,11,32,Inc. ,GO,
6412,1530,"??????? ???
nak?atra ?la?",,PL,TU,14.5x5,9,Jautisha,8,18,Inc.,ODW ,
6413,1531,"?????? ???? ?????
v?stu p?j? vidhi?",,PL,TU,17x6,4Folios,Shilpa,9,21,Inc.,OD,
6414,1532,"????? ??????????
vai??kha m?h?tmya?",,PL,Tu,34x5,9,Purana,11,60,Inc.,ODW,""""
6415,1533,"???????
r?m?ya?a?",,PL,Tu,32.5x5,9Folios,Itihasa,10,50,Inc ,OD,
6416,1534,"?????????
bhagavadg?t?",,PL,Tu,11x4.5,9Folios,Gita,12,17,Inc.,O ,
6417,1535,"???? ??????
j?taka paddhati",,PL,TU,38x5.5,7Folios,Jautisha,11,62,Inc. ,ODW,
6418,1536,"?????????????? ????????
vi??usahasran?ma st?tra?",,PL,TU,37x6,14Folios,Stotra,8,55,Inc.,ODW ,
6419,1537,"?????? ???????
vararuci v?kyam",Varatuchi,PL,TU,34x5.5 ,151 To 158,Shaivagama,10,46,Inc.,ODW,
6420,1538,"??????? ????? ?????
jagattina bha??ara karav?ra",,PL,Tu,21x5,14 To 19,General,14,38,Inc.,OD,
6421,1539,"????? ???? ???????
kanna?a padya sa?graha?",,PL,Tu,36x4.5,13folios,General,7,60,Inc.,ODW,
6422,1540,"????? ???? ???
sta?bha vrata kath?",,PL,TU,19x5,5Folios,Vrata-Katha,9,30,Inc.,OD,
6423,1541,"???? ??????? ????
janma patrik? l?khana",,PL,TU,20x4.5,8,Jautisha,9,25,Inc.,OD ,Saka-1684 Year-1764
6424,1542,"???????
r?m?ya?a?",,PL,Tu,47x5,1 To 100,Itihasa,10,75,Inc,O,"From : Sundara kanda, IxIV Sarga"
6425,1543/1,"??????????????? ????????
n?mali?g?nu??sana? vy?khy?",,PL,Tu,41x5.5,1 To 139,Nighantu,10,56,C,OD,"Script : tulu, "
6426,1543/2,"?????? ????
bilha?a n??aka",Billahana,PL,TU,41x5.5,140 To 147,Kavya,10,56,C,G,
6427,1545/1,"??????? ????
?r?ga?eya m???",,PL,TU,28x5,1 To 2,General,11,20,C,O,"Script: Tulu, Languge: Kannada"
6428,1545/10,"??????? ????? ???
anarasi?ga suramada bha?ga",,PL,TU,28x5,20,General,10,20,C,GO,
6429,1545/11,"???? ???? ????
enage n?ne ba?dhu",,PL,TU,28x5,20,General,10,20,C ,O,
6430,1545/12,"?????? ?????
nadiyanu d??ida",,PL,TU,28x5,21 To 22,General,10,20,C,G ,""""
6431,1545/13,"???? ???????
s?ku sad?garva",,PL,TU,28x5,22 To 23,General,10,20,C,GO,
6432,1545/14,"??????? ????? ???? ???
ara?agiri yar?yu ?lasu ?ara?a",,PL,TU,28x5,23 To 24,General,10,20,C,OD,
6433,1545/15,"???????? ????????
ra?gan?thani nilaga?gani",,PL,TU,28x5,1 To 23,General,10,20,C,G,
6434,1545/16,"????? ???????????
iru?u l?kadolev?gi",,PL,TU,28x5,23 To 24,General,10,20,C ,GO,
6435,1545/17,"??? ?????????? ?????
nahi pratiye?du ninna",,PL,TU,28x5,24 To 25,General,10,20,C ,O,
6436,1545/18,"????????? ?????
hasuji?bina toradala",,PL,TU,28x5,25 To 26,General,10,20,C ,G,
6437,1545/19,"????????? ??????
ga??anillada he?gasu",,PL,TU,28x5,26 To 27,General,10,20,C ,G,
6438,1545/2,"??????? ???? ????
na?bipade v?ru hitava",Ananda Tirtha,PL,TU,28x5,4 To 5,General,11,20,C,O,"Script: Tulu, Language: Kannada"
6439,1545/20,"??????? ??????
suttal? k??enu",,PL,TU,28x5,27 To 28,General,10,20,C,GO,
6440,1545/21,"???????? ??????
madhvamuni r?ya??a",,PL,TU,28x5,28,General,10,20,C,G,
6441,1545/22,"??? ??? ????? ???????
sakala gu?a pur??a nikhilagama",,PL,TU,28x5,28,General,10,20,C,GO,
6442,1545/23,"?????? ????????
l?kap?la muktaj?la",,PL,TU,28x5,28 To 29,General,10,20,C ,G,
6443,1545/24,"???????
d?varad?va",,PL,TU,28x5,30 To 33,General,10,20,C,GO,
6444,1545/25,"????? ????????
maruda?a madhvamuni",,P,Marati,28x5,33 To 34,General,10,20,C ,GO,
6445,1545/26,"???????????
uppava?isayya",,PL,TU,28x5,34 To 36,General,10,20,C,G ,
6446,1545/27,"?????? ???? ??????
p?him? guru p?him?",,PL,TU,28x5,36,General,10,20,C ,G,
6447,1545/28,"??????? ?????? ?????
p?him?? vi??u t?rtha",,PL,TU,28x5,36 To 37,General,10,20,C ,G,
6448,1545/29,"??????????????? ????
ka?ega??i?dy?ke n??i",,PL,TU,28x5,37 To 38,General,10,20,C ,G,
6449,1545/3,"??????? ????
?r?ga?eya m???",,PL,TU,28x5,8,General,11,20,Ine,O,
6450,1545/30,"????????
tanuv?nira",,PL,TU,28x5,38 To 39,General,10,20,C,G,
6451,1545/31,"??? ???
d?ha g?ha",,PL,TU,28x5,39 To 40,General,10,20,C,G,
6452,1545/32,"????? ??????? ?????
sul?da t?laduhi elli",,PL,TU,28x5,40 To 42,General,10,20,C ,G,
6453,1545/33,"?????? ????????
tanavey? s?rasu??a",,PL,TU,28x5,42x44,General,10,20,C,G,
6454,1545/34,"????????????
v?dir?j?kti",,PL,TU,28x5,44 To 47,General,10,20,C,G,
6455,1545/35,"???? ??????? ????
na?bi ke??avara k??e",,PL,TU,28x5,48 To 49,General,9,20,C ,G,""""
6456,1545/36,"???????????? ????????
v?dir?j?v?di m?g??dra",,PL,TU,28x5,49,General,9,20,C,O,
6457,1545/37,"? ????? ??????
ya namisu sadgu?a",,PL,TU,28x5,49 To 50,General,9,20,C,G,
6458,1545/38,"????????????
madamatsarava?idu",,PL,TU,28x5,51 To 52,General,9,20,C ,G,
6459,1545/39,"????? ???
hasuga?a karava",,PL,TU,28x5,52 To 53,General,9,20,C,G,
6460,1545/4,"?????????  ????
t?ludhruva  ??bhana",,PL,TU,28x5,58 To 60,General,9,20,C ,G,"Scribe: Tulu, Language: Kannada"
6461,1545/40,"??????????
vi?h?daha?k?ra",,PL,TU,28x5,53 To 54,General,9,20,C,G,
6462,1545/41,"???? ????
pinu mayavada",,PL,TU,28x5,54x56,General,9,20,C ,G,
6463,1545/42,"????????? ?????
pomma??ana hakiy?",,PL,TU,28x5,56 To 58,General,9,20,C ,G,
6464,1545/43,"????????? ?????
t?ye?bene ninna",,PL,TU,28x5,10,General,11,20,C,G ,
6465,1545/44,"??????? ????
suranadiya p?dada",,PL,TU,28x5,60,General,9,60,C ,G,
6466,1545/45,"????? ???????????
ninna n?madh?riy?gi",,PL,TU,28x5,60 To 61,General,9,20,C ,G,
6467,1545/46,"??? ????????
t?ra malligeya",,PL,TU,28x5,61 To 62,General,9,20,C,G,
6468,1545/47,"???????? ???????? ?????
hejjege hejjege s?vira",,PL,TU,28x5,62 To 63,General,9,20,C ,G,
6469,1545/48,"????? ???????
pu?ya k??iyiva",,PL,TU,28x5,63 To 64,General,9,20,C,GO,
6470,1545/49,"???? ?????? ???
vapuva manu?ya d?ha",,PL,TU,28x5,64 To 65,General,9,20,C ,G,
6471,1545/5,"???????? ????
dharisidal? d?v?",,PL,TU,28x5,10 To 14,General,11,20,C,G,
6472,1545/50,"????? ???? ???
iru?u hagalu ka?u",,PL,TU,28x5,65 To 68,General,9,20,Ine ,OD,
6473,1545/51,"????? ????? ?????
h?jage h?jage s?vira",,PL,TU,28x5,68 To 69,General,9,20,C ,G,
6474,1545/52,"??????? ???
bh?vave?ba ja?e",,PL,TU,28x5,69,General,9,20,Ine,O,
6475,1545/53,"???? ??? ???????
ma?gala v?da v?y?nari",,PL,TU,28x5,69 To 70,General,9,60,C ,OD,
6476,1545/54,"??? ????? ?????
hari ninna jñ?na",,PL,TU,28x5,70,General,9,20,Ine,OD,
6477,1545/55,"??? ?????? ???????
rama?a surariga m?taha?ida",,PL,TU,28x5,70 To 71,General,9,20,C,O,
6478,1545/56,"??? ?????? ???
hari h?rig? bhay?",,PL,TU,28x5,71 To 72,General,9,20,C ,G,
6479,1545/57,"??????? ??????
?r?dhaneya nira?jana",,PL,TU,28x5,72 To 73,General,8,20,C ,O,
6480,1545/58,"??? ????????
mauna gauriy?gi",,PL,TU,28x5,73 To 74,General,9,20,C,GO,
6481,1545/59,"????? ??
ma?gala? jaya",,PL,TU,28x5,3folios,General,9,20,Ine ,O,
6482,1545/6,"??????? ???????
v?dir?ja gurur?ya",,PL,TU,28x5,15x16,General,11,20,C ,O,
6483,1545/60,"????????? ??????
ba??is?lala bahuv??a",,PL,TU,28x5,1folios,General,9,20,Ine,O,
6484,1545/7,"?????? ??????????
namast? vimal?k?mal?",,PL,TU,28x5,16 To 18,General,11,20,C ,O,
6485,1545/8,"???? ???? ??????
na?bu na?bu n?r?ya?a",,PL,TU,28x5,18 To 19,General,11,20,C,G,""""
6486,1545/9,"??? ????????
?re b??uvenu",,PL,TU,28x5,19,General,10,20,C,OD,
6487,1548,"??????????????? ????
n?mali?g?nu??sana? ??k?",,PL,TU,32x4,1 To 169,Nighantu,9,50,Ine ,O,"Script: Tulu, Tika Kannada"
6488,1549/3,"?????? ?????
dv?da?a ma?jari",,PL,TU,22x5.5,1 To 2,Stotra,8,30,C ,G,
6489,1549/5,"?????? ????
?ditya kavaca?",,PL,TU,22x5.5,4,Stotra,8,30,C ,G,From: Padma Purana
6490,1550,"??????? ?????
bh?radhvaja ta?tra",???????,PL,TU,14x4,1 To 145,Tantra Mantragama,,,,,
6491,1551,"???????
r?m?ya?a?",???????,PL,Te,46x3,1 To 107,Itihasa,6,71,Inc.,O,Sundara kanda
6492,1552,"???????
r?m?ya?a?",???????,PL,Te,44x4,1 To 36,Itihasa,6,70,Inc.,G,""""
6493,1553/1,"???????? ???
gurug?t? s?ra",  Rasamatya,PL,Te,37.5x5,1 To 86,Gita,5,50,C,G,"Script : Telugu, Language : Telugu"
6494,1553/2,"????? ????????
bh?gavata vy?khy?",,PL,Te,37.5x5,1 To 76,Purana,6,55,Inc. ,GO,"Script : Telugu, Language : Telugu"
6495,1554,"??? ????????
vi?a cikits?",,PL,Te,18x3,1 To 46,Vaidya,7,30,Inc.,OD,
6496,1555,"???? ?????
?abda vivara?a",,PL,Te,36x3.5,2 To 11 To ,General,7,70,Inc.,ODW,No. of Folios missing
6497,1556,"??????? ???????
pu?y?ha pray?ga?",????????,PL,Te,23x3,21leaves, G- Prayoga   ,5,30,Inc.,ODW,
6498,1557,"????? ???????? ?????
s?rya prabh?vat? ras?yana",,PL,Te,29x5.5,1 To 17,Vaidya,10,40,C `,GO,
6499,1558/1,"???????? ????
?ata?l?ki ??k?",,PL,Te,37x3.5,1 To 36,Vaidya,6,50,C,GO ,Tika Telugu
6500,1558/2,"???? ????????
b?vu vra?a?ga?u",,PL,Te,37x3.5,37 To 59,Vaidya,6,50,C ,GO,
6501,1559,"?????? ?????
???g?ra darpa?a",Kesava,PL,Te,44x3.5,1 To 82,Kamashastra,5,80,Ine ,OD,
6502,1560/1,"???? ???????
da??aka kar?ik?",,PL,Te,16x3.5,1 To 5,Stotra,5,28,C,G,
6503,1560/7,"?????? ???? ???? ???????
vai??ava m?t? vivara ??stra",,PL,Te,16x3.5,18 To 32,Vishistadvaita,6,28,C,G,
6504,1561,"????? ????
sumati padya",,PL,Te,19x3.5,1 To 15,Vishistadvaita,5,25,Ine,G,
6505,1562,"?????? ???
yadukula kath?",,PL,Te,19.5x3,1 To 22,Vishistadvaita,5,30,Ine,O,
6506,1563/1,"??????????????? ????????
n?mali?g?nu??sana? vy?khy?",,PL,Te,17x3.5,1 To 13,Nighantu,4,25,Ine,O,
6507,1563/2,"??????? ???
a?agayyana kath?",,PL,Te,17x3.5,1 To 11,General,6,25,Ine ,G,
6508,1565,"????? ???????
vaidya sa?graha?",,PL,Te,15x2.5,1 To 110,Vaidya,5,25,C,G,
6509,1566,"??? ??? ?????
108 m??a ma?tra",,PL,Te,22.5x3,12Folios,Tantra Mantragama,,,,,
6510,1567/1,"???? ???????? ????????
dar?a p?r?am?sa vy?khy?",,PL,Te ,44.5x3,1 To 114, G- Prayoga   ,6,70,C,OD.,
6511,1567/2,"???????? ??? ???????
k??m???a h?ma pray?ga?",,PL,Te ,44.5x3,115 To 119, G- Prayoga   ,6,70,C,G.,
6512,1567/3,"?????????? ?????? ?????
madhy?hnika sa?dhy? vidhi?",,PL,Te,44.5x3,119 To 126, G- Prayoga   ,6,70,C,Go.,
6513,1567/4,"?????? ?????
b?dh?yana k?rika",,PL,Te,44.5x3,127 To 129, G- Prayoga   ,6 to,10,C,G.,
6514,1567/5,"????? ?????
ga?ah?ma k?rika",,PL,Te.,44.5x3 ,129 To 1, G- Prayoga   ,6,70,C,G.,
6515,1567/6,"???????? ????
pi??apit? yajña",,PL,Te.,44.5x3 ,130 To 133, G- Prayoga   ,6,10,C,Go.,
6516,1568,"??????? ???????
pit?m?dha pray?ga?",??????? ????,PL,Te.,50x4.5,1 To 150, G- Prayoga   ,7,60,C,ODW,
6517,1569,"??? ???????
vacana r?m?ya?a?",Shidgam ,PL,TE,44.5x3.5 ,1 To 163,Itihasa,5,50,Ine,ODW,"Script-Kannada, Languge-Telugu"
6518,1570,"??????????? ???????
?rautapray?ga sa?graha?",,PL,Te,43x3,1 To 215,Grahyasutra,7,70,Inc.,ODW.,
6519,1571,"????????
?ivarahasya",Vyasa,PL,Te,48x4,1 To 238,Purana,7,80,Ine,OD ,From: Skanda Purana
6520,1572,"???????
r?m?ya?a?",Ranganathah,PL,Te,41.5x5,1 To 243,Itihasa,7,70,C,Go,"Script: Telugu, Language-Telugu"
6521,1573,"????????? ??????
?ivatattva nir?aya",Appaiah Dixita,PL,Te,44X3,1 To 107,shaiva,6,80,C,ODW,
6522,1574,"??????????
kal???stra",Sajjana Videya,PL,Te,46x4,1 To 110,Kamashastra,6,65,40C ,ODW,"Telugu Script, Telugu Language"
6523,1575,"???? ??????????
d?v? m?h?tmya?",Vyasa,PL,Te,20.5x3.5,1 To 74,Purana,6,25,C ,G,
6524,1576/2,"??????? ?????????????
dak?i?? m?rty???aka?",,PL,Te,16.5x3,1 To 3,Stotra,6,25,C,G,
6525,1576/3,"????? ?????? ??????
ga?apati v?dap?da stavana?",Sankaracaryah,PL,Te,16.5x3 ,3 To 4,Stotra,6,25,C,G,
6526,1576/5,"??? ?????? ?????
ga??ha b?ru??ha ma?tra",,PL,Te,16.5x3,21 To 24,Tantra Mantragama,,,,,
6527,1576/6,"????? ??????? ?????
?atru ucch??ana ma?tra",,PL ,Te,16.5x3,24 To 28,Tantra Mantragama,,,,,
6528,1576/7,"?????????? ????????
i?dr?k?i st?tra?",,PL,Te,16.5x3,24 To 34,Stotra,6,25,C ,O,
6529,1576/8,"?????????? ???? ?????
i?dr?k?i m?l? ma?tra",,PL,Te,16.5x3,34 To 40,Tantra Mantragama,6,25,C,ODw,
6530,1577,"??? ???????
apara pray?ga?",,PL,Te,41x4,3 To 116, G- Prayoga   ,7,65,Inc.,OD.,
6531,1578,"???????? ???????
manus?tra pray?ga?",,PL,Te,38x5.5,1 To 49, G- Prayoga   ,9,60,C ,Go.,
6532,1579,"???????
r?m?ya?a?",Valmikih,PL,Te,27x5,10 To 215,Itihasa,10,55,Ine,G,
6533,1581,"???????
r?m?ya?a?",Tandri Vittalah,PL,Te,44.5x3.5,1 To 338,Itihasa,8,75,C,ODW,"Telugu- Script, Telugu Language"
6534,1582,"???????
r?m?ya?a?",,PL,Te,42x5,5 To 29,Itihasa,11,80,Ine,ODW,""""
6535,1583/1,"??????????
b?lar?m?ya?a?",,PL,Te,18x3,1 To 13,Itihasa,6,35,Ine,ODW,
6536,1583/2,"??????? ???????
mah?bh?rata sa?graha?",,PL,Te,18x3,16 To 27,Itihasa,6,35,Ine ,ODW,
6537,1584,"?????? ???
r?jay?ga s?ra",,PL,Te,18.5x3,1 To 45,Yoga,6,25,Ine,ODW,
6538,1585,"???? ???
?c?ra s?ra",,PL,Te,42x3.5,13 To 94,Tantra Mantragama,13&94,6,70,Ine,ODW
6539,1602,"????? ???????
p?rva pray?ga?",,PL,Kan.,40x5,1 To 46, G- Prayoga   ,7,60,Inc.,G.,
6540,1603,"???????
r?m?ya?a?",,PL,Kan,49x5.5,1 To 244,Itihasa,9,75,Ine,O,"Script: Kannada, Languge-Samskrt"
6541,1604,"??????? ??????
??stra d?pik?",ParthaSarathi Mishra,PL,Kan,42x5,1 To 186,Yoga,9,65,C,O,
6542,1605,"???????????? ????????????
pr?ya?citta tattvav?tti",,TU,""" ",24x4.5,1 To 130,Grahyasutra,8,40,C,O.,
6543,1606,"???????
r?m?ya?a?",,PL,Kan,49x5,1 To 284,Itihasa,10,100,Ine,ODW,BalaKanda - Sundara Kanda
6544,1607,"???????
r?m?ya?a?",,PL,Kan,48x4,112 To 388,Itihasa,9,95,Ine,ODW,Ayodhya to Sundara Kanda
6545,1608/1,"?????????????
pa?c?m?t?bhi??ka",,PL,Kan,19.5x4,1 To 5,Shaivagama,6,30,C,GO,
6546,1608/2,"?????? ????
pavitra p?j?",,PL,Kan,19.5x4,5 To 22, pooja,6,30,C ,G,
6547,1608/3,"????????? ????
pa?cam?rti p?j?",,PL,Kan,19.5x4,23 To 28, pooja,6,30,C,G,
6548,1608/4,"??????? ?????? ?????
k?rtika s?mav?ra kalpa?",,PL,Kan,19.5x4,29 To 39, pooja,8,30,C,G,
6549,1609/1,"???????????????? ???
k?rtav?ry?rjuna kavaca",,PL,Kan,20x4.5,1 To 13,Tantra Mantragama,,,,,
6550,1609/3," ???????? ?????
 s?vitr? vrata?",,PL,Kan.,20x4.5,36 To 40,Vrata,8,30,Inc.,GO,
6551,1612,"????????? ???????
vi?vakarma ??stra",,PL,Kan,18x4,1 To 27,Shilpa,6,25,C,G,
6552,1613,"??????? ?????
v?rabhadra ma?tra",,PL,Kan,23x5,10folios,Tantra Mantragama,,,,,
6553,1614,"????? ?????
puru?a s?kta",,PL,Kan,12x3,2Folios,Veda - Mantra,6,16,Inc,O,
6554,1615,"?????? ????
durg? p?j?",,PL,Kan.,17x3.5,6Folios, pooja,5,20,Inc. ,OD,
6555,1617,"?????? ??????????
s?kti mukt?va?i?",Somaprabha,PL,Kan,21x5,1 To 10,Subhashita,11,35,C ,OD,
6556,1626,"???????
r?m?ya?a?",Somaprabha,PL,N. Na,37x5.5,1 To 74,Itihasa,10,58,Ine,ODW,Sundara Kanda
6557,1627/1,"?????? ????
r?m?ya?a tatva",Sri Brahmananda ,PL,N. Na,50x5.5,1 To 202,Itihasa,8,85,C,OD,
6558,1627/2,"????????????? ??????? ????????
dak?i??m?rti st?tra vy?khy?",,PL,N. Na,50x5.5,1 To 8,Stotra,8,85,C,O,
6559,1627/3,"???????? ????????
guru?ataka? st?tra?",,PL,N. Na,50x5.5,1 To 3,Stotra,8,85,C,O,
6560,1628,"?????? ??????
?gv?da sa?hit?",,PL,N. Na,40x3.5,1 To 155,Samhita,6,55,Inc,ODW.,From V Astaka 
6561,1629,"??????? ??????????
vaiy?kara?a paribh???rtha",Vaidyanaytha sastri,PL,N.Na,19.5x4.5 ,1 To 109,Vyakarana,8,30,C,O,
6562,1631/2,"???? ???
pi??a d?na",,PL,N.Na,24.5x5,1 To , G- Prayoga   ,9,38,Inc. ,O,
6563,1631/3,"?????? ???????
ala?k?ra sa?graha?",,PL,N.Na,24.5x5,1 To 9,Alankara,9,38,Ine,O,
6564,1631/4,"???? ???
dh?tu p??ha",,PL,N.Na,24.5x5,1 To 3,Vyakarana,9,38,Ine,OD,
6565,1632/1,"???????????????
???v?sy?pani?at",,PL,N.Na,26x5,1 To 1 To 1,Upanisat,11,40,C,G.,
6566,1632/10,"?????????????????
b?had?ra?yak?pani?at",,PL ,N.Na,26x5,37 To 49,Upanisat,11,40,C,G.,
6567,1632/12,"?????????????
kaivaly?pani?at",,PL,N.Na,26x5,59 To 60,Upanisat,11,40,C,G.,
6568,1632/2,"??????????
k?n?pani?at",,PL,N. Na,26x5,1 To 1 To 2,Upanisat,11,40,C ,G.,
6569,1632/3,"?????????
ka?h?pani?at",,PL,N.Na,26x5,3 To 8 To 1,Upanisat,11,40,C,G.,
6570,1632/4,"?????????????
pra?n?pani?at",,PL ,N.Na,26x5,8 To 1 To 13,Upanisat,11,40,C,G.,
6571,1632/5,"????????????
mu??ak?pani?at",,PL,N.Na,26x5,13 To 16,Upanisat,11,40,C,G.,
6572,1632/6,"???????????????
m????ky?pani?at",,PL,N.Na,26x5,16 To 18,Upanisat,11,40,Inc.,G.,
6573,1632/7,"????????????
aitar?y?pani?at",,PL,N.Na,26x5,18 To 1 To 21,Upanisat,11,40,C,G.,
6574,1632/8,"????????????????
taittir?y?pani?at",,PL ,N.Na,26x5,22.3,Upanisat,11,40,Inc,ODW.,
6575,1632/9,"???????????????
ch??d?gy?pani?at",,PL,N.Na,26x5,31 To 36,Upanisat,11,40,C,G.,
6576,1633/1,"?????? ?????
citti s?kta",,PL,N. Na,25.5x5,1 To 10,Veda - Mantra,8,35,Inc.,OD.,
6577,1633/2,"????????????????
taittir?y?pani?at",,PL ,N.Na,25.5x5,10 To 1 To 14,Upanisat,8,35,INC,O.D.,
6578,1633/3,"??????????????
k???ayajusa?hit?",,PL,N.Na,25.5x5,14 To 1 To 46,Samhita,8,35,Inc.,ODW,
6579,1633/4,"??????? ???? ????????
g?yatr? h?daya st?tra?",,PL,N. Na,25.5x5,1 To 10,Stotra,8,35,C,OD,
6580,1633/5,"?????????
bhagavadg?t?",,PL,N. Na,25.5x5,5folios,Gita,8,35,Ine,DW,
6581,1634,"?????? ???????
pray?ga p?rij?ta",,PL,N.Na,41x4,191 To 399, G- Prayoga   ,6,60,Inc. ,ODW,
6582,1636,"??????????????
k???ayajusa?hit?",,PL,N.Na,34x5,1 To 35,Samhita,8,60,Inc,ODW,
6583,1638,"????????? ??????
bhagavadg?t? bh??ya?",Sankaracarya,PL,N. Na,26x6,1 To 202,Gita,10,35,C,G,
6584,1639/1,"????????? ????????
m?tyu?jaya m?nasap?j?",,PL,N.Na,27x5,1 To 4, pooja,7,56,C,OD,
6585,1639/2,"????????????
gaj??dram?k?a",,PL,N. Na,27x5,4 To 5,Purana,7,50,Ine,O,
6586,1639/3,"????? ??????? ?????
s?rya namask?ra vidhi?",,PL,N.Na,27x5,1 To 6, G- Prayoga   ,7,50,C,O,
6587,1639/4,"??????????????? (??????)
n?mali?g?nu??sana? (d?pik?)",Rama Vidusa,PL,N. Na,27x5,1 To 100,Nighantu,7,50,Ine,OD,
6588,1640/1,"????? ????? ????
kanna?a ak?ara m?le",,PL,N. Na,23x3.5,1 To 6,General,4,30,Ine ,OD,
6589,1641,"????? ???????
uttara r?m?ya?a?",Valmikih,PL,N. Na,48x5,1 To 79,Itihasa,8,90,Ine ,ODW,
6590,1642,"?????? ????
durg? p?j?",,PL,N.Na,27x4.5,1 To 17, pooja,6,32,C,OD,
6591,1651,"???? ??????????
d?v? m?h?tmya?",,PL,Mal,23x6,27Folios,Purana,11,30,Ine,OD,
6592,1651,"????????? ???????????? ????????
karmavip?ka pr?ya?citta sudh?nidhi",Sayanacarya,PL,Mal,18x3.5 ,1 To 95,Vaidya,8,28,C,G,
6593,1653,"??????????????
siddh??takaumudi",,PL,Mal,30x5.5,14,Vyakarana,50,126folios,Ine,GO,
6594,1654,"???????????????
n?mali?g?nu??sana?",AmaraSimha,PL,Mal,17x4,1 To 127,Nighantu,1&127,9 28,C,G,
6595,1655,"???? ???? ?????
k??? p?j? vidhi?",,PL,Mal,18x4,150Folios,Tantra Mantragama,,,,,
6596,1656,"??? ???? ????? ???????
?iva p?j? vidhi? ity?di",,PL ,Mal,33x4.5,1 To 84,Tantra Mantragama,,,,,
6597,1657,"????? ???????
vaidya sa?graha?",,PL,Mal,14x4,107folios,Vaidya,9,25,Ine,GO,Script: Malayalam: Malayalam
6598,1658,"????? ???
b?lati s?ra",,PL,Mal,18x4,1 To 68,Tantra Mantragama,,,,,"Script: Malayalam, Language: Malayalam, Tantra Sambhandim Geometaical Picturs"
6599,1660,"???? ??????????
d?v? m?h?tmya?",,PL,Mal,14x2.5,25Folios,Purana,6,25,Ine,OD,
6600,1661,"??? ????????? ?????
m?ga nirnakka? ma?tra",,PL,Mal,11.5x2.5,34Folios,Tantra Mantragama,,,,,"Script: Malayalam, Language: Malayalam."
6601,1662,"????? ?????????? ????? ?????
ka??ana tiricch?n upad??a ma?tra",,PL,Mal,14x4,49Folios,Tantra Mantragama,,,,,
6602,1663,"????? ???????
vaidya sa?graha?",,PL,Mal,14.5x4.5,65folios,Vaidya,11,25,Ine,OD,""""
6603,1664,"????? ???????
vaidya sa?graha?",,PL,Mal,20.5x4,45folios,Vaidya,8,30,Ine,G,
6604,1665,"????? ???????
vaidya sa?graha?",,PL,14x4,1&60,9,Vaidya,20,9,C,G,""""
6605,1666,"??????????? ????????
gunmattini cikits?",,PL,Mal,33x3.5,96folios,Vaidya,7,50,Ine,OD,
6606,1667,"????? ???????
vaidya sa?graha?",,PL,Mal,24x3.5,228,Vaidya,8,40,Ine,ODW ,"Script: Malayalam, Language: "
6607,1668,"???????? ???? ????
ya?tr??i ?abda r??i",,PL,Mal,32x4.5,47Folios,Tantra Mantragama,,,,,
6608,1669,"???? ?????? ????
???a?a kriy? karma",,PL,Mal,27x3,111Leaves, G- Prayoga   ,5,45,Inc. ,OD.,Script : Old Malayalam Language : Old Malayalam
6609,1676,"???? ??????????
d?v? m?h?tmya?",,PL,TU,16x5,1 To 103,Purana,9,25,C,OD,From: Markandeya puranam
6610,1676/2,"???? ?????
d?v? s?kta",,PL,TU,16x5,103 To 114,Veda - Mantra,9,25,C,OD.,
6611,1676/3,"???? ????????? ????????
d?v? a???ttara st?tra?",,PL,TU,16x5,114 To 119,Stotra,9,25,C,OD,
6612,1676/5,"???? ???????
guru dhy?nam",,PL,TU,16x5,131 To 136,Stotra,9,25,C ,OD,From: Rudramale
6613,1676/6,"?????? ?????? ?????
s?mav?ra arghya ma?tra",,PL,TU,16x5,1 To 13,Vaidya,9,25,Ine,,Rekha Chitram
6614,1677,"?????? ????????
pray?ga ratnam?l?",,PL,TU,35x6,1 To 230, G- Prayoga   ,13,55,C,G.,Bodha Yaniya 
6615,1688/1,"??? ??????????
m?gha m?h?tmya?",,PL,TU,31x4.5,1 To 3,Purana,8,40,Ine,O,From: Vayupurana
6616,1688/2,"??????????????? ????
n?mali?g?nu??sana? ??k?",,PL,TU,28x5,56folios,Nighantu,11,45,Ine,OD,""""
6617,1689,"????? ??????
dhana?jaya nigha??u",,PL,TU,28x4,20folios,Nighantu,11,45,Ine ,OD,
6618,1690/2,"???????? ?????
vai?vad?va ma?tra",,PL,TU,19x4,5 To 9,Veda - Mantra,8,30,C,G.,
6619,1691/1,"??? ???? ?? ??????
?k ??kh? para kriy?",,PL,TU,23x4,1 To 17,Samhita,7,30,Inc.,OD.,
6620,1691/2,"????????????? ????????
dak?i??m?rti st?tra?",Sankracarya,PL,TU,23x4,11folios,Stotra,7,30,Ine,O,
6621,1692,"????? ???????
p?rva pray?ga?",,PL,TU,39x5,90 To 290, G- Prayoga   ,11,65,Inc.,ODW,
6622,1693/1,"?????? ???? ?????
sa?dhy? va?dana vidhi?",,PL,TU,18x4.5,1 To 15, G- Prayoga   ,9,20,C,Go.,
6623,1693/3,"??????? ???????
?r?ddha pray?ga?",,PL,TU,18x4.5,23Folios, G- Prayoga   ,9,20,Inc.,O,
6624,1695/1,"?????? ???? ????????
r?m?ya?a ca?p? vy?khy?",Bhadra Rameswara,PL ,TU,31x3.5,1 To 37,Campu,8,45,Ine,GO,
6625,1695/3,"??????? ???????
vrata?ta ratn?kara",Kedara,PL,TU,31x3.5,13folios,Chanda,8,45,Ine,OD,
6626,1696/1,"????????? ???
bhagavadg?t? s?ra",,PL,TU,22x4.5,1 To 4,Gita,9,30,C ,G,
6627,1696/2,"????????? ??????
ka?h?pani?at bh??ya?",,PL,TU,22x4.5 ,2 To 15,Upanisat,9,30,Inc.,O,
6628,1697,"?????? ??????? ???????
p?rva?a ?r?ddha pray?ga?",,PL,TU,49x6,1 To 149, G- Prayoga   ,12,75,Inc.,OD.,
6629,1698/1,"????  ??????
a?auca  nir?aya",,PL,TU,22.5x4.5,1 To 20, G- Prayoga   ,13,40,C,G.,
6630,1700,"?????? ????
r?m?ya?a ca?p?",,PL,TU,36x4,56Folios,Campu,6,40,Ine,OD,
6631,1701,"??? ?????? ????
?k bh??ya? ??k?",,PL,27x5,1to65,10,Samhita,45,Inc. ,O.,,
6632,1703,"??????? ???????
?r?ddha pray?ga?",,PL,TU,27x5,1 To 21, G- Prayoga   ,10,45,Inc.,Go.,
6633,1705,"???????? ??????
?ivajñ?na d?pik?",,PL,TU,17x5,1 To 187,Shaivagama,13,28,C,GO,
6634,1706,"????? ????????
bh?gavata vy?khy?",,PL,TU,30x5.5,1 To 146,Purana,11,50,Ine ,Go,
6635,1707,"?????????
kuvalay?na?da",Appaiah Diksita,PL,TU,27x6,1 To 123,Alankara,12,35,C ,GO,
6636,1708,"????????? ????????
bhagavadg?t? vy?khy?",Sridhara Swami,PL,TU,27x4,2 To 130,Gita,7,35,Inc,Go,
6637,1709,"?????????
?abdama?jari",,PL,TU,22.5x4,2 To 27,Vyakarana,8,28,Ine,O,
6638,1711/1,"??????? ????
sadratna m?l?",,PL,TU,17x5,1 To 18,Ganita,15,30,C,G,
6639,1711/11,"????  ??????
a?auca  nir?aya",,PL,TU,17x5,1 To 42, G- Prayoga   ,15,30,Inc,G.,
6640,1711/14,"??????? ????
sadratna m?l?",,PL,TU,17x5,1 To 32,Ganita,15,30,Ine,GO,
6641,1711/2,"???????
mah?c?p?",,PL,TU,17x5,18 To 21,Shilpa,15,30,C,G,
6642,1711/4,"????????????? ????????
g?rn??ray?di v?khy?ni",,PL,TU,17x5,25 To 28,Smriti,15,30,C,G,
6643,1711/6,"?? ???? ???????
nava graha stuti?",,PL,TU,17x5,35 To 37,Stotra,15,30,C,G,
6644,1711/9,"?????????? ??? ???????
k?pa??stra s?ra sa?graha?",,PL,TU,17x5,60 To 61,Shilpa,15,30,C ,G,
6645,1713,"???????? ??????
prakriya kaumudi",Ramachandra,PL,TU,25x4.5,82 To 170,Vyakarana,10,45,Ine,OD,
6646,1714,"???????? ??????????
sidd??ta mukt?va?i?",,PL,TU,38x5.5,1 To 69,Nyaya,12,60,Ine,OD,
6647,1715,"?????????
kuvalay?na?da",,PL,TU,40x6,14folios,Alankara,10,65,Ine,ODW,
6648,1716/1,"?????? ????
r?m?ya?a ca?p?",,PL,TU,38x5,1 To 27,Campu,13,75,Ine,OD,
6649,1716/2,"??????? ????
lak?ma?a ca?p?",,PL ,TU,38x5,27 To 30,Campu,13,75,Ine,O,
6650,1716/3,"???? ????
sam?sa cakra",,PL,TU,38x5,1 To 2,Vyakarana,13,60,Ine,GOD,
6651,1718,"???????????????
n?mali?g?nu??sana?",,PL,TU,23x4.5,50folios,Nighantu,8,30,Ine,OD,
6652,1719/1,"????????? ????? ?????
pa?c?k?ari mahim? var?ana",,PL,TU,31x4,1 To 4,Vrata,8,45,C,O,
6653,1719/10,"????????????? ????????
dak?i??m?rti st?tra?",,PL,TU,21x4.5,98 To 100,Stotra,9,50,C,G,
6654,1719/11,"??????? ??????????
k?rtika m?h?tmya?",,PL,TU,31x4.5,100 To 135,Purana,9,50,C,G,
6655,1719/12,"???????????????
a?vatthast?tra?",,PL,TU,31x3.5,135 To 137,Stotra,9,50,C ,G,
6656,1719/13,"?????? ??????????
k?v?ri m?h?tmya?",,PL,Tu,31x4.5,137 To 161,Purana,9,50,C,G,
6657,1719/2,"?????? ???????? ?????
m?ghasita caturda?? mahim?",,PL,TU,31x4.5,4 To 9,Vrata,9,50,C,GO,
6658,1719/3,"????????? ?????
?ivar?tri var?ana",,PL,TU,31x4.5,9 To 15,Vrata,9,50,C,G,
6659,1719/4,"???????? ????
caturda?? p?j?",,PL,TU,31x4.5,15 To 17, pooja,9,50,c ,G,From : Brahmottarakanda
6660,1719/5,"????????? ?????
?aniprad??a mahim?",,PL,TU,31x4.5,17 To 29,Vrata,9,50,C,G,From : Brahmottara Kanda
6661,1719/7,"??????????? ?????
??ib?ry?di mahim?",,PL,TU,31x4.5,39 To 77,Vrata,9,50,C,G,From : Brahmottarakanda
6662,1719/9,"????????? ????????
m?tyu?jaya m?nasap?j?",,PL,TU,31x4.5,96 To 97, pooja,9,50,C,G,
6663,1720/1,"?????? ????
vin?yaka kalpa",,PL,TU,18x5.5,1 To 4, pooja,11,26,C,G,
6664,1720/2,"?????? ?????
vin?yaka vrata?",,PL,TU,18x5.5,4 To 15,Vrata,11,26,C,G,
6665,1720/4,"???? ?????
ana?ta vrata?",,PL,TU,18x5.5,18 To 21,Vrata,11,26,C,G,
6666,1720/6,"????? ??????
par??ara sm?ti",,PL,TU,18x5.5,48 To 105,Smriti,11,26,C,G,
6667,1721,"????????? ??? ??????????
m?tyu?jaya h?ma ya?tr?pac?ra",,PL,TU,22x4,1 To 46,Tantra Mantragama,,,,,
6668,1722,"??????? ????????
mah?bh?rata t?tparya",Ananda Tirtha,PL,TU,33x5.5 ,1 To 239,Dvaita,12,50,Ine,OD,
6669,1723,"??????? ????????
mah?bh?rata t?tparya",,PL,TU,27x5.5,97 To 273,Dvaita,10,45,Ine,DW,
6670,1724,"?????? ????????????
s?mav?ra vrat?dy?pana?",,PL,TU,42x4,1 To 19,Vrata,7,45,C,OD,
6671,1725,"?????? ??????
sad?c?ra sm?ti",Ananda Tirtha,PL,TU,17x5.5,1 To 94,Dvaita,8,35,Ine,GO,
6672,1726/1,"??????????
garu?apur??a?",Vyasa,PL,TU,23x4.5,1 To 60,Purana,8,30,Ine ,OD,
6673,1727,"????? ???? ?????
ga?apati p?j? vidhi?",,PL,TU,24x3,1 To 27, pooja,6,25,Inc. ,DW,
6674,1730/1,"??????? ????
pu?y?ha karma",,PL,TU,18.5x4,1 To 35, G- Prayoga   ,6,20,C ,OD.,
6675,1730/2,"????? ??? ?????
agni mukha jay?di",,PL,TU,18.5x4,37 To 52, G- Prayoga   ,6,20,C,Go.,
6676,1730/3,"???????? ??? ???????
k??m???a h?ma pray?ga?",,PL,TU,18.5x4,53 To 78, G- Prayoga   ,6,20,C,G.,
6677,1731,"?????????
bhagavadg?t?",,PL,TU,15x3.5,1 To 79,Gita,7,25,Ine,ODW,
6678,1732,"??????? ???????
?r?ddha pray?ga?",,PL,TU,14x4.5,1 To 47, G- Prayoga   ,7,20,C,Go.,
6679,1734/1,"??? ?????? ????
am? s?mav?ra p?j?",,PL,TU,20x4,1 To 11, pooja,6,20,C ,G,From : Bhavisottarapurana
6680,1735,"????? ??? ?????
pavam?na h?ma vidhi?",,PL,TU,17x5,1 To 23, G- Prayoga   ,10,20,C,OD.,
6681,1736,"????? ???????
t?rtha praba?dha?",Vadiraja,PL,TU,16x5,1 To 22,Dvaita,10,22,Ine,Go ,Purva Prabhanda
6682,1738,"????? ??? ??? ????
ga?apati h?ma p??ha p?j?",,PL,TU,18.5x4.5,34 To 41,Tantra Mantragama,,,,,
6683,1739/1,"????? ???? ?????
nitya karma vidhi?",,PL,TU,20x4,1 To 7, G- Prayoga   ,6,15,C,Go.,
6684,1739/2,"????? ????
yamun? p?j?",,PL,TU,20x4,8 To 14, pooja,6,15,C ,O,
6685,1741,"???? ?????
n??i s?kta",,PL,TU,19x4,9Folios,Veda - Mantra,8,25,Inc,OD.,
6686,1742,"??? ?????? ????
am? s?mav?ra p?j?",,PL,TU,18x4,1 To 10, pooja,7,18,C,GO,
6687,1744,"???? ??????????
d?v? m?h?tmya?",,PL,TU,17.5x3,1 To 41,Purana,8,30,C,GO,""""
6688,1745,"??????? ?????
a?var?da ya?tra",,PL,TU,12x4,15 To 30,Tantra Mantragama,8,20,Ine,OD,
6689,1746,"????? ????
??rad? p?j?",,PL,TU,20x3.5,6Folios, pooja,5,23,Inc.,OD,
6690,1747/2,"????? ????? ?????? ???
agni m??ika v?stu ?la?",,PL,TU,28x4.5,29 To 32,Tantra Mantragama,8,25,C,O,
6691,1747/3,"???????? ?????
??ipa?cam? vrata?",,PL,TU,28x4.5,33 To 46,Vrata,8,25,C,G,
6692,1747/4,"????????????
d?m?dar???aka?",,PL,TU,28x4.5,47,Stotra,8,25,C ,G,
6693,1747/5,"???? ??????
da?ami nir?aya",,PL,TU,28x4.5,48 To 49, G- Prayoga   ,8,25,C,G.,
6694,1747/7,"???????????????
n?mali?g?nu??sana?",,PL,TU,28x4.5,59 To 152,Nighantu,8,25,C,GO,
6695,1748/1,"???? ?????? ????
???a?a kriy? karma",,PL,TU,20.5x5,1 To 94, G- Prayoga   ,9,25,C,OD,
6696,1748/2,"???? ?????
ku??a lak?a?a",,PL,TU,20.5x5,95 To 101,Tantra Mantragama,,,,,
6697,1748/3,"??????? ????
pu?y?ha v?cana",,PL,21x5,20.5x5 ,102 To 105, G- Prayoga   ,9,25,C,G.,
6698,1749/10,"?????? ???????? ????????
durg? sahasran?ma st?tra?",,PL,TU,33x6,36 To 43,Stotra,10,40,Ine ,GO,
6699,1749/11,"?????????????? ????????
durg????ttara st?tra?",,PL,TU,33x6,44 To 45,Stotra,10,40,Ine ,OD,
6700,1749/6,"????????? ???? ?????
?ivar?tri p?j? vidhi?",,PL,TU,33x6,3 To 5, pooja,10,40,C,G,From Skandapurana
6701,1749/7,"???????? ????
??ipa?cam? p?j?",,PL,TU,33x6,5 To 9, pooja,10,40,C ,G,
6702,1749/8,"???????? ????????
??ipa?cam? udy?pana?",,PL,TU,33x6,10,Vrata,10,40,C,G,
6703,1750/38,"????? ????? ?????? ???
agni m??ika v?stu ?la?",,PL,TU,33x5,36,Tantra Mantragama,10,45,C,GO,
6704,1750/53,"???? ?????
arka viv?ha",,PL,TU,33x5,50 To 53, G- Prayoga   ,10,45,C,Go.,
6705,1750/58,"????? ???? ?????
sahasra bh?jana vidhi?",,PL,TU,33x5,54 To 59, G- Prayoga   ,10,45,C ,O,
6706,1752/1,"???????? ??????????? ?????
gulmar?ga pratikriy? vidhi?",,PL,TU,27x5,2 To 20,Vaidya,11,40,Ine,O,"Script: Tulu, Language: Kannada"
6707,1753,"??????? ???????
pu?y?ha pray?ga?",,PL,21x5,30x3.5,20leaves, G- Prayoga   ,5,30,Inc.,OD.,
6708,1754,"????????? ??????? ???????
sapi???kara?a ?r?ddha pray?ga?",,PL,TU,27x4.5,1 To 33, G- Prayoga   ,8,30,Inc.,OD.,
6709,1755,"???? ????? ?????
sarva ta?tra ma?tra",,PL,TU,23x5,12 To 37,Vaidya,9,35,Ine,O,
6710,1756/1,"????????? ?????
m?tyu?jaya ma?tra",,PL,TU,22x4.5,1 To 13,Tantra Mantragama,,,,,
6711,1756/2,"???????????????????
yajñ?pav?tam?h?tmya?",Vyasah,PL,TU,22x4.5,1 To 3,Purana,7,25,C,GO,From: Kurma Purana
6712,1757,"????????? ????
???a??pac?ra p?j?",,PL,TU,17x3.5,1 To 49, pooja,5,20,C,OD,
6713,1760,"?????????
bhagavadg?t?",,PL,TU,11x5,1 To 71,Gita,12,15,C,OD,
6714,1761/1,"????? ????
yamun? p?j?",,PL,TU,13x5,1 To 14, pooja,12,25,C,OD,
6715,1761/2,"???????? ??????????
ana?tavrata m?h?tmya?",Vyasa,PL,TU,13x5,5 To 43,Purana,12,25,C,O,From: Bhavisottara Purna
6716,1762,"?????? ??????
?gv?da sa?hit?",,PL,TU,35x5,1 To 165,Samhita,10,45,Inc.,G.,"V, VI Astaka"
6717,1763,"?????? ??????
?gv?da sa?hit?",,PL,TU,40x5.5,1 To 182,Samhita,12,55,Inc.,G.,Scribe to Nnsimhasarmana to I II III IV Astaka
6718,1764,"?????? ???????
pray?ga p?rij?ta",??????,PL,TU,47x5,1 To 220, G- Prayoga   ,11,80,Inc.,Go.,
6719,1766,"?????? ??????
?gv?da sa?hit?",,PL,TU,37x6,1 To 195,Samhita,12,60,Inc.,Go.,V VI VII Astaka
6720,1767/1,"??????? ??????????
k?rtika m?h?tmya?",,PL,TU,34x5,1 To 31,Purana,15,55,C,OD,""""
6721,1767/2,"???????????????
vai??kham?h?tmya?",Vyasa,PL,Tu,34x5,107 To 148,Purana,15,55,C,O,From: Padma Purana
6722,1767/3,"??? ??????????
m?gha m?h?tmya?",Vyasa,PL,TU,34x5,68 To 107,Purana,15,35,C,GO,
6723,1767/4,"???????????????
vai??kham?h?tmya?",Vyasa,PL,Tu,34x5,107 To 148,Purana,15,55,C,O ,From: Skanda Purana
6724,1767/5,"??? ??????????
m?gha m?h?tmya?",Vyasa,PL,TU,34x5,149 To 203,Purana,15,55,C,G,From: Vayu Purana
6725,1767/6,"??? ??????????
m?gha m?h?tmya?",Vyasa,PL,TU,34x5,204 To 238,Purana,15,55,C,OD,From: Padmapurana
6726,1768,"?????? ??????
?gv?da sa?hit?",,PL,TU,51x6.5,1 To 117,Samhita,12,80,Inc.,Go.,V VI VII VIII Astaka
6727,1769,"?????? ??????
?gv?da sa?hit?",,PL,TU,40x5.5,1 To 201,Samhita,10,35,Inc.,Go.,
6728,1770,"??????? ?????
?ivap?j? vidhi?",,PL,TU,27x4.5,1 To 41, pooja,10,35,C ,GO,From : Lingapurana
6729,1770,"?????? ??????
?gv?da sa?hit?",,PL,TU,46x4.5,1 To 213,Samhita,10,75,C,OD.,
6730,1771,"???????????????
?dy?tmar?m?ya?a?",,PL,TU,36.5x5,1 To 141,Itihasa,10,50,C,ODW,
6731,1772,"??? ???????
apara pray?ga?",,PL,TU,23x6,1 To 60, G- Prayoga   ,11,25,C,G.,
6732,1773,"??????? ???????
?r?ddha pray?ga?",,PL,TU,26.5x5,1 To 32, G- Prayoga   ,7,35,C,Go.,
6733,1774/1,"????? ???? ???????
p?rva ???a?a pray?ga?",,PL,TU,20x5,1 To 71, G- Prayoga   ,8,30,C,O,
6734,1774/2,"???????? ????? ?????? 
??val?yana g?hya s?tra? ",????????,TU,19x5.5,20x5,1 To 13,Grahyasutra,8,30,Inc.,Go.,
6735,1774/3,"?????? ???????
udaku?bha ?r?ddha",,PL,TU,20x5,123 To 136, G- Prayoga   ,8,30,Inc.,G.,
6736,1775,"?????? ??????
?gv?da sa?hit?",,PL,TU,27x5,1 To 143,Samhita,8,40,Inc.,OD.,I II III Astaka
6737,1776,"?????? ??????
?gv?da sa?hit?",,PL,TU,35x5,1.38,Samhita,11,60,C,OD,
6738,1778,"????? ??? ?????
pavam?na h?ma vidhi?",,PL,TU,30x5,1 To 49, G- Prayoga   ,8,40,C,G.,
6739,1779/1,"?????? ?????
vi??u s?kta",,PL,TU,21x5,1 To 4,Veda - Mantra,10,25,C,OD.,
6740,1779/10,"????? ?????
puru?a s?kta",,PL,TU,21x5,29 To 30,Veda - Mantra,10,25,C,Go.,
6741,1779/11,"?? ?????
g? s?kta",,PL,TU,21x5,30 To 31,Veda - Mantra,10,25,C,Go.,
6742,1779/12,"????? ?????
agni s?kta",,PL,TU,21x5,31.33,Veda - Mantra,10,25,C,Go.,
6743,1779/14,"????? ?????
ga?apati s?kta",,PL,TU,21x5,42 To 43,Veda - Mantra,10,25,C,Go.,
6744,1779/15,"??????? ?????
lak?m? s?kta",,PL,TU,21x5,44 To 46,Veda - Mantra,10,25,C,Go.,
6745,1779/16,"????????
?ps?kta",,PL,TU,21x5,47,Veda - Mantra,10,25,C,G.,
6746,1779/17,"????? ?????
manyu s?kta",,PL,TU,21x5,47 To 49,Veda - Mantra,10,25,C ,Go.,
6747,1779/18,"??? ?????
gh?ta s?kta",,PL,TU,21x5,49 To 50,Veda - Mantra,10,25,C ,Go.,
6748,1779/19,"?????? ?????
m?rjana ma?tra",,PL,TU,21x5,50 To 53,Veda - Mantra,10,25,C,G. ,
6749,1779/20,"???? ?????
?r? s?kta",,PL,TU,21x5,53 To 55,Veda - Mantra,10,25,C,Go.,
6750,1779/21,"?????? ?????
hira?ya s?kta",,PL,TU,21x5,55 To 56,Veda - Mantra,10,25,C ,Go.,
6751,1779/22,"?????? ?????
n?r?ya?a s?kta",,PL,TU,21x5,56 To 1 To 57,Veda - Mantra,10,25,C,Go.,
6752,1779/23,"??????? ???
saubh?gya ?k",,PL,TU,21x5,57 To 66,Veda - Mantra,10,25,C,Go.,
6753,1779/24,"?????????
annas?kta",,PL,TU,21x5,66 To 1 To 74,Veda - Mantra,10,25,C,Go.,
6754,1779/25,"????????
ahi?rava?a",,PL,TU,21x5,74 To 1 To 79,Veda - Mantra,10,25,C ,Go.,
6755,1779/3,"??????
mah?saura",,PL,TU,21x5,9 To 13,Veda - Mantra,10,25,C,O,
6756,1779/4,"????????
haris?kta",,PL,TU,21x5,13 To 14,Veda - Mantra,10,25,C,G.,
6757,1779/5,"????? ?????
da??di s?kta",,PL,TU,21x5,14 To 1 To 16,Veda - Mantra,10,25,C,Go.,
6758,1779/6,"??????? ?????
sarasvat? s?kta",,PL,35x5,21x5,16 To 20,Veda - Mantra,10,25,C,Go.,
6759,1779/7,"???? ?????
v?mana s?kta",,PL,TU,21x5,20 To 24,Veda - Mantra,10,25,C,Go.,
6760,1779/8,"?????? ?????
?ditya s?kta",,PL,TU,21x5,24 To 1 To 25,Veda - Mantra,10,25,C,Go.,
6761,1779/9,"????? ????
s?rya varga",,PL,TU,21x5,25 To 28,Veda - Mantra,10,25,C,G.,
6762,1780/1,"?????? ?????
vin?yaka vrata?",,PL,TU,20x4.5,1 To 39,Vrata,7,20,C,GO,From : Skandapurana
6763,1780/10,"???????? ????
??ipa?cam? p?j?",,PL,TU,20x4.5,130 To 145, pooja,7,20,C ,G,
6764,1780/12,"?????????? ?????
satyan?r?ya?a vrata?",,PL,TU,20x4.5,160 To 177,Vrata,7,20,C ,G,
6765,1780/2,"???? ?????
ana?ta vrata?",,PL,TU,20x4.5,40 To 49,Vrata,7,20,C,G,
6766,1780/3,"???? ????
ana?ta kalpa",,PL,TU,20x4.5,49 To 73, pooja,7,20,C,G,
6767,1780/5,"?????????? ?????
svar?agaur? vrata?",,PL,TU,20x4.5,89 To 98,Vrata,7,20,C,G,
6768,1780/7,"?????? ????????? ?????
s?mav?ra am?v?sy? vrata?",,PL,TU,20x4.5 ,104 To 113,Vrata,7,20,C,G,
6769,1780/9,"???????? ?????
??ipa?cam? vrata?",,PL,TU,20x4.5,119 To 130,Vrata,7,20,C ,G,
6770,1781,"?????? ??????
?gv?da sa?hit?",,PL,TU,19x4,1 To 119,Samhita,10,20,Inc,O,I Astaka
6771,1782,"????????? ??????? ???????
sm?tis?ra sarvasva sam?khy?",Venkatesh,PL,""" ",19x4,1 To 133,Smriti,11,30,C,O,
6772,1782,"?????? ??????
?gv?da sa?hit?",,PL,TU,27x5,146 To 209,Samhita,9,35,Inc.,OD,
6773,1783,"???????????????
n?mali?g?nu??sana?",,PL,TU,25x4,1 To 88,Nighantu,8,35,Ine,OD,
6774,1784,"???????? ????? ?????? 
??val?yana g?hya s?tra? ",,TU,19x5.5,1to28,10,Grahyasutra,15,Inc.,Go.,,
6775,1785,"??????? ???????
?r?ddha pray?ga?",,PL,TU,38x3.5,52Leaves, G- Prayoga   ,6,30,Inc.,OD.,
6776,1786/10,"????? ????
savit? p?j?",,PL,TU,31x5,45 To 46, pooja,10,35,C ,ODW,
6777,1786/11,"?????? ????
durg? p?j?",,PL,TU,31x5,46 To 48, pooja,10,35,Inc.,OD,
6778,1786/12,"????? ????
i?dra p?j?",,PL,TU,31x5,48 To 49, pooja,10,35,Inc.,OD,
6779,1786/13,"????? ????
agni p?j?",,PL,TU,31x5,49 To , pooja,10,35,Inc.,OD,
6780,1786/14,"???????? ????
trya?baka p?j?",,PL,TU,31x5,49 To , pooja,10,35,Inc. ,OD,
6781,1786/15,"?????????? ????
g?p?lak???a p?j?",,PL,TU,31x5,49 To 50, pooja,10,35,Inc.,OD,
6782,1786/16,"????????????? ????
lak?m?n?r?ya?a p?j?",,PL,TU,31x5,50 To 51, pooja,10,35,Inc.,OD,
6783,1786/17,"??????? ????
mah??vara p?j?",,PL,TU,31x5,51 To 53, pooja,10,35,Inc. ,ODW,
6784,1786/18,"?????? ????
brahma p?j?",,PL,Tu,31x5,53 To 59, pooja,10,35,Inc. ,OD,
6785,1786/2,"?? ??????? ?????? ????
vara caturth? vin?yaka p?j?",,PL,TU,31x4,1 To 8, pooja,10,35,Inc.,ODW,From : Skanda Purana
6786,1786/3,"????????? ?????
varalak?m? vrata?",,PL,TU,31x4,8 To 17,Vrata,10,35,Inc.,OD,From : Bhavisottarapurana
6787,1786/4,"???? ?????
ana?ta vrata?",,PL,TU,31x4,18 To 24,Vrata,10,35,C,O,
6788,1786/5,"???? ????????? ????
ana?ta a???ttara p?j?",,PL,TU,31x4,24 To 28, pooja,10,35,C,O,
6789,1786/7,"?????????? ????
svar?agaur? p?j?",,PL,TU,31x5,34 To 40, pooja,10,35,C ,OD,
6790,1786/8,"?????? ????
vin?yaka kalpa",,PL,TU,31x5,40 To 43, pooja,10,35,C,OD,
6791,1786/9,"?????? ????
n?r?ya?a p?j?",,PL,TU,31x5,43 To 45, pooja,10,35,Inc. ,ODW,
6792,1787,"???? ??????????
d?v? m?h?tmya?",,PL,TU,17x5,1 To 85,Purana,8,20,Ine,ODW,""""
6793,1790/1,"????? ??? ?????
pavam?na h?ma vidhi?",,PL,TU,21x5.5,1 To 36, G- Prayoga   ,11,30,C,OD.,
6794,1790/2,"?????? ????
vin?yaka kalpa",,PL,TU,21x5.5,37 To 53, pooja,11,30,C,OD,
6795,1790/3,"????? ????
agni kalpa",,PL,TU,21x5.5,53 To 60,Tantra Mantragama,11,30,C,OD,
6796,1790/4,"??????? ???????
?r?ddha pray?ga?",,PL,TU,21x5.5,61 To 78, G- Prayoga   ,11,30,C,Go.,
6797,1790/5,"??????????? ?????
narakacaturda?? vrata?",,PL,TU,21x5.5,78 To 79,Vrata,11,30,C,G,
6798,1790/6,"????? ?????????? ?????
k?mya v???tsarga vidhi?",,PL,TU ,21x5.5,79 To 84, G- Prayoga   ,11,30,C,OD,
6799,1790/7,"?????? ????????? ?????
s?mav?ra am?v?sy? vrata?",,PL,',21x5.5,84 To 100,Vrata,11,30,C ,GO,
6800,1791/1,"?????? ????
durg? p?j?",,PL,TU,28x4.5,1 To 33, pooja,9,30,C,OD,
6801,1791/2,"????? ??????
ma?tra pu?pa?",,PL,TU,28x4.5,33 To 44, pooja,9,20,C ,OD,
6802,1791/3,"???????????? ????????
?rya???ttara st?tra?",,PL,TU,28x4.5,45 To 46,Stotra,9,20,C,O,
6803,1791/5,"??????????? ????????
kum?rast?hara st?tra?",,PL,TU,28x4.5,47 To 49,Stotra,9,20,C ,Go,
6804,1791/6,"??????????????????????
a?bik????ttarast?tra?",,PL,TU,28x4.5,49 To 52,Stotra,9,20,C,GO,
6805,1791/7,"?????????????? ????????
ca??ik????ttara st?tra?",,PL,TU,28x4,52 To 54,Stotra,9,20,C,OD,
6806,1792,"????? ?????
pavam?na ma?tra",,PL,TU,18x6,1 To 37,Veda - Mantra,10,25,C,O,
6807,1793,"?????? ????
v?stu p?j?",,PL,TU,19x5,1 To 29,Tantra Mantragama,,,,,
6808,1794,"????????????????????? ?????
rudrasn?n?rcan?bhi??ka vidhi?",,PL,TU,205x3.5 ,1 To 31,Veda - Mantra,5,18,C,OD.,
6809,1795,"?????? ?????
pray?ga darpa?a",,PL,TU,265x6,1 To 41, G- Prayoga   ,15,45,C ,OD.,
6810,1796,"???????? ??? ???????
k??m???a h?ma pray?ga?",,PL,TU,24x5,1 To 29, G- Prayoga   ,7,25,C,Go.,
6811,1797,"?????? ??????
sa?graha k?rik?",,PL,TU,16x4,1 To 39, G- Prayoga   ,7,20,C,O,
6812,1798,"??????????? ?????
m?tasa?j?vini s?kta",,PL,TU,18x4.5,1 To 40,Veda - Mantra,10,30,C,OD,
6813,1800,"????? (???)
rudra (camaka)",,PL,“,15x4,2 To 25,Veda - Mantra,7,15,Inc,OD.,
6814,1801,"??????? ??? ?????
svasti d?va ma?tra",,PL,TU,26x4,53Folios,Veda - Mantra,9,35,Inc.,OD,
6815,1802,"?????? ???? ????
k?v?ri ?vara?a p?j?",,PL,TU,21x6,1 To 23, pooja,10,25,Inc. ,OD,
6816,1804,"??????? ???????
?r?ddha pray?ga?",,PL,TU,20x5,1 To 17, G- Prayoga   ,8,30,C,Go.,
6817,1805/1,"?????????
annas?kta",,PL,TU,20x5,1 To 6 To 1,Veda - Mantra,8,20,C,Go.,
6818,1805/2,"?????????????
abhi?rava?as?kta",,PL,TU,20x5,6 To 1 To 25,Veda - Mantra,8,20,C,Go.,
6819,1807,"???? ?????
ana?ta vrata?",,PL,TU,30x6,1 To 10,Vrata,10,55,C,OD,
6820,1808,"???????? ??????????
ana?tavrata m?h?tmya?",,PL,TU,20x4,1 To 15,Purana,7,25,C,O,"From: """
6821,1809,"??? ??????
mah? sa?kalpa",,PL,TU,12x5.5,1 To 7, pooja,13,20,Inc.,OD,
6822,1811,"?????????
vimar?an?ya",,PL,TU,19x4,1 To 6,General,9,30,C,G,
6823,1812,"?????? ??????
?gv?da sa?hit?",,PL,TU,20x6,50Folios,Samhita,10,25,Inc.,D.W.,
6824,1813/1,"?????? ????????? ?????
s?mav?ra am?v?sy? vrata?",,PL,TU,20.5x6,1 To 5,Vrata,13,35,Inc.,O,
6825,1813/2,"???? ????
?vara?a p?j?",,PL,Te,20.5x6,6 To 15,Tantra Mantragama,13,35,Ine,ODW,
6826,1814,"?????? ??????
?gv?da sa?hit?",,PL,TU,21x5,19Folios,Samhita,7,18,Inc.,O.D.,
6827,1815,"????? ????
yamun? p?j?",,PL,TU,23x5,1 To 7, pooja,9,28,Inc.,OD,
6828,1816,"??????????? ?????
svastiv?cana ma?tra",,PL,TU,22x4,1 To 5,Veda - Mantra,9,25,C,Go.,
6829,1817/4,"????????? ??????? ??????
sa?kr??ti ?r?ddha pray?ga",,PL,TU,17x3.5,1 To 32, G- Prayoga   ,7,20,Inc.,O,
6830,1819,"??????? ???????
?r?ddha pray?ga?",,PL,TU,27x4.5,165 To 180, G- Prayoga   ,10,40,Inc.,OD.,
6831,1820,"????????
siddhay?ga",,PL,TU,13x5,133folios,Vaidya,12,20,Ine,Go ,"Script: Tulu, Languge: Kannnada"
6832,1821,"??? ?????
vi?a vaidya",,PL,TU,23x4.5,1 To 105,Vaidya,10,35,C,G ,"Script: Tulu, Language: Malayalam"
6833,1822,"????? ???????
vaidya sa?graha?",,PL,TU,17x4,1 To 116,Vaidya,7,20,C,G,"Script: Tulu, Laguage Kannada"
6834,1823,"????? ???
vaidya s?ra",,PL,TU,30x4.5,1 To 36,Vaidya,7,45,C,G ,Scribe: Ganapathi Bhatt
6835,1824,"????? ???
vaidya s?ra",,PL,TU,23x4,1 To 23,Vaidya,5,25,Ine,G,
6836,1825/1,"???????????
aitar?y?ra?yaka",,PL,TU,36x5.5,1 To 25,aranyaka,7,45,Inc,G.,
6837,1825/3,"?????????
bhagavadg?t?",Vyasah,PL,Kan,36x5.5,1 To 46,Gita,9,60,C,G,
6838,1826,"????? ???????
vaidya sa?graha?",,PL,TU,18x4,1 To 86,Vaidya,5,25,Ine,OD,
6839,1828/1,"??????? ???? ??????????
sa?k??pa d?v? m?h?tmya?",,PL,TU,10.5x3,1 To 97,Purana,9,20,C,G,
6840,1828/2,"?????????
bhagavadg?t?",Vyasah,PL,TU,10.5x3,98 To 176,Gita,9,20,C,G,
6841,1829,"??????? ????????
b?lagraha cikitse",,PL,TU,18x4,7folios,Vaidya,6,30,Ine ,G,""""
6842,1830/1,"????? ????
yamun? p?j?",,PL,TU,21x5,1 To 2, pooja,11,35,C,G,
6843,1830/2,"???? ????
ana?ta kalpa",,PL,TU,21x5,2 To 23, pooja,11,35,C ,G,"From, Bhavisottarapurna"
6844,1830/3,"???????? ??????????
ve?ka??cala m?h?tmya?",Vyasa,PL,TU,21x5,1 To 19,Purana,11,35,C,G,From: Brahmadapanam
6845,1831/1,"?????????? ????
svar?agaur? p?j?",,PL,TU,25x4.5,1 To 5, pooja,7,30,C,G,
6846,1831/2,"??????????? ???????
v???tsarjana pray?ga?",,Pl,TU,25x4.5,1 To 5, G- Prayoga   ,7,30,C ,G.,
6847,1831/3,"????? ?????? ???
agni sthiti ?la?",,PL,TU,25x4.5,5 To 9, G- Prayoga   ,11,35,C,G.,
6848,1831/4,"???? ?????
ana?ta vrata?",,PL,TU,25x4.5,10 To 26,Vrata,11,35,C,G,
6849,1832,"???????
r?m?ya?a?",,PL,TU,21x4.5,1 To 229,Itihasa,8,26,Ine,OD,Sundara Kanda
6850,1833/1,"?????? ???? ?????
vi??u p?j? vidhi?",,PL,TU,36x5,1 To 5, pooja,8,50,Inc.,O,
6851,1833/10," ???? ?????
 p?j? vidhi?",,PL,Tu,36x5,36 To 57, pooja,8,50,C ,GO,
6852,1833/11,"??? ????????
r?ma carit?m?ta",,PL,TU,36x5,1 To 6,Gadya - Katha,8,50,Ine,GO,
6853,1833/12,"????? ??? ?????
pavam?na h?ma vidhi?",,PL,TU,36x5,4leaves, G- Prayoga   ,8,50,Inc.,Go.,
6854,1833/2,"????????? ???
caturnavati kal?",,PL,TU,36x5,1 To 12,Tantra Mantragama,,,,,
6855,1833/4,"?????????? ?????? ?????
madhy?hnika sa?dhy? vidhi?",,PL,TU,36x5,16 To 18, G- Prayoga   ,8,50,C,G.,
6856,1833/5,"???????? ????
navar?tri kalpa",,PL,TU,36x5,19 To 21, pooja,8,50,C,G,
6857,1833/6,"??? ?????? ???? ?????
m?la durg? p?j? vidhi?",,PL,TU,36x5,22 To 32, pooja,8,50,C ,G,
6858,1833/7,"????? ????? ?????
agni k?rya vidhi?",,PL,TU,36x5,32 To 1 To 33, G- Prayoga   ,8,50,C,G.,
6859,1833/8,"?????? ???? ?????
brahma yajña vidhi?",,PL,TU,36x5,33 To 34, G- Prayoga   ,8,50,C,G.,
6860,1833/9,"????????? ??????????? ?????
m?tyu?jaya dravy?huti dhy?na",,Pl,TU,36x5,34 To 35, G- Prayoga   ,8,50,C,G.,
6861,1834,"???????
r?m?ya?a?",,PL,TU,54x5,1 To 254,Itihasa,14,95,C,GO,
6862,1835,"????????? ???????????? ????????
karmavip?ka pr?ya?citta sudh?nidhi",,PL,TU,35x4.5,1 To 37,Vaidya,8,55,Ine,G,
6863,1836/1,"???????????? ?????
a?vatth?panayana vidhi?",,PL,TU,22x4 ,1 To 7, G- Prayoga   ,8,30,C,G.,
6864,1836/10,"???????? ?????
???rvacana ma?tra",,PL,TU,22x4,41 To 47, G- Prayoga   ,8,30,C,G.,
6865,1836/11,"?? ??? ????? ?????
g? mukha prasava vidhi?",,PL,TU ,22x4,48 To 56, G- Prayoga   ,8,30,Inc.,OD.,
6866,1836/2,"??????? ????? ?????
a?vattha viv?ha vidhi?",,PL,TU,22x4,7 To 8, G- Prayoga   ,8,30,C,G.,
6867,1836/3,"????????? ??? ?????
m?tyu?jaya h?ma vidhi?",,Pl,TU,22x4,1 To 14, G- Prayoga   ,8,30,C,G.,
6868,1836/4,"????????? ??????????? ?????
m?tyu?jaya dravy?huti dhy?na",,Pl,TU,22x4,15 To 17, G- Prayoga   ,8,30,C,G.,
6869,1836/5,"???????? ??????????
??val?yana v???tsarga",????????,TU,19x5.5,22x4,1 To 13,Grahyasutra,8,30,C ,G.,
6870,1836/7,"???????????? ?????
a?vatth?panayana vidhi?",,PL,TU,22x4,34 To 37, G- Prayoga   ,8,30,C,G.,
6871,1836/9,"????? ????? ???????????
agni j?r?a v?stulak?a?a",,PL,""" ",22x4,40 To , G- Prayoga   ,8,30,C,G.,
6872,1837/1,"????? ?????
aup?sana vidhi?",,PL,TU,32x5,1, G- Prayoga   ,10,50,C,OD.,
6873,1837/10,"??????????? ????
subrahma?ya p?j?",,PL,TU,32x6,46 To 51, pooja,10,50,C ,G,
6874,1837/11,"??? ????? ????
mah? ga?apati p?j?",,PL,TU,32x6,51 To 56, pooja,10,50,C,G,
6875,1837/12,"????? ?????
agni lak?a?a",,PL,TU,32x6,62 To 78, G- Prayoga   ,10,50,Inc.,Go.,
6876,1837/13,"??????? ?????
pu?y?ha lak?a?a",,PL,21x5,32x6,79 To 85, G- Prayoga   ,10,50,C,G.,
6877,1837/14,"??????? ???????????? ?????
sa?k??pa pr?ya?citta vidhi?",,PL,TU,32x6,86 To , G- Prayoga   ,10,50,C ,G.,
6878,1837/2,"??????? ????? ?????
a?vattha viv?ha vidhi?",,PL,TU,32x5,1 To 4, G- Prayoga   ,10,50,C,O,
6879,1837/3,"???????????? ?????
a?vatth?panayana vidhi?",,PL,TU,32x5,4 To 11, G- Prayoga   ,10,50,C,G.,
6880,1837/4,"?????? ??????? ?????
sa?ka??a caturth? vidhi?",,PL,TU,32x5,13 To 27,Vrata,10,50,C,G,
6881,1837/5,"???????? ????
vanadurg? p?j?",,PL,TU,32x6,29 To 36, pooja,10,50,C ,G,
6882,1837/6,"??? ?????? ???? ?????
m?la durg? p?j? vidhi?",,PL,TU,32x6,39 To 41, pooja,10,50,C,G,
6883,1837/7,"???????? ????
bhadrak??i p?j?",,PL,Tu,22x6,41 To 43, pooja,10,50,C ,G,
6884,1837/8,"??????? ?????
?ivap?j? vidhi?",,PL,TU,32x6,43 To 44, pooja,10,50,C,G,
6885,1837/9,"???? ?????? ????
?a?kara n?r?ya?a p?j?",,PL,TU,32x6,44 To 46, pooja,10,50,C,G,
6886,1838/1,"????? ?????
ak?i s?kta",,PL,TU,29x5,1,Veda - Mantra,9,35,Inc.,Go.,
6887,1838/2,"??????? ?????
ucch??ana ma?tra",,PL,TU,37x5,7Folios,Tantra Mantragama,,,,,
6888,1839,"???????????
na??p?khy?na?",vyasa,PL,TU,27x4.5,157Folios,Purana,8,50,C,G,
6889,1840/1,"????? ????????
g?hya ca?drik?",,TU,19x5.5,23x4 ,1 To 48,Grahyasutra,7,30,C,G.,
6890,1840/2,"??????? ???????
?r?ddha pray?ga?",,PL,TU,23x4,1 To 67, G- Prayoga   ,7,30,Inc. ,G.,
6891,1840/3,"???????????? ?????
pr?ya?citta vidhi?",,PL,mal,23x4,68 To 90, G- Prayoga   ,to1,30,Inc. ,O,
6892,1841/1,"?????? ????????????
s?mav?ra vrat?dy?pana?",,PL,TU,23x3.5,9Folios,Vrata,7,30,Inc.,OD,
6893,1841/3,"??????????? ?????
sarpasa?sk?ra vidhi?",,PL,TU,23x35,43 To 64, G- Prayoga   ,7,30,Inc.,ODW,
6894,1842,"??? ??????? ??? ???????
sva b?dh?rtha s?ra sa?graha?",Padmanabha,PL,TU,25x5,1 To 48,General,6,30,Ine,GO,
6895,1843,"??????
bh?gavata?",Vyasa,PL,TU,35x4.5,109folios,Purana,9,60,Ine ,OD,
6896,1844,"????  ??????
a?auca  nir?aya",,PL,TU,20.5x3.5,2 To 91, G- Prayoga   ,6,20,Inc.,OD.,
6897,1845,"??? ????? ?? ?????
pavana mattu mana ma?tra",,PL,TU,26x6,1 To 11,Tantra Mantragama,,,,,
6898,1846/1,"????? ???????
p?rva pray?ga?",,PL,TU,30x4,52leves, G- Prayoga   ,8,50,Inc.,O,
6899,1846/3,"???????? ?????
???rv?da ma?tra",,PL,TU,30x4,16Folios,Veda - Mantra,8,50,C,G.,
6900,1847/1,"???? ??? ????????
a?auca da?aka vy?khy?",,PL,TU,23x3.5 ,75Folios, G- Prayoga   ,6,25,Inc.,OD.,
6901,1847/2,"????????????? ????????
a?vatthan?r?ya?a st?tra?",,PL,TU,23x3.5,4Folios,Stotra,6,25,Ine,OD,
6902,1848/1,"???????????? ?????
pr?ya?citta vidhi?",,PL,TU,23x5,1 To 57, G- Prayoga   ,11,40,Inc.,OD.,
6903,1848/2,"??? ???????
apara pray?ga?",,PL,TU,23x5,1 To 80, G- Prayoga   ,11,40,C,Go.,
6904,1849,"??????????????
k???ayajusa?hit?",,PL,TU,18x4,1 To 24,Samhita,8,25,Inc.,O,
6905,1850,"?????? ????
pray?ga ratna",,PL,TU,21x5,1 To 158, G- Prayoga   ,10,35,C,OD,
6906,1851,"??????? ???????
sarvabali pray?ga?",,PL,TU,38x4.5,1 To 74, G- Prayoga   ,8,55,Inc. ,Go.,
6907,1852,"?????? ???
v?stu bali",,PL,TU,18x3.5,1 To 67,Tantra Mantragama,,,,,
6908,1854/2,"??????????? ?????
sarvag?yatr? ma?tra",,PL,TU,30x5,1 To 5, G- Prayoga   ,8,35,Inc. ,O.,
6909,1854/3,"???????????? ?????
pr?ya?citta vidhi?",,PL,TU,30x5,6 To 9, G- Prayoga   ,8,35,Inc.,O,
6910,1854/4,"????????
subh??it?",,PL,TU,30x5,9 To 10,Subhashita,8,35,Ine,G,
6911,1855,"???? ???
?abda k??a",,PL,TU,38x5,114folios,Nighantu,8,50,Ine,O,
6912,1856,"???? ????
?vara?a p?j?",,PL,TU,12.5x4,7 To 23, pooja,9,15,Inc. ,OD,
6913,1858,"?????????? ?????
p?r??huti ma?tra",,PL,TU,21x4,14Folios,Tantra Mantragama,,,,,
6914,1859/1,"???? ?????? ????
???a?a kriy? karma",,PL,TU,34x5,1 To 59, G- Prayoga   ,11,50,Inc.,O,
6915,1860,"?????? ????? ???????
nidr? ma?tra ity?di",,PL,TU,16.5x4,26Folios,Tantra Mantragama,,,,,
6916,1861/1,"???????? ????
??ipa?cam? p?j?",,PL,TU,20x5,105 To 108, pooja,8,20,Inc.,O,
6917,1861/2,"??????? ???????
?r?ddha pray?ga?",,PL,TU,20x5,108 To 148, G- Prayoga   ,8,20,Inc.,O,
6918,1862/1,"???????????? ?????
a?vatth?panayana vidhi?",,PL,TU,28x4,1 To 5, G- Prayoga   ,8,30,C,O,
6919,1862/2,"??????? ????? ?????
a?vattha viv?ha vidhi?",,PL,TU,28x4 ,5 To 10, G- Prayoga   ,8,30,C,O,
6920,1862/3,"?????? ??????
ky??u ?l?k?",,PL,TU,28x4,11 To 12,Subhashita,8,30,Ine,O,
6921,1862/4,"????????? ???
m?tyu?jaya h?ma",,PL,TU,28x4,13 To 17,Tantra Mantragama,,,,,
6922,1863/3,"?????????????? ????????
k???????ttara st?tra?",,PL,TU,16x3.5,7 To 11,Stotra,8,25,Ine,O,
6923,1863/4,"?????? ??????????
dv?da?a namast?tra?",,PL,TU,16x3.5,25 To 26,Stotra,8,25,Ine,O,
6924,1863/5,"???? ?????
?r? rudra",,PL,TU,16x3.5,27 To 56,Veda - Mantra,8,25,C,G.,
6925,1865/1,"??? ??????
mah? ny?sa?",,PL,TU,21x5,1 To 19, pooja,12,35,C,GO,
6926,1865/10,"?????? ?????
n?r?ya?a s?kta",,PL,TU,21x5,49 To 58,Veda - Mantra,12,35,C,G.,
6927,1865/11,"?????????
annas?kta",,PL,TU,21x5,58 To 63,Veda - Mantra,12,35,C,G.,
6928,1865/12,"???? ??????
n?rada v?khy?",,PL,TU,21x5,63 To 80,Smriti,12,35,C,G,
6929,1865/13,"??????? ???? ????????
g?yatr? h?daya st?tra?",,PL,TU,21x5,81 To 84,Stotra,12,35,C,G,
6930,1865/14,"??????? ????
g?yatr? kavaca?",,PL,TU,21x5,84 To 86,Stotra,12,35,C,G,
6931,1865/15,"???????
pa?cagavya",,PL,TU,21x5,86 To 87,Tantra Mantragama,,,,,
6932,1865/16,"??? ??????
kala?a sth?pana",,PL,TU,21x5,87 To 92,Tantra Mantragama,,,,,
6933,1865/17,"?????? ???????? ?????
navagraha p?j?ma??ala lak?a?a",,PL,TU,21x5,93 To 121,Tantra Mantragama,,,,,
6934,1865/18,"??????? ???????
?r?ddha pray?ga?",,PL,TU,21x5,122 To 143, G- Prayoga   ,12,35,C,G.,
6935,1865/19,"????? ????
mah?laya vi?aya",,PL,TU,21x5,144 To 147, G- Prayoga   ,12,35,C ,G.,
6936,1865/2,"??????? ?????
sarasvat? s?kta",,PL,TU,21x5,20 To 23,Veda - Mantra,12,35,C,G.,
6937,1865/20,"?????? ???????
hira?ya ?r?ddha",,PL,TU,21x5,146 To 148, G- Prayoga   ,12,35,C,G.,
6938,1865/3,"??????????
puru?as?kta",,PL,TU,21x5,23 To 25,Veda - Mantra,12,35,C ,G.,
6939,1865/4,"???? ?????
?r? s?kta",,PL,TU,21x5,25 To 30,Veda - Mantra,12,35,C,G.,
6940,1865/7,"????????????????
taittir?y?pani?at",,PL ,TU,21x5,39 To 1 To 41,Upanisat,12,35,C,G.,
6941,1865/8,"?????????????
brahm?pani?at",,PL,TU,21x5,41 To 1 To 44,Upanisat,12,35,C,G.,
6942,1865/9,"?????????????
n?r?ya??pani?at",,PL ,TU,21x5,44 To 49,Upanisat,12,35,C,G.,
6943,1866/1,"??? ??????????
m?gha m?h?tmya?",,PL,TU,31x4,4 To 114,Purana,9,45,Ine,OD,
6944,1866/2,"???????????????
vai??kham?h?tmya?",,PL,Tu,31x4,115 To 178,Purana,9,45,Ine,OD,
6945,1868,"???????????????
n?mali?g?nu??sana?",,27x4,45670,7,35,Nighantu,7,35,Ine,OD,
6946,1869,"???????????? ????? ??????
?ivapa?c?k?ar? mahim? var?an?",,PL,TU,31x4.5,1 To 126,Purana,8,60,Ine,OD,
6947,1872/1,"????? ?????
k?tya ma?jar?",????????,PL,TU,36x4.5,1 To 113, G- Prayoga   ,7,40,C,G.,
6948,1872/2,"?????? ?????
sm?ti darpa?a",??? ???????,PL,TU,36x4.5 ,114 To 156, G- Prayoga   ,7,40,Inc.,G.,Scribe : Krishna 
6949,1874,"??????????????
k???ayajusa?hit?",,PL,TU,32x5,1 To 62,Samhita,8,40,Inc,OD.,
6950,1876/2,"???????? ????????
??ipa?cam? udy?pana?",,PL,TU,17x5,26 To 29,Vrata,8,20,C,O,
6951,1876/3,"?????????? ?????
svar?agaur? vrata?",,PL,TU,17x5,29 To 38,Vrata,8,20,C,G,From : Skandapurana
6952,1876/4,"?????? ????
vin?yaka kalpa",,PL,TU,17x5,38 To 42, pooja,8,20,C,G,
6953,1876/5,"????? ????
ga?apati p?j?",,PL,TU,17x5,43 To 63,Tantra Mantragama,,,,,
6954,1876/6,"????? ??????
ska?da pur??a?",Vyasa,PL,TU,17x5,54 To 69,Purana,8,20,Ine ,O,
6955,1877,"???? ?? ???
ugra ratha h?ma",,PL,TU,15x3.5,1 To 5,Tantra Mantragama,6,16,Ine,O,
6956,1878,"?????? ??????? ????????
dv?da?a st?tra vy?khy?",Purva Suruh,PL,TU,15.5x4.5,1 To 86,Dvaita,10,30,C,GO,
6957,1879,"??????????????
k???ayajusa?hit?",,PL,TU,38x6.5,1 To 217,Samhita,13,58,C.,G.,
6958,1880,"???? ??????
bhairava sa?hit?",,PL,TU,16x5,1 To 26,Tantra Mantragama,,,,,
6959,1881/1,"?????? ?????? ??????????? ?????
sa?hit? h?m??ga pradh?n?huti vidh?na",,PL,35x5,1to157,9,Veda - Mantra,50,C,G.,,
6960,1881/2,"????? ?????
ku??aka lak?a?a",,PL,TU,35x5,158,Veda - Mantra,9,50,Inc ,O.,
6961,1881/3,"?? ???? ?????
g? p?j? vidhi?",,PL,TU,35x5,159 To 161, pooja,9,50,C ,G,
6962,1883,"?????? ??????
?gv?da sa?hit?",,PL,TU,50x5,1 To 186,Samhita,10,80,C,G.,
6963,1884,"?????? ??????
?gv?da sa?hit?",,PL,TU,21x6,1 To 32,Samhita,10,25,C,Go.,
6964,1885/1,"????? ????
ga?apati p?j?",,PL,TU,19x5,270Folios,Tantra Mantragama,,,,,
6965,1885/2,"???? ??????????
d?v? m?h?tmya?",,PL,Tu,19x5,1 To 31,Purana,9,30,Ine,O,
6966,1885/3,"?????????
bhairav???aka",,PL,TU,19x5,55Folios,Tantra Mantragama,,,,,
6967,1887,"?????? ???? ????????
r?m?ya?a ca?p? vy?khy?",Nrsimha,PL ,TU,37x4.5,1 To 108,Campu,11,50,Ine,O,
6968,1888/1,"?????? ???????
?hnika pray?ga?",,PL,TU,24x5,1 To 10, G- Prayoga   ,9,28,Inc.,O,
6969,1888/2,"??????????
n?r?ya?apanna",,PL,TU,24x5,1 To 30,Veda - Mantra,9,28,Inc.,O.,
6970,1891,"??? ????? ????????
rati rahasya vy?khy?",Kokkokah,PL,TU,23x4.5,1 To 61,Kamashastra,10,40,C,GO,"Script: Tulu, Language"
6971,1893/1,"?????????? ??????
n?r?ya?apanna bh??ya?",,PL,TU,32x5,1 To 31,Veda - Mantra,7,35,C,Go.,
6972,1893/2,"??? ????????????
?uka rahasy?pani?at",,PL,TU,32x5,1 To 5,Upanisat,77,35,C,Go.,
6973,1894,"??? ???????
apara pray?ga?",,PL,TU,18x5,1 To 130, G- Prayoga   ,9,25,C,Go.,
6974,1895/1,"?????? ??????????
sm?ti sarasamucc?ya",Vaguri,PL,TU,34x5,1 To 72,Smriti,7,40,C ,G,"Saka: 1843, Year, 1992 Durmati Sam, "
6975,1895/2,"????? ????????
g?hya ca?drik?",,TU,19x5.5,34x5,72 To 105,Grahyasutra,7,40,C,G.,
6976,1897,"????? ????
bh?gavata ??k?",Vijaya DvaJa Tirtha,PL,TU,48x5,1 To 209,Dvaita,12,18,Ine ,ODW,
6977,1898,"??????? ????????
mah?bh?rata t?tparya",Vijaya DvaJa Tirtha,PL,TU,36x6,1 To 187,Dvaita,13,65,C,GO,
6978,1899,"????????? ????
bhagavadg?t? ??k?",Sridhara Swami,PL,TU,21x4.5,1 To 170,Gita,11,35,C,GO,
6979,1900,"??????
bh?gavata?",Sridhara Swami,PL,TU,23.5x4,1 To 153,Purana,13,50,Ine,DW,
6980,1901,"????? ????
s?rya varga",,PL,TU,38x5,14Folios,Veda - Mantra,7,55,Inc. ,OD.,
6981,1902/1,"????????? ???????? ?????
manu?y?laya ca?drik? sa??k?",,PL,TU,42x5,1 To 45,Shilpa,9,55,C ,GO,
6982,1902/2,"??????? ???? ????????
sadratna m?l? vy?khy?",,PL,TU,42x5,1 To 99,Ganita,9,55,Ine,OD,
6983,1904,"???????? ?????? ????????
prakriya kaumudi vy?khy?",Viswa Karmah,PL,TU,51x5.5,1 To 68,Vyakarana,12,80,C,GO,
6984,1908/2,"????? ???????
pur??a sa?graha?",,PL,TU,40x4,87folios,Purana,9,60,Ine ,OD,
6985,1908/3,"??????????
b?lar?m?ya?a?",,PL,TU,40x4,13Folios,Itihasa,9,60,Ine,OD,
6986,1911,"??????????? ????
pra?n?ttara m?l?",,PL,TU,30x4.5,1 To 66,General,8,40,C ,G,
6987,1912,"???????? ??????
?ivajñ?na d?pik?",,PL,TU,21x4.5,1 To 91,Shaivagama,8,30,C,ODW,I TO VIII Patala
6988,1913,"??? ?????
vi?a vaidya",,PL,TU,15.5x5,1 To 19,Vaidya,10,22,Ine,O,
6989,1914,"???????? ??????
?ivajñ?na d?pik?",,PL,TU,37x4.5,1 To 58,Shaivagama,7,50,Ine,O,
6990,1915,"??? ?????
vi?a vaidya",,PL,TU,15x5,1 To 23,Vaidya,16,30,C,OD,
6991,1916,"???????? ????
prakriya ga?ita",Arya Bhattah,PL,TU,15x3.5,66folios,Ganita,10,30,Ine,ODW,""""
6992,1917,"?????? ?????? ?????
?gv?da sa?hit? ma?tra",,PL,TU,29x5,7 To 62,Samhita,8,35,Inc.,O.,
6993,1918/1,"????? ???? ?????
p?rva ???a?a pravara",,PL,TU,26.5x5,1 To 61, G- Prayoga   ,8,30,C ,O,
6994,1918/2,"??????? ???????
?r?ddha pray?ga?",,PL,TU,26.5x5,62 To 75, G- Prayoga   ,8,30,C,G.,
6995,1919,"??? ???????
k??a vist?ra",,PL,TU,38x6,1 To 30,General,8,50,C,GO,Parasurama Kestra Vivaranam
6996,1920/1,"??????? ?????
?ivap?j? vidhi?",,PL,TU,22x4,1 To 47, pooja,5,25,Inc.,ODW,
6997,1920/3,"?????? ?????
brahma s?kta",,PL,TU,22x4,12folio,Veda - Mantra,5,25,Inc,OD.,
6998,1921/4,"??? ???? ?????
d?va p?j? vidhi?",,PL,TU,42x5,4Folios, pooja,5,45,Inc. ,OD,
6999,1922/2,"?????? ??? ????
dv?da?a n?ma p?j?",,PL,TU,15x3.5,10, pooja,7,15,Inc.,OD,
7000,1923/4,"?????? ????????????
s?mav?ra vrat?dy?pana?",,PL,TU,18x4,41 To 49,Vrata,8,25,C,G,
7001,1923/5,"??????? ?????? ????
a?vattha n?r?ya?a p?j?",,PL,TU,18x4,50 To 56, pooja,8,25,C,G,
7002,1923/6,"???? ????
ana?ta kalpa",,PL,TU,18x4,57 To 77, pooja,8,25,C,G,
7003,1923/7,"???????? ?????
??ipa?cam? vrata?",,PL,TU,18x4,90 To 98,Vrata,8,25,C,GO,
7004,1923/8,"??? ??????
laghu k?rik?",,Pl,TU,18x4,99 To 124, G- Prayoga   ,8,25,Inc ,OD.,
7005,1923/9,"???????? ?????
a??abhairava ma?tra",,PL,TU,18x4,125 To 154,Tantra Mantragama,8,25,Ine,O,
7006,1924/1,"???? ??????
li?ga nir?aya",,PL,TU,19x5,3 To 19,Shaivagama,10,25,Ine,ODW,
7007,1924/2,"???? ?????
sam?sa lak?a?a",,PL,TU,19x5,20 To 26,Vyakarana,10,25,Ine,OD,
7008,1924/3,"??????? ?????
vibhakti lak?a?a",,PL,TU,19x5,27,Vyakarana,10,25,Ine,O,
7009,1924/4,"????
dh?tu",,PL,TU,19x5,73 To 85,Vyakarana,10,25,Ine,GO,
7010,1924/5,"???? ???????? ????
guru br?hma?a p?j?",,PL,TU,19x5,86 To 89, pooja,10,25,C,O,
7011,1924/6,"??? ?????
m?sa vidhi?",,PL,TU,19x5,91 To 98, pooja,10,25,Inc. ,OD,
7012,1924/8,"?????????????? ????????
k???????ttara st?tra?",,PL,TU,19x5,100 To 103,Stotra,10,25,Ine,GO,
7013,1926/2,"?????????? ?????? ?????
sarpavy?dhi ???ti? vivara?a",,PL,TU,14x4.5,30 To 59,Vaidya,10,25,Ine,G,"Scribe: Tulu, Languge: Tulu"
7014,1927/1,"????? ???? ?????
ga?apati p?j? vidhi?",,PL,TU,50x5,1 To 3, pooja,11,75,C,OD,
7015,1927/2,"??????? ????
bal??dra p?j?",,PL,Tu,50x5,3 To 4, pooja,11,75,C ,OD,
7016,1927/3,"?? ???? ?????
g? p?j? vidhi?",,PL,TU,50x5,4 To , pooja,11,75,C,O,
7017,1927/4,"??????????? ????
p?rthivali?ga p?j?",,PL,Tu,50x5,4 To , pooja,11,75,C,OD,
7018,1927/6,"??????? ??? ???????
kriyat? s?ra sa?graha?",??????,TU,19x5.5,50x5,44Folios,Grahyasutra,11,75,Inc.,O,
7019,1927/7,"????? ???? ?????
vy?sa p?j? vidhi?",,PL,TU,50x5,1 To 6, pooja,11,75,C,O,
7020,1928/1,"?????????????
abhi?rava?as?kta",,PL,TU,45x5,1 To 20,Veda - Mantra,6,55,C,Go.,
7021,1928/2,"??????????
n?r?ya?apanna",,PL,TU,45x5,1 To 25,Veda - Mantra,6,55,C,G.,
7022,1928/3,"????????? ?????
yovaipavam?na ma?tra",,PL,TU,45x5,1 To 12,Veda - Mantra,6,55,C,Go.,
7023,1928/4,"????? ?????????
agni t?jasvin",,PL,TU,45x5,1 To 9,Veda - Mantra,6,55,C ,Go.,
7024,1928/5,"??? ?????
viva ?tasya",,PL,TU,45x5,1 To 12,Veda - Mantra,6,55,C,G.,
7025,1928/6,"????? ????
p?r?a pa?va",,PL,TU,45x5,1 To 9,Veda - Mantra,6,55,C,G.,
7026,1928/7,"???????? ??????
praj?pati k?m?yata",,PL,TU,45x5,1 To 11,Veda - Mantra,6,55,C,G.,
7027,1928/8,"???? ?????
aru?a ma?tra",,PL,TU,45x5,1 To 24,Veda - Mantra,6,55,C,G.,
7028,1928/9,"???????????
nak?atrapanna",,PL,TU,45x5,1 To 8,Veda - Mantra,6,55,Inc.,OD.,
7029,1929,"???????? ????????
ca?dral?ka vy?khy?",,PL,TU,17.5x5,1 To 101,Alankara,11,30,C ,G,
7030,1930/1,"??????? ????
sadratna m?l?",,PL,TU,22x5,1 To 14,Ganita,13,40,Ine,G,
7031,1930/2,"??????????????
k???ayajusa?hit?",,PL,TU,22x5,1 To 28,Samhita,10,30,Inc.,O,
7032,1931/3,"??????????????
k???ayajusa?hit?",,PL,TU,32x5,1 To 34,Samhita,10,40,Inc.,G.,
7033,1933/1,"?????? ????
r?m?ya?a ca?p?",,PL,TU,32x5,1 To 29,Campu,9,40,Ine,GO,
7034,1934/1,"?????????? ???????
?r?ddh?nu krama?ika",,PL,TU,20x4,1 To 39, G- Prayoga   ,8,27,Inc.,OD.,Bodhayaniya Scribe : Narayana 
7035,1934/2,"??? ???? ???????? ????
pa?ca bhadra st?tra? p?j?",,PL,TU,20x4,1 To 5, pooja,9,30,Inc.,O,
7036,1935,"??? ??????
mah? sa?kalpa",,PL,TU,15x5,1 To 33, G- Prayoga   ,15,30,C,Go.,
7037,1936/12,"??????? ?????
mah?jy? ?nayana?",,PL,TU,16.5x5,56 To 60,Ganita,9,25,C,G,""""
7038,1936/6,"??????? ???? ???????
du?khin? graha r?jyavu",,PL,TU,16.5x5,31 To 33,General,9,25,C ,GO,"Script: Tulu, Language: Kannada"
7039,1936/8,"???? ????
v?thi ga?ita",,PL,TU,16.5x5,45,Ganita,9,25,C ,G,
7040,1936/9,"????????? ????
???g?n??i ga?ita",,PL,TU,16.5x5,46 To 49,Ganita,9,25,C,G,
7041,1937,"???????? ??????
prakriya kaumudi",,PL,TU,32x5,1 To 60,Vyakarana,8,40,Ine,O,
7042,1938,"??? ???????
apara pray?ga?",,PL,TU,24x4.5,1 To 71, G- Prayoga   ,9,30,Inc.,O.,
7043,1939,"????? ????????
vrata? sam?vartana",,Pl,TU,29x4,1 To 29, G- Prayoga   ,3,20,Inc.,OD.,
7044,1940,"?????? ???? ?????
sa?dhy? va?dana vidhi?",,PL,TU,19x3.5,19Leaves, G- Prayoga   ,7,20,Inc.,O,
7045,1941/1,"????????? ???????
sth?l?p?ka pray?ga?",,PL,TU,38x4.5,1 To 7, G- Prayoga   ,8,45,C ,OD,
7046,1941/10,"???????? ???????
sam?vartana pray?ga?",,PL,TU,38x4.5,30 To 34, G- Prayoga   ,8,45,C,OD.,
7047,1941/11,"????? ???????
viv?ha pray?ga?",,Pl,TU,38x4.5,34 To 42, G- Prayoga   ,8,45,C,Go.,
7048,1941/12,"??????? ???????
?gr?ya?a pray?ga?",,PL,TU,38x4.5,42 To 4.5, G- Prayoga   ,8,45,C,OD.,
7049,1941/13,"??????? ?????
pa?cagavya vidhi?",,PL,TU,38x4.5,45, G- Prayoga   ,8,45,Inc.,OD.,
7050,1941/2,"???????? ???????
garbh?d?na pray?ga?",,PL,TU,38x4.5,7 To 11, G- Prayoga   ,8,45,C,O,
7051,1941/3,"?????? ???????
pu?savana pray?ga?",,PL,TU,38x4.5,11 To 1 To 13, G- Prayoga   ,8,45,C,OD,
7052,1941/4,"????? ???????
s?ma?ta pray?ga?",,PL,TU,38x4.5,13 To 14, G- Prayoga   ,8,45,C ,OD.,
7053,1941/5,"?????? ??? ???????
vi??u bali pray?ga?",,Pl,TU,38x4.5,14 To 16, G- Prayoga   ,8,45,C ,OD.,
7054,1941/6,"??????? ???????
j?takarma pray?ga?",,PL,TU,38x4.5,16 To 17, G- Prayoga   ,8,45,C,OD,
7055,1941/7,"??????
n?makara?a",,PL,TU,38x4.5,17 To 18, G- Prayoga   ,8,45,C,OD.,
7056,1941/8,"?????????? ???????
annapr??ana pray?ga?",,PL,TU,38x4.5 ,18 To 19, G- Prayoga   ,8,45,C,G.,
7057,1941/9,"????? ???????
upanayana pray?ga?",,PL,TU,38x4.5,19 To 1 To 30, G- Prayoga   ,8,45,C,OD.,
7058,1942/1,"??? ??? ?????
mah? saura s?kta",,pl,?????,27x5.5,1&6,Vedamantra Sangraha,10,35,???,G,
7059,1942/10,"?????? ?????
vi??u s?kta",,PL,TU,27x5.5,23 To 27,Veda - Mantra,10,35,C,G.,
7060,1942/11,"????? ?????
puru?a s?kta",,PL,TU,27x5.5,27 To 28,Veda - Mantra,10,35,C,G.,
7061,1942/12,"??????? ???
pa?c?m?ta ?k",,PL,TU,27x5.5,28 To ,Veda - Mantra,10,35,C,G.,
7062,1942/13,"?????????? ?????
k??r?bdhi s?kta",,PL,TU,27x5.5.,28,Veda - Mantra,10,35,C,G.,
7063,1942/14,"?????????? ?????? ?????
bh?gy?yini pr?tara s?kta",,PL,""" ",27x5.5,28 To 1 To 29,Veda - Mantra,10,35,C,G.,
7064,1942/15,"????? ?????
manyu s?kta",,PL,TU,27x5.5,29 To 30,Veda - Mantra,10,35,C,G.,
7065,1942/16,"????? ????
s?rya varga",,PL,TU,27x5.5,30 To 34,Veda - Mantra,10,35,C,G.,
7066,1942/17,"????? ?????
?aku?ta s?kta",,PL,TU,27x5.5,34 To 34 To 1,Veda - Mantra,10,35,C,G.,
7067,1942/18,"??????? ????
svasti varga",,PL,TU,27x5.5,34 To 35,Veda - Mantra,10,35,C,G.,
7068,1942/19,"??????? ?????
parjanya s?kta",,PL,TU,27x5.5,35 To 36,Veda - Mantra,10,35,C,G.,
7069,1942/2,"?????? ????
sarvat? bhadra",,PL,TU,27x5.5,6x11,Vaidya,10,85,C ,G,
7070,1942/20,"????? ?????
agni s?kta",,PL,TU,27x5.5,36 To 1 To 37,Veda - Mantra,10,35,C ,G.,
7071,1942/21,"????????? ?????
vi?vakarma s?kta",,PL,TU,27x5.5,37 To 38,Veda - Mantra,10,35,C,G.,
7072,1942/22,"???? ?????
dharma s?kta",,PL,TU,27x5.5,38 To 39,Veda - Mantra,10,25,C,G.,
7073,1942/23,"?? ?????
g? s?kta",,PL,TU,27x5.5,39,Veda - Mantra,10,35,C,G.,
7074,1942/24,"??????? ?????
aghamar?a?a s?kta",,PL,TU,27x5.5 ,40 To ,Veda - Mantra,10,35,C,G.,
7075,1942/25,"??????? ?????
a?vattha s?kta",,PL,TU,27x5.5,40 To 1 To 41,Veda - Mantra,10,35,C,G.,
7076,1942/26,"???????? ?????
m?prag?ma s?kta",,PL,TU,27x5.5,41 To ,Veda - Mantra,10,35,C,G.,
7077,1942/27,"????????? ?????
du?svapna s?kta",,PL,TU,27x5.5,41 To 42,Veda - Mantra,10,35,C,G.,
7078,1942/28,"?????? ?????
?yu?ya s?kta",,PL,TU,27x5.5,42,Veda - Mantra,10,35,C,G.,
7079,1942/29,"?????? ?????
samudra s?kta",,PL,35x5,27x5.5,42 To 44,Veda - Mantra,10,25,C,G.,
7080,1942/3,"????? ?????
ga?apati s?kta",,PL,TU,27x5.5,12,Veda - Mantra,10,35,C,G.,
7081,1942/30,"??? ???
d?va ?k",,PL,TU,27x5.5,44 To 47,Veda - Mantra,10,35,C,G.,
7082,1942/31,"??? ???
?yu ?k",,PL,TU,27x5.5,47 To 48,Veda - Mantra,10,35,C ,G.,
7083,1942/32,"??????? ???
saubh?gya ?k",,PL,TU,27x5.5,49 To ,Veda - Mantra,10,35,C,G.,
7084,1942/33,"??????? ???
svasti ?k",,PL,TU,27x5.5,49 To 50,Veda - Mantra,10,35,C,G.,
7085,1942/34,"????????? ?????
r?k??ghna s?kta",,PL,TU,27x5.5,50 To 52,Veda - Mantra,10,35,C,G.,
7086,1942/35,"???? ?????
?anna s?kta",,PL,TU,27x5.5,52 To 53,Veda - Mantra,10,35,C,G.,
7087,1942/36,"???????? ?????
vai?vad?va ma?tra",,PL,TU,27x5.5,53 To 54,Veda - Mantra,10,35,C,G.,
7088,1942/37,"????? ?????
rudra s?kta",,PL,TU,27x5.5,54 To 58,Veda - Mantra,10,35,C,G.,
7089,1942/38,"???????
yamas?kta",,PL,TU,27x5.5,58 To 61,Veda - Mantra,10,35,C,G.,
7090,1942/39,"???? ?????
kar?a s?kta",,PL,TU,27x5.5,61.62,Veda - Mantra,10,35,C,G/,
7091,1942/4,"?????? ?????
durg? s?kta",,PL,TU,27x55,12 To 13,Veda - Mantra,10,35,C,G.,
7092,1942/40,"???????? ?????
abhi?rava?a s?kta",,PL,TU,27x5.5,62 To 1 To 77,Veda - Mantra,10,35,C,G.,
7093,1942/41,"?????????
annas?kta",,PL,TU,27x5.5,77.82,Veda - Mantra,10,35,C,G.,
7094,1942/42,"????? (???)
rudra (camaka)",,PL,TU,27x5.5,82 To 91,Veda - Mantra,10,35,C ,G.,
7095,1942/43,"????? (???)
rudra (camaka)",,PL,“,27x5.5,91 To 94,Veda - Mantra,10,35,C,G.,
7096,1942/44,"?????? ??????
?gv?da sa?hit?",,PL,TU,27x5.5,1 To 89,Samhita,10,35,Inc.,G.,
7097,1942/45,"?????? ?????
pr?tara s?kta",,PL,TU,27x5.5,1 To ,Veda - Mantra,10,35,C,G.,
7098,1942/46,"?? ?????
g? s?kta",,PL,TU,27x5.5,1 To 3,Veda - Mantra,10,35,C,G.,
7099,1942/5,"?????? ?????
r?tri s?kta",,PL,TU,27x5.5,13 To 14,Veda - Mantra,10,35,C,G.,
7100,1942/6,"???? ?????
d?v? s?kta",,PL,TU,27x5.5,15 To ,Veda - Mantra,10,35,C,G.,
7101,1942/7,"??????? ?????
lak?m? s?kta",,PL,TU,27x5.5,15 To 19,Veda - Mantra,10,35,C,G.,
7102,1942/8,"???? ???????? ?????
puna? sa?j?vini s?kta",,PL,TU,27x5.5 ,19 To 20,Veda - Mantra,10,35,C,G.,
7103,1942/9,"??????? ?????
sarasvat? s?kta",,PL,35x5,27x5.5,20 To 23,Veda - Mantra,10,35,C,G.,
7104,1943/1,"??????? ???????
pu?y?ha pray?ga?",,PL,21x5,1to42,11, G- Prayoga   ,30,Inc.,OD.,,
7105,1943/1,"??????? ???????
pu?y?ha pray?ga?",,pl,?????,21x5,1&42, G- Prayoga   ,11,30,Inc,O,
7106,1943/2,"??????? ???????
?gr?ya?a pray?ga?",,PL,TU,21x5,60 To 61, G- Prayoga   ,11,30,C,O,
7107,1943/3,"??????? ???????
?r?ddha pray?ga?",,PL,TU,21x5,1 To 20, G- Prayoga   ,11,30,Inc.,CD.,
7108,1944,"?????? ?????
va??kara?a ma?tra",,pl,?????,16.5x4,52,Tantra Mantragama,10,20,???,???,
7109,1944,"?????? ?????
va??kara?a ma?tra",,PL,TU,16.5x4,52Folios,Tantra Mantragama,,,,,
7110,1945/1,"????? ???
pavam?na h?ma",,pl,GR,20x5.5,1&12,Pooja,11,35,???,???,
7111,1946,"?? ?????????
?la jy?ti?ya",,pl,GR,18x4,35,Jautisha,9,20,Inc,O/D,???? ??????????.
7112,1947,"?????? 
bh?gavata? ",?????,pl,GR,63x5,3&187,Purana,10,90,???,O/O?/??,"??. ???? ????????, ????????"
7113,1948/1,"???????????? 
vidy?m?dhav?ya ",,pl,GR,22.5x5,1&50,Jautisha,13,40,C   ,G,
7114,1948/2,"??????????
h?ra??stra",-,pl,GR,22.5x5,51&84,Jautisha,13,40,C   ,G,
7115,1949,"??????? ??????????
k?rtika m?h?tmya?",,pl,GR,23x5,1&93,Mahatme,11,30,???,???,
7116,1950,"????? ???????
vaidya sa?graha?",,pl,GR,17.5x5,1&182,Vaidya,12,25,Inc,O/D,
7117,1951,"??????????????
taittar?y?ra?yaka",,pl,GR,26x5.5,1&117,Aranyaka,11,40,Inc,G,
7118,1952,"??? ???????
s?ma pray?ga?",,pl,GR,35x3,1&103,Gruhya- Prayoga ,7,40,C   ,O/D,
7119,1953,"??????? ??? ?????
da?ap?r?a m?sa vidhi?",,pl,?????,36x3.5,1&177,Shanti,10,55,Inc,???,
7120,1954/1,"????? ????
??rad? tilaka",,pl,GR,37x4.5,1&147,Tantra Mantra,10,60,C   ,G,
7121,1954/2,"??? ????? ????????
?iva bhuja?ga st?tra?",,pl,?????,37x4.5,1&2,Stotra,10,60,C   ,G,
7122,1954/3,"??? ?????
?iva bhuja?ga",,pl,GR,37x4.5,2&4,Stotra,10,60,C   ,G,
7123,1955,"???????????? ??????
pr?ya?citta vidh?na?",,pl,GR,27x4.5,1&64,Gruhya- Prayoga ,10,40,C   ,???,
7124,1956,"????????? ??????? ???????
pratim?y? d?var?di pray?ga?",,pl,GR,33x3,168,Gruhya- Prayoga ,7,45,Inc,???,
7125,1957,"??????? ????????
?pasta?bha ma?tr??i",,pl,GR,42x3.5,1&110,Srutasutra,8,60,Inc,O/D,
7126,1958,"???????????
aghanir?ayas?ra",??????? ????,pl,GR,38x5.5,1&121,Gruhya- Prayoga ,10,55,C   ,G,
7127,1959,"?????? ?????????????
?a?a??ti b?hatvy?khy?",,pl,GR,38x6,1&40,Gruhya- Prayoga ,11,60,C   ,G,
7128,1960/1,"??????? ?????????
pr?c?ta ?a??dvayi",,pl,GR,24x5,1&25,Vedagama,9,30,C   ,G,
7129,1960/2,"?????????? ????? ?????
agnih?tra rak?? vidhi?",,pl,GR,24x5,1&49,Vedagama,9,30,C   ,G,
7130,1961,"?????? ??????? ???????? 
padaratna paribh??? vy?khy? ",,pl,N.Na,40x3.5,76,Gruhya- Prayoga ,10,90,Inc,O/D,
7131,1962,"?????? 
pa?c??ga ",,pl,N.Na,24x3,58,Jautisha,6,40,Inc,O/D,
7132,1963,"?????? ????? 
n?laka??ha vijaya? ",?????? ???????,pl,N.Na,35x3,49,Kavya,6,60,???,???,
7133,1964/1,"?????? ????? 
n?laka??ha vijaya? ",,pl,N.Na,34x3.5,31,Kavya,7,60,Inc,???,
7134,1964/2,"??? ????? 
v?da ma?tra ",,pl,N.Na,34x3.5,1&17,Vedamantra,7,60,Inc,O,
7135,1964/3,"??????? ?????????? 
apasta?bha g?hyas?tra ",???????,pl,N.Na,34x3.5,18&28,Gruhya- Sutra,7,60,Inc,O/D,????? ??????? ??????????.
7136,1965/1,"???? ???? ??????
???a?a karma vidh?na?",,pl,N.Na,39x3,1&96,Gruhya- Prayoga ,5,60,C   ,O,
7137,1965/2,"????????? ????? 
varalak?m? vrata? ",,pl,N.Na,39x3,1&,Vrata,5,60,C   ,G,??????????????? ??????
7138,1965/3,"???????? ?????
??ipa?cam? vrata?",,pl,N.Na,39x3,1&10,Vrata,7,60,C   ,G,???????????????
7139,1965/4,"???????? ???????
??ipa?cam? udy?pana",,‘,N.Na,39x3,10&20,Vrata,7,60,Inc,G/O,
7140,1965/5," ??? ???
 ?ubha ?la?",,pl,N.Na,39x3,65,Jautisha,7,60,Inc,O/D/W,??????? ??????????.
7141,1965/6,"??????? ??? ??????
vyatipata janana ???ti?",,pl,N.Na,39x3,10,Shanti,7,60,Inc,O/D,
7142,1965/7,"?? ??? ??? ??????
g? mukha janana ???ti?",,pl,N.Na,39x3,1&,Shanti,7,60,Inc,O,
7143,1965/8,"??????? ??? ??????
sin?v?la janana ???ti?",,pl,N.Na,39x3,1&3,Shanti,7,60,Inc,G,
7144,1965/9,"????? ???????? ??? ?????? 
k???a caturda?? janana ???ti? ",,pl,N.Na,39x3,&,Shanti,7,60,Inc,O,"?????????? ????? &????? ???? ???, ???? ??????? ??????????."
7145,1966,"????? 
ch??dasa ",,pl,N.Na,38x3,2&90,Vedamantra Sangraha,4,40,Inc,O/D,
7146,1967,"???????????? 
laghu???any?sa? ",,pl,N.Na,22x5,3&21,Jautisha,6,30,Inc,,
7147,1968,"?????? ?????
??lin? ma?tra",,pl,N.Na,27x5,19,Tantra Mantra,8,40,???,O/D,???? ??????? ??????????.
7148,1969/1,"??????????
k?ma??stra",,pl,N.Na,35x3,1&26,Kamashastra,5,60,C   ,O/D,
7149,1969/2,"??? ???? ?????
?a?kha cakra vrata?",,pl,N.Na,35x3,30&31,Vrata,5,60,Inc,O,
7150,1969/3,"??? ???? ???????
?a?kha cakra udy?pana",,pl,N.Na,35x3,32,Vrata,5,60,Inc,O/D,
7151,1970,"?????? ?????
vin?yaka vrata?",,pl,N.Na,45x4,1&3,Vrata,7,65,Inc,O/D,"???? ??????? ??????????, ?&? ???? ??? ??? ?? ??????? ??????"
7152,1971,"??????????? ??????? 
prat?parudra ya??bh??a?a ",????????,pl,N.Na,32x3.2,43,Vrata,6,65,Inc,??,"??????? ??????????,"
7153,1972,"???? ??????
j?taka paddhati",,pl,N.Na,41x3,22,Vrata,6,80,Inc,O/D,
7154,1973,"???????? ??????
cha?dass?ma sa?hit?",,pl,N.Na,41x3,22,Vrata,6,80,???,???,
7155,1974,"?????? ????
?ditya h?daya",,pl,N.Na,44x3.5,1&49,Vrata,6,85,???,O,
7156,1975/1,"?????????? ?????
vighn??vara vrata?",,pl,N.Na,40x3.5,1&4,Vrata,7,75,C   ,G,
7157,1975/10,"???????? ????
??ipa?cam? vrata",,pl,N.Na,40x3.5,22&28&1,Vrata,7,75,C   ,G/O,
7158,1975/11,"?? ????
?ka p?j?",,pl,N.Na,40x3.5,28&1&32,Pooja,7,75,C   ,G/O,
7159,1975/12,"???????? ???? ???
??ipa?cam? vrata kath?",,pl,N.Na,40x3.5,32&33&40,Vrata Kata,7,75,Inc,G/O,
7160,1975/13,"?????? ????? 
s?mav?ra vrata? ",,pl,N.Na,40x3.5,40&32,Vrata Pooja,7,75,C   ,G/O,
7161,1975/14,"??????????? ?????
bh?m?m?v?sya vrata?",,pl,N.Na,40x3.5,42&1&45,Vrata,7,75,C   ,G/O,
7162,1975/15,"??????? ??? ????
k?rtika m?sa p?j?",,pl,N.Na,40x3.5,43&45,Pooja,7,75,C   ,G,
7163,1975/16,"?????????? ?????
um?mah??vara vrata?",,pl,N.Na,40x3.5,45&1&48,Vrata,7,75,C   ,G/O,
7164,1975/17,"?????????????? ????????
vi??usahasran?ma st?tra?",,pl,N.Na,40x3.5,48&1&54,Stotra,7,75,C   ,G/O,
7165,1975/18,"???????
tri?ati",,pl,N.Na,40x3.5,55&59,Stotra,7,75,C   ,G/O,
7166,1975/19,"??? ???????? ????????
?iva sahasran?ma st?tra?",,pl,N.Na,40x3.5,60&64,Stotra,7,75,C   ,G/O,
7167,1975/2,"?????????? ???? ???
vighn??vara vrata kath?",,pl,N.Na,40x3.5,4&6,Vrata Kata,7,75,C   ,G/O,
7168,1975/20,"??? ????????
r?ma sahasran?ma",,pl,N.Na,40x3.5,64&67,Stotra,7,75,C   ,G/O,
7169,1975/21,"???????? ?????
ma?galagaur? vrata?",,pl,N.Na,40x3.5,67&1&68,Stotra,7,75,C   ,G,
7170,1975/22,"???????? ???? ???
ma?galagaur? vrata kath?",,pl,N.Na,40x3.5,68&1&70,Stotra,7,75,C   ,G,
7171,1975/23,"???? ????? ?????
v?mana jaya?ti vrata?",,pl,N.Na,40x3.5,70&72,Stotra,7,75,C   ,G,
7172,1975/24,"???? ????? ???? ???
v?mana jaya?ti vrata kath?",,pl,N.Na,40x3.5,72&75,Stotra,7,75,C   ,G/O,
7173,1975/25,"???????????
ana?t?dy?pana",,pl,N.Na,40x3.5,75&77,Stotra,7,75,C   ,G/O,
7174,1975/26,"??? ???? ????????????
d?ra na??a pr?ya?citta",,pl,N.Na,40x3.5,77&80,Vrata,7,75,C   ,G,
7175,1975/27,"????????? ?????
lak?av?rati vrata?",,pl,N.Na,40x3.5,80&80&1,Vrata,7,75,C   ,G,
7176,1975/28,"???????? ???? ???
lak??rati vrata kath?",,pl,N.Na,40x3.5,80&1&82,Vrata Kata ,7,75,C   ,G/O,
7177,1975/29,"??? ??? ?????????????? 
am? s?ma vrat?rdy?pana? ",,pl,N.Na,40x3.5,82&84,Vrata,7,75,C   ,G/O,
7178,1975/3,"?????????? ?????
svar?agaur? vrata?",,pl,N.Na,40x3.5,6&8,Vrata,7,75,C   ,G/O,
7179,1975/30,"????????? ???? ???
lak?atu?as? vrata kath?",,pl,N.Na,40x3.5,84&85,Vrata,7,75,C   ,G/O,
7180,1975/31,"?????? ?????
n?si?ha jaya?t?",,pl,N.Na,40x3.5,86&87,Vrata,7,75,C   ,G,
7181,1975/32,"??????? ?????
r?manavam? vrata?",,pl,N.Na,40x3.5,87&88,Vrata,7,75,C   ,G,
7182,1975/33,"??????? ???? ???
r?manavam? vrata kath?",,pl,N.Na,40x3.5,88&90,Vrata Kata,7,75,C   ,G,
7183,1975/34,"?????????? ?????
janm???ami vrata?",,pl,N.Na,40x3.5,90&91,Vrata,7,75,C   ,G/O,
7184,1975/35,"?????????? ???? ???
janm???ami vrata kath?",,pl,N.Na,40x3.5,91&92,Vrata Kata,7,75,C   ,G/O,
7185,1975/36,"?? ???? ?????
g? padma vrata?",,pl,N.Na,40x3.5,92&1&95,Vrata,7,75,C   ,G/O,
7186,1975/37,"?????????? ?????
k?d?r??vara vrata?",,pl,N.Na,40x3.5,95&1&97,Vrata,7,75,C   ,G/O,
7187,1975/4,"?????????? ???? ???
svar?agaur? vrata kath?",,pl,N.Na,40x3.5,8&9&1,Vrata Kata,7,75,C   ,G,
7188,1975/5,"????? ????
yamun? p?j?",,pl,N.Na,40x3.5,9&1&11&1,Vrata Kata,7,75,C   ,G/O,
7189,1975/6,"???? ?????
ana?ta vrata?",,pl,N.Na,40x3.5,11&1&14,Vrata Kata,7,75,C   ,G,
7190,1975/7,"???? ???? ???
ana?ta vrata kath?",,pl,N.Na,40x3.5,14&19,Vrata Kata,7,75,C   ,G,
7191,1975/8,"????????? ?????
varalak?m? vrata?",,pl,N.Na,40x3.5,19&21,Vrata Kata,7,75,C   ,G/O,
7192,1975/9,"????????? ???? ???
varalak?m? vrata kath?",,pl,N.Na,40x3.5,21&22,Vrata Kata,7,75,C   ,G/O,
7193,1976,"?????????????
dharmaprav?tti",,pl,N.Na,29.5x3,1&189,Vrata Kata,6,55,Inc,O/D,
7194,1977/1,"????? ??????
upar?ga ???ti?",,pl,N.Na,38x3,4&7,Vrata Kata,5,65,C   ,O/D ,
7195,1977/10,"?????? ??? ?????
hanuma?ta d?na vidhi?",,pl,N.Na,38x3,30&1&31,Shanti,5,65,C   ,O/D ,
7196,1977/11,"????? ???????? ???
vai?va naram?rti d?na",,pl,N.Na,38x3,31&33,Shanti,5,65,C   ,O/D ,
7197,1977/12,"???? ?????????
adya v?k?anad?na",,pl,N.Na,38x3,33&34&1,Shanti,5,65,C   ,O/D ,
7198,1977/13,"??????
saisad?na",,pl,N.Na,38x3,34&1&36,Shanti,5,65,C   ,O/D ,
7199,1977/14,"?????? ??? ?????
m?jjaga d?na vidhi?",,pl,N.Na,38x3,38&40,Shanti,5,65,C   ,O/D ,???? ???? ????
7200,1977/15,"?????? ??? ?????
tailagh?ta d?na vidhi?",,pl,N.Na,38x3,41&1&42,Shanti,5,65,C   ,G,
7201,1977/16,"????????? ??????
du?svapna ???ti?",,pl,N.Na,38x3,42&1&43,Shanti,5,65,C   ,G,
7202,1977/17,"?????????? ?????
ku?bh?bhi??ka vidhi?",,pl,N.Na,38x3,43&44,Shanti,5,65,C   ,O,
7203,1977/18,"????????? ??????
lak?m?hara tailad?na",,pl,N.Na,38x3,44&44&1,Shanti,5,65,C   ,O/D ,
7204,1977/19,"???? ?????? ??????
v?yasa prav??a ???ti?",,pl,N.Na,38x3,44&1&46,Shanti,5,65,C   ,O,
7205,1977/2,"????? ??????
graha?a ???ti?",,pl,N.Na,38x3,8&9,Shanti,5,65,C   ,O/D ,
7206,1977/20,"?????? ???? ??? ?????
v?stu p?j? h?ma vidhi?",,pl,N.Na,38x3,46&51,Shaivagama,5,65,C   ,G ,
7207,1977/21,"??????? ??????
garbhap?ta ???ti?",,pl,N.Na,38x3,52&53&1,Shanti,5,65,C   ,O ,
7208,1977/22,"????????? ??????
grah?r?ha?a ???ti?",,pl,N.Na,38x3,53&1&54,Shanti,5,65,C   ,O,
7209,1977/23,"?????? ??????
m?har?ga ???ti?",,pl,N.Na,38x3,54&57,Shanti,5,65,C   ,O,
7210,1977/24,"???? ??????
v?yasa ???ti?",,pl,N.Na,38x3,59&60,Shanti,5,65,C   ,O/D ,
7211,1977/25,"???????????? ??????
v?k?ad?vaik?ta ???ti?",,pl,N.Na,38x3,60&1&63,Shanti,5,65,C   ,G ,
7212,1977/26,"?????? ??????
utp?ta ???ti?",,pl,N.Na,38x3,63&63&1,Shanti,5,65,C   ,O/D ,
7213,1977/27,"??? ??????? ????? ??????
d?va nak?atra dar?ana ???ti?",,pl,N.Na,38x3,63&1&64,Shanti,5,65,C   ,G ,
7214,1977/28,"????????? ????? ??????
v?yasamaithuna du??a ???ti?",,pl,N.Na,38x3,64&1&65,Shanti,5,65,C   ,O/D ,
7215,1977/29,"??????? ?????
pa?cagavya vidhi?",,pl,N.Na,38x3,65&1&66,Shanti,5,65,C   ,O/D ,
7216,1977/3,"???????? ????? ??????
sarpaga?dh? vitta ???ti?",,pl,N.Na,38x3,9&15,Shanti,5,65,C   ,O/D ,
7217,1977/30,"????? ??????
s?rya ???ti?",,pl,N.Na,38x3,61&68,Shanti,5,65,C   ,O/D ,
7218,1977/31,"????? ??????
ca?dra ???ti?",,pl,N.Na,38x3,68&1&71,Shanti,5,65,C   ,O/D ,
7219,1977/32,"????? ??????
bh?yuma ???ti?",,pl,N.Na,38x3,71&73,Shanti,5,65,C   ,O,
7220,1977/33,"???? ??????
r?hu ???ti?",,pl,N.Na,38x3,73&74&1,Shanti,5,65,C   ,O/D ,
7221,1977/34,"???? ??????
k?tu ???ti?",,pl,N.Na,38x3,74&1&76,Shanti,5,65,C   ,O/D ,
7222,1977/35,"??? ???? ??? ??????
taila ku?bha d?na ???ti?",,pl,N.Na,38x3,76&,Shanti,5,65,C   ,O,
7223,1977/36,"???????? ??????
b?haspati ???ti?",,pl,N.Na,38x3,76&1&78,Shanti,5,65,C   ,O/D ,
7224,1977/37,"????? ??????
buddha ???ti?",,pl,N.Na,38x3,78&80,Shanti,5,65,C   ,G ,?????
7225,1977/38,"????? ??????
?ukra ???ti?",,pl,N.Na,38x3,81&82,Shanti,5,65,C   ,G ,
7226,1977/39,"???? ??? ?????
ana?u d?na vidhi?",,pl,N.Na,38x3,82&83,Shanti,5,65,C   ,O/D ,
7227,1977/4,"????? ??????
graha?a ???ti?",,pl,N.Na,38x3,16&20,Shanti,5,65,C   ,O/D ,
7228,1977/40,"?????? ??? ?????
pratima d?na vidhi?",,pl,N.Na,38x3,82&86,Shanti,5,65,C   ,G,
7229,1977/41,"??????????? ?????
sarpasa?sk?ra vidhi?",,pl,N.Na,38x3,86&87,Shanti,5,65,C   ,G ,
7230,1977/42,"??? ??? ??????
??la d?na ???ti?",,pl,N.Na,38x3,89&,Shanti,5,65,C   ,G ,
7231,1977/43,"??????? ??? ?????
k?lacakra d?na vidhi?",,pl,N.Na,38x3,89&90,Shanti,5,65,C   ,O/D ,
7232,1977/44,"????????? ??? ?????
tripuru?a d?na vidhi?",,pl,N.Na,38x3,90&1&92,Shanti,5,65,C   ,O/D ,
7233,1977/45,"???? ????????? ?????
catura m?rtid?na vidhi?",,pl,N.Na,38x3,92&93&1,Shanti,5,65,C   ,O ,??????
7234,1977/46,"????? ??????
?ithila ???ti?",,pl,N.Na,38x3,93&1&98,Shanti,5,65,C   ,O/D ,??????
7235,1977/47,"??????????? ??????
vidyutp?ta ???ti?",,pl,N.Na,38x3,98&104,Shanti,5,65,C   ,O/D ,????????? ??????
7236,1977/48,"??? ??????
???a ???ti?",,pl,N.Na,38x3,104&109,Shanti,5,65,C   ,O/D ,
7237,1977/49,"???? ??????
kuh? ???ti?",,pl,N.Na,38x3,&,Shanti,&,&,C   ,,
7238,1977/5,"????? ???????? ??? ??????
k???a caturda?? janana ???ti?",,pl,N.Na,38x3,20&22,Shanti,5,65,C   ,O/D ,
7239,1977/50,"???????? ????? ??????
tray?da?? vrata? ???ti?",,pl,N.Na,38x3,102&106,Shanti,5,65,C   ,O/D ,
7240,1977/51,"??? ??? ?????
cauga d?na vidhi?",,pl,N.Na,38x3,106&107,Shanti,5,65,C   ,G ,
7241,1977/52,"????? ??? ??????
pall? patana ???ti?",,pl,N.Na,38x3,107&109,Shanti,5,65,C   ,G ,
7242,1977/53,"????????? ??????
du?svapna ???ti?",,pl,N.Na,38x3,109&1,Shanti,5,65,Inc,G /O,
7243,1977/54,"???????? ?????
s?m??vara vrata?",,pl,N.Na,38x3,122&124,Shanti,5,65,Inc,O,
7244,1977/55,"???? ???????? ????????????
k??e s?m??vara vrat?dy?pana?",,pl,N.Na,38x3,125,Shanti,5,65,C   ,G ,
7245,1977/56,"????? ?????? ???????
?rava?a ???ti? varavrata?",,pl,N.Na,38x3,124&1&129,Shanti,5,65,C   ,G ,????? ??????
7246,1977/57,"?????????
graha???ti",,pl,N.Na,38x3,129&137,Shanti,5,65,C   ,G ,?????
7247,1977/58,"?????? ????? ??? ?????
navagraha prati d?na vidhi?",,pl,N.Na,38x3,137&1&146,Shanti,5,65,C   ,G ,
7248,1977/59,"???????????????? ?????
janmatithy?dy?pana vidhi?",,pl,N.Na,38x3,146&149,Shanti,5,65,C   ,G ,
7249,1977/6,"?????? ???????? ?????
n?si?ha pratimadana vidhi?",,pl,N.Na,38x3,23&26,Shanti,5,65,C   ,O/D ,?????
7250,1977/60,"???? ????? ?????
guru ?ukra mau?hya",,pl,N.Na,38x3,149&157,Shanti,5,65,Inc,G ,
7251,1977/61,"???????? ?????? ??????
vyat?p?ta vaidh?ti ???ti?",,pl,N.Na,38x3,157&158,Shanti,5,65,&,& ,
7252,1977/62,"??????? ?????????? ??????
vi?an??i pratham?rthava ???ti?",,pl,N.Na,38x3,158&160,Shanti,5,65,&,&,
7253,1977/63,"??????? ??????
caturth? ???ti?",,pl,N.Na,38x3,160&1&161,Shanti,5,65,C   ,G/O ,
7254,1977/64,"??????? ?????????? ??????
caturth? pratham?rthava ???ti?",,pl,N.Na,38x3,161&,Shanti,5,65,C   ,G ,
7255,1977/65,"?????? ??????
?k?da?? ???ti?",,pl,N.Na,38x3,161&162,Shanti,5,65,C   ,G ,
7256,1977/66,"???????? ??????
paur?amas? ???ti?",,pl,N.Na,38x3,162&,Shanti,5,65,C   ,G ,
7257,1977/67,"????? ??????
tanuvara ???ti?",,pl,N.Na,38x3,162&163,Shanti,5,65,C   ,G/O ,
7258,1977/68,"?????? ?????????? ??????
baumav?ra pratham?rthava ???ti?",,pl,N.Na,38x3,163&164,Shanti,5,65,C   ,G /O,
7259,1977/69,"??????? ??????
grahanoga ???ti?",,pl,N.Na,38x3,164&165,Shanti,5,65,C   ,G /O,
7260,1977/7,"???????? ????? ?????
tilapi??a yamad?na vidhi?",,pl,N.Na,38x3,26&27,Shanti,5,65,C   ,O/D ,?????
7261,1977/70,"??? ???? ??????
pa?ca graha ???ti?",,pl,N.Na,38x3,164&168,Shanti,5,65,C   ,G /O,
7262,1977/71,"???? ??????
kuh? ???ti?",,pl,N.Na,38x3,168&1&170,Shanti,5,65,C   ,G ,
7263,1977/72,"?????? ??????? ??????
r?hi?i nak?atra ???ti?",,pl,N.Na,38x3,172&,Shanti,5,65,C   ,G ,
7264,1977/73,"?????? ??????? ??????
m?ga?ira nak?atra ???ti?",,pl,N.Na,38x3,173&,Shanti,5,65,C   ,G /O,
7265,1977/74,"????? ??????? ??????
pu?ya nak?atra ???ti?",,pl,N.Na,38x3,173&1&174,Shanti,5,65,C   ,G /O,
7266,1977/75,"?????? ??????? ??????
a?l??a nak?atra ???ti?",,pl,N.Na,38x3,174&174&1,Shanti,5,65,C   ,G /O,
7267,1977/76,"??? ??????? ??????
m?gha nak?atra ???ti?",,pl,N.Na,38x3,174&1&175,Shanti,5,65,C   ,G /O,
7268,1977/77,"????? ??????? 
p?rva p?lgu?a ",,pl,N.Na,38x3,176&,Shanti,5,65,C   ,G/O ,
7269,1977/78,"????? ?????????
uttara p?lgu?ya",,pl,N.Na,38x3,176&1&177,Shanti,5,65,,,
7270,1977/79,"???? ??????? ??????
hasta nak?atra ???ti?",,pl,N.Na,38x3,177&1&178,Shanti,5,65,C   ,G ,
7271,1977/8,"?????? ????? ???
m?tyu mahi?i d?na",,pl,N.Na,38x3,27&28&1,Shanti,5,65,C   ,O/D ,?????
7272,1977/80,"??????? ??????? ??????
citr?ya nak?atra ???ti?",,pl,N.Na,38x3,178&179,Shanti,5,65,C   ,G ,
7273,1977/81,"?????? ??????? ??????
svatya nak?atra ???ti?",,pl,N.Na,38x3,179&,Shanti,5,65,C   ,G /O,
7274,1977/82,"????? ??????? ??????
vi??kha nak?atra ???ti?",,pl,N.Na,38x3,179&1&180,Shanti,5,65,C   ,G ,
7275,1977/83,"?????? ??????? ??????
anur?dha nak?atra ???ti?",,pl,N.Na,38x3,180&1&181,Shanti,5,65,C   ,G /O,
7276,1977/84,"????? ??????? ??????
j???ha nak?atra ???ti?",,pl,N.Na,38x3,181&182,Shanti,5,65,C   ,G /O,
7277,1977/85,"??? ??????? ??????
m?la nak?atra ???ti?",,pl,N.Na,38x3,182&,Shanti,5,65,C   ,O,
7278,1977/86,"????????? ??????? ??????
p?rv????a nak?atra ???ti?",,pl,N.Na,38x3,182&1&183,Shanti,5,65,C   ,G /O,
7279,1977/87,"????????? ??????? ??????
uttar????ha nak?atra ???ti?",,pl,N.Na,38x3,183&1&185,Shanti,5,65,C   ,O/D ,
7280,1977/88,"????? ??????? ??????
vi??kha nak?atra ???ti?",,pl,N.Na,38x3,185&187,Shanti,5,65,C   ,G ,
7281,1977/89,"????? ???? ??????
p?rva bhadra ???ti?",,pl,N.Na,38x3,187&1&188,Shanti,5,65,C   ,O,
7282,1977/9,"??????? ??? ?????
navadurga d?na vidhi?",,pl,N.Na,38x3,28&1&30,Shanti,5,65,C   ,O/D ,
7283,1977/90,"?????????? ??????
uttarab?dra ???ti?",,pl,N.Na,38x3,188&1&189,Shanti,5,65,C   ,G /O,
7284,1977/91,"????? ??????? ??????
r?vat? nak?atra ???ti?",,pl,N.Na,38x3,190&191,Shanti,5,65,C   ,O/D,
7285,1977/92,"??????? ???
sarasvat? ?la?",,pl,N.Na,38x3,192&,Shanti,5,65,C   ,O ,
7286,1977/93,"??????? ??????
vayaspati ???ti?",,pl,N.Na,38x3,193&1,Shanti,5,65,&,&,
7287,1977/94,"???????? ?????? ??????
k?kak?ati prav??a ???ti?",,pl,N.Na,38x3,193&1&194,Shanti,5,65,C   ,O/D,
7288,1977/95,"????? ??????
s?rya ???ti?",,pl,N.Na,38x3,194&197,Shanti,5,65,C   ,G ,
7289,1977/96,"????? ??????
ca?dra ???ti?",,pl,N.Na,38x3,197&200,Shanti,5,65,C   ,O/D,
7290,1977/97,"?????? ??????
a?g?raka ???ti?",,pl,N.Na,38x3,200&203,Shanti,5,65,C   ,G /O,
7291,1977/98,"??? ??????
budha ???ti?",,pl,N.Na,38x3,203&210,Shanti,5,65,C   ,G O,
7292,1977/99," ??????
 ???ti?",,pl,N.Na,38x3,210&215,Shanti,5,65,C   ,O/D,
7293,1978/1,"???? ??????? ?????
???a?a sa?sk?ra vidhi?",,pl,N.Na,25.5x3,1&88, G- Prayoga   ,5,55,Inc,O/D,
7294,1978/2,"??? ??????? ??? ????????
p?ra sa?k??pa g?ra vy?khy?",,pl,N.Na,25.5x3,1&34, G- Prayoga   ,5,55,,,
7295,1979,"????? ?????????
yamun? p?j?vidhi?",,pl,N.Na,31x3.5,40,Pooja,7,65,Inc,O/D,
7296,1979/2,"????? ?????
rudra s?kta",,PL,“,21x5,4 To 1 To 9,Veda - Mantra,10,25,C ,O,
7297,1980,"??????????
d?vat?ma?tra",,pl,N.Na,30x3,21,Veda Mantra,5,45,Inc,O/D,
7298,1981,"??????????????
vi??ust?tra?",,pl,N.Na,19x3,1&27,Stotra,5,25,C   ,G/O,
7299,1982,"???????? 
mah?bh?rata? ",,pl,N.Na,34x4,1&111,Itihasa,10,70,Inc,O/D,"???????&?????????, ??? ??????, ??. ???? ????????, ????????"
7300,1983,"????? ????????
aitar?ya br?hma?a",,pl,N.Na,45x5,1&75,Brahmana,8,90,Inc,O/D,
7301,1984/1,"???? ?????????
v??abha pr?rthan?",,pl,N.Na,29x5,26,Stotra,9,45,Inc,O/D,
7302,1985,"?????????
tarkabh??ya",?????????,pl,N.Na,26x5,1&170,Nyaya,8,60,Inc,O/D,
7303,1986,"?????????????? ????
mithyatv?num?na kha??ana",??A??????,pl,N.Na,32x6,1&17,Nyaya,9,50,C   ,O/D,
7304,1987/1,"??????? ??????????
k?rtika m?h?tmya?",?????,pl,N.Na,26x6,1&29,Mahatme,10,40,C   ,O/D,
7305,1988/1,"????????? ???????? 
puru??rtha sudh?nidhi ",,pl,N.Na,36x5.5,1&48,,9,80,Inc,O/D,
7306,1989,"???????? ?????? ???????? 
siddh??ta kaumudi vy?khy? ",???????,pl,N.Na,39x6,32,Vyakarana,8,65,Inc,O/D,
7307,1990,"???????? ??????? (????? ?????)
ta?tras?ra sa?graha? (ma?d?ra ma?jar?)",?????A???,pl,N.Na,37x5.5,1&17,Tantra,8,60,Inc,O/D,
7308,1991/1,"??????????? ??????
brahmas?tra bh??ya?",???????,pl,N.Na,37x5,1&61,Vedanta,9,75,Inc,O/D,
7309,1992,"??????? ???????? ??????
mah?bh?rata t?tparya nir?aya",??????????,pl,N.Na,49x5,17&32,Dvaita,10,120,Inc,O/D,
7310,1993/1,"?????? ?????
vi??u s?kta",,pl,N.Na,19x505,1&10,Vedamantra Sangraha,8,30,C   ,G,
7311,1994/1,"??????? ????????
?r?ra?ga vy?khy?",??????A??? ?????,pl,N.Na,33x5,1&53,Kavya,6,55,C   ,G,
7312,1995,"??????? ???????? ?????? 
mah?bh?rata t?tparya nir?aya ",?????????,pl,N.Na,33x4,1&290,Dvaita,7,55,C   ,G,
7313,1996,"??????? ???????? ??????
mah?bh?rata t?tparya nir?aya",???,pl,N.Na,49x5.5,1&137,Dvaita,10,100,C   ,G,
7314,1997/1,"??????? ???????? 
?r?ra?ga vy?khy? ",?????????? ?????,pl,N.Na,35x5,1&85,Kavya,8,60,C   ,G,????? ???? ???.
7315,1997/2,"???????? ????????? 
ma?ima?jari vy?khy?na ",???????? ?????,pl,N.Na,35x5,86&115,Kavya,8,60,Inc,G/O,
7316,1998,"???? ????? 
madhva vijaya? ",?????? ??????,pl,N.Na,37x5,1&44,Dvaita,8,70,C   ,G,
7317,1999/1,"???????? ???? 
citras?na k??aga ",-,pl,N.Na,18x5,3&44,Yakshagana,10,25,Inc,O,????? ???????? ??????
7318,1999/2,"????????? ???? 
babruv?hana k??aga ",-,pl,N.Na,18x5,1&43,Yakshagana,10,25,C   ,G,
7319,1999/3,"????????? ???? 
i?drajitu k??aga ",-,pl,N.Na,18x5,1&8,Yakshagana,10,25,C   ,G,
7320,2000,"?????? ????? 
vi??u rahasya ",,pl,N.Na,27.5x4,1&214,Dvaita,8,50,C   ,G,
7321,2001,"????????? ???????
prapa?cas?ra sa?graha?",,pl,GR,47x4,1&171,Tantra,9,70,Inc,G/O,
7322,2002,"?????? ??????????
bh?d?yana g?hyas?tra",??????,pl,GR,37x5,1&49,Gruhya Sutra,10,50,C   ,G,
7323,2003,"??????? ????????
da?ap?r?a m?savidhi?",,pl,GR,35.5x3.5,1&84, G- Prayoga   ,8,45,Inc,O,
7324,2004/1,"???? ???????? ????????
lalita sahasran?ma st?tra?",,pl,GR,35x3,1&13,Stotra,5,45,Inc,G/O,
7325,2004/2,"????? ????????? ??????????
girija a??h?ttara ?atan?m?va?i?",,pl,GR,35x3,1&8,Stotra,5,45,Inc,G,
7326,2004/3,"???? ?????????????
lalita sahasran?m?va?i?",,pl,GR,35x3,1&10,Stotra,5,45,Inc,O/D,
7327,2005/1,"???????? ?????
???rvacana ma?tra",,pl,GR,22x3,1&58,Veda Mantra,5,25,C   ,G,
7328,2005/2,"??????? ?????
sarasvat? s?kta",,pl,GR,22x3,59&104,Vedamantra Sangraha,5,25,C   ,G,
7329,2005/3,"???????? ?????
?at?bhi??ka vidhi?",,pl,GR,22x3,105&120,Veda Mantra,5,25,C   ,G/O,
7330,2006,"??????? ???
dv?da?? h?ma",,pl,GR,18x3.5,1&255, G- Prayoga   ,7,25,C   ,G/O,
7331,2007/1,"??????? ????????
?ivakavaca? st?tra?",,pl,GR,11.5x3,1&18,Stotra,6,15,C   ,G/O,
7332,2007/2,"?????????? ????????
i?dr?k?i st?tra?",,pl,GR,11.5x3,1&2,Stotra,6,15,C   ,G,
7333,2007/3,"???????? ?????
dhanva?tari ma?tra",,pl,GR,11.5x3,1&2,Mantra,6,15,C   ,G,
7334,2007/4,"??????? ?????
n?matraya ma?tra",,pl,GR,11.5x3,1&14,Mantra,6,15,C   ,G,
7335,2008,"??????? ????? ???????
jaiminiya s?tra sa?graha?",,pl,GR,31x3.5,1&122,Veda,6,30,Inc,O/D/W,
7336,2009,"???????
s?mapa?caka",,pl,GR,40x4,1&71,G- Prayoga   ,10,55,C   ,G,
7337,2010/1,"????? ????
ga?apati kalpa",,pl,GR,20x3,1&6,Tantra Mantra,7,25,C   ,G,
7338,2010/2,"??????? ????
sarasvat? kalpa",,pl,GR,20x3,7&10,Tantra Mantra,7,25,C   ,G,
7339,2010/3,"??? ????
?iva kavaca?",,pl,GR,20x3,11&20,Stotra,7,25,C   ,G,
7340,2010/4,"??? ?????
?iva bhuja?ga",,pl,GR,20x3,21&27,Stotra,7,25,C   ,G,
7341,2010/5,"????? ?????? ????????
ak?ara m?lik? st?tra?",,pl,GR,20x3,28&45,Stotra,7,25,C   ,G,
7342,2011,"?????? ???????
sm?ti samuccaya",,pl,GR,23x4.5,1&31,Smriti,13,35,Inc,G,
7343,2012,"??????? ?????????
sa?sk?ta bh???ma?jari",,pl,GR,42x3.5,1&10,Vyakarana,7,40,Inc,O,
7344,2013,"????????????????
?ivasahasran?m?va?i?",,pl,GR,31x3,1&56,Stotra,6,30,C   ,G,
7345,2014,"????? ????? ???????
agni h?tra pra?n?",,pl,GR,38x6.5,1&45,Jautisha,11,45,C   ,G,
7346,2015,"?????? ???? ???????
pur??a? ch?y? viv?cane",,pl,GR,36x3,1&25,General,5,30,C   ,O,
7347,2016,"???????? ????????
pait?m?dhaka vy?khy?",,pl,GR,40x3.5,15,Gruhya- Prayoga ,5,35,Inc,O,
7348,2017/1,"??????????? ????????
subrahma?ya sahasran?ma",,pl,GR,40x4,1&9,Stotra,8,50,C   ,G,
7349,2017/2,"??????????? 
prati??khy? ",,pl,GR,20x3,1&15,Veda,8,50,C   ,G/O,
7350,2018,"????????????
pr?ti??khy?",,pl,GR,20.5x4.5,1&65,Veda,8,20,Inc,O,
7351,2019,"?????????? ??????
agnih?tra rak?a??",???????? ????????,pl,GR,24.5x4.5,1&75,General,11,40,Inc,G,
7352,2020,"???????????? ??????
pr?ya?citta vidh?na?",,pl,GR,37x5,1&59,Gruhya- Prayoga ,13,45,C   ,O,
7353,2021,"??????????
sva?tama?tra",,pl,GR,28.5x4,1&29,Veda,8,35,C   ,G,
7354,2022,"???????? ?????
agnid?va ma?tra",,pl,GR,26.5x3,14,Veda Mantra,5,25,Inc,O,
7355,2023,"???????????? ??????
pr?ya?citta vidh?na?",,pl,GR,45x6,1&62,Jautisha,6,65,Inc,G,
7356,2024,"???????? ?????
?aktim?la ma?tra",,pl,GR,38x3,130,Tantra Mantra,6,60,Inc,O,
7357,2025,"??????? ?????
pa?cagavya vidhi?",,pl,GR,37x3,1&6,Gruhya- Prayoga ,6,35,Inc,O,
7358,2026/1,"?????? ??????
?gv?da sa?hit?",,pl,GR,20.5x3.5,1&40,Veda Samhita,7,20,Inc,O/D,
7359,2026/2,"??????? ?????????? ?????? ?????
?pasta?bha g?hyap?rva kapardi k?rika",,pl,GR,20.5x3.5,1&23,Gruhya- Prayoga ,7,20,Inc,O/D/W,
7360,2027,"??????? ??? ?????
sa?vatsara j?ta s?u?a",,pl,GR,15x3,26,Jautisha,6,20,Inc,O,
7361,2028/1,"????????? ???? 
dharma??sta kavaca? ",,pl,GR,22.5x3.5,1&4,Stotra,8,25,C   ,G,
7362,2028/2 ,"??????????? ?????
?ivasahasran?ma vidhi?",,pl,GR,22.5x3.5,25,Stotra,8,25,C   ,G,
7363,2029,"??????????
dv?da??khya",,pl,GR,26.5x5,7,Jautisha,9,30,Inc,O,
7364,2030,"?????????? ???????
agnist?ma pray?ga?",,pl,GR,18.5x3.5,1&52,Gruhya- Prayoga ,8,30,C   ,G/O/O?,
7365,2031/1,"??????????? ????????
subrahma?ya sahasran?ma",,pl,GR,19.5x3,1&17,Stotra,8,30,C   ,G,
7366,2031/2,"??????????? ?????
subrahma?ya ma?tra",,pl,GR,19.5x3,1&12,Mantra Tantra,8,30,C   ,G,
7367,2032,"??? ????
janana patra",,pl,GR,35x3,1&30,Jautisha,4,35,C   ,G,
7368,2033,"???????????
pr?ti??khya",,pl,GR,35x3,19,Veda Samhita,5,40,Inc,G/O,
7369,2034,"??? ???????
apara pray?ga?",??????,pl,GR,24x4,71, G- Prayoga   ,6,35,Inc,O,
7370,2035/1,"????? ?????
i?dra ma?tra",,pl,GR,18.5x4,1&12,Veda Mantra,9,25,Inc,G,
7371,2035/2,"??? ?????
s?ma ma?tra",,pl,GR,19.5x3,13&33,Vedamantra Sangraha,8,30,C   ,G/O,
7372,2036,"???????? ?????????
praj?pati yajñama?tra",,pl,GR,36x4.5,1&60,Veda Mantra,11,60,C   ,O,
7373,2037,"??????? ??? ????????
da?ap?r?a m?sa vy?khy?",,pl,GR,48x4.5,1&92, G- Prayoga   ,14,70,Inc,G,
7374,2038/1,"???????? ????? 
var?akrama lak?a?a ",,pl,GR,13x4,1&29,Vedanga ,7,15,C   ,G,
7375,2038/10,"????? ???????? ?????
sa?t?na param??vara ma?tra",,pl,GR,13x4,104&106,Mantra,7,15,C   ,G,
7376,2038/11,"??? ???? ?????
?ikha v?hana ma?tra",,pl,GR,13x4,107&109,Mantra,7,15,C   ,G,
7377,2038/12,"??? ????? ?????
madana g?p?la ma?tra",,pl,GR,13x4,110&114, Mantra,7,15,C   ,G,
7378,2038/13,"??? ??????? ???? ????? 
m?dha dak?i?? meke ma?tra ",,pl,GR,13x4,115&119,Mantra,7,15,C   ,G,
7379,2038/14,"??????? ?????
pit?m?dha vidhi?",,pl,GR,13x4,120&127,Mantra,7,15,C   ,G,
7380,2038/15,"??????? ?????? ????????
lak?m? n?si?ha st?tra?",,pl,GR,13x4,1&4,Stotra,7,15,C   ,G,
7381,2038/16,"??????? ????????
lak?m? st?tra?",,pl,GR,13x4,1&5,Stotra,7,15,C   ,G,
7382,2038/17,"??????? ??????? ????????
a?vattha lak?m? st?tra?",,pl,GR,13x4,1&10,Stotra,7,15,C   ,G,
7383,2038/18,"??????? ????? ??????? ????????
lak?m? r?vat? var?am?la st?tra?",,pl,GR,13x4,1&4,Stotra,7,15,C   ,G,
7384,2038/19,"???????? ????????
r?maca?dra st?tra?",,pl,GR,13x4,1&2,Mantra,7,15,C   ,G,
7385,2038/2,"??? ???? ???????
sarapa b?li pray?ga?",,pl,GR,13x4,1&29, G- Prayoga   ,7,15,C   ,G,
7386,2038/20,"???????? ?????
apaddh?ra?a ma?tra",,pl,GR,13x4,1&8,Mantra,7,15,C   ,G/O,
7387,2038/3,"????????? ????? 
yajñ?pav?ta vidhi? ",,pl,GR,13x4,39&44, G- Prayoga   ,7,15,C   ,G,
7388,2038/4,"????? ????? ???????????? 
agni h?tra pr?ya?citta ",,pl,GR,13x4,45&51, G- Prayoga   ,7,15,C   ,G,
7389,2038/5,"????? ???? 
s?kta vivara ",,pl,GR,13x4,52&70,Vedamantra Sangraha,7,15,C   ,G,
7390,2038/6,"???? ??????
dhvaja ?ik??",,pl,GR,13x4,71&87,Vedanga ,7,15,C   ,G,
7391,2038/7,"????? 
s?tra ",,pl,GR,13x4,88&98,Vedanga ,7,15,C   ,G,
7392,2038/8,"?? ????? ?????
khaga m?nya ma?tra",,pl,GR,13x4,99,Veda Mantra,7,15,C   ,G,
7393,2038/9,"??????? ????????? ?????
sva?b?ra pr?ptati ma?tra",,pl,GR,13x4,100&103,Veda Mantra,7,15,C   ,G,
7394,2039,"?????????
?ryama?tra",,pl,GR,24x4,1&10,Veda Mantra,10,35,C   ,G,
7395,2040,"????????????????
?ivasahasran?m?va?i?",,pl,GR,23x4.5,97,Stotra,10,35,Inc,O/D,
7396,2041,"???????????
pr?ti??khya",,pl,GR,21x5,1&91,Vedanga ,12,35,C   ,G,
7397,2042,"??????????
gr?malak?a?a",,pl,GR,13.5x3,1&66,General,6,15,???,???,
7398,2043,"???????????
pr?ti??khya",,pl,GR,24x4,1&32,Veda,9,30,Inc,O,
7399,2044,"????????? ????? ???????
m?ladurg? ma?tra pray?ga?",,pl,GR,37x3,1&14,Tantra Mantra,6,40,???,G,
7400,2045,"????? ??????? ?????
putra sv?k?ra vidhi?",,pl,GR,43x3,1&14,Gruhya- Prayoga ,6,50,Inc,G,
7401,2046,"????? ?????
da?ad?na vidhi?",,pl,GR,18.5x4.5,1&7,Gruhya- Stotra,9,25,???,O,
7402,2047,"??? ???????????? ?????
d?va prati??h?pan? vidhi?",,pl,GR,17x4.5,9,Tantragama,8,25,???,???,
7403,2048,"???? ?????? 
v?mana pur??a? ",?????,pl,GR,49x4,1&128,Purana,6,65,C   ,O,???? ??????
7404,2049,"???? ?????? 
v?mana pur??a? ",?????,pl,GR,48x4,112,Purana,6,70,Inc,D,
7405,2050,"?????? ???? ?????
ca??ik? p?j? vidhi?",-,pl,GR,18x5,125,Pooja,11,35,Inc,O/D,???? ??????? ??????????
7406,2051,"???????
r?m?ya?a?",????????,pl,TU,22x5,3&136,Itihasa,13,30,Inc,G,"??. ???? ????????, ????????"
7407,2052/1,"??????? ??????????
k?rtika m?h?tmya?",?????,pl,TU,27x5,1&33, G- Prayoga   ,10,35,Inc,O,""""
7408,2052/2,"???????????? ??? 
pr?ya?citta h?ma ",,pl,TU,27x5,1&32, G- Prayoga   ,10,35,Inc,O/D,""""
7409,2052/3,"?? ??? ????? ????? 
?pa h?ma arcana vidhi? ",?????,pl,TU,27x5,1&33,Gruhya- Prayoga ,10,35,Inc,O,""""
7410,2053,"?????????????
dharmaprav?tti",?????? ???????,pl,TU,45x5,1&70, G- Prayoga   ,11,85,C   ,G,""""
7411,2054,"???????????? ????????
vidy?m?dhav?ya vy?khy?",,pl,TU,20x4,1&59,Jautisha,11,35,Inc,G/O,""""
7412,2055/1,"????????? ???????
p?rv????a pray?ga?",,pl,TU,40x5,1&74, G- Prayoga   ,7,50,C   ,G,""""
7413,2055/2,"???? ???? ???????
apar? ???a?a pray?ga?",,pl,TU,40x5,76&120, G- Prayoga   ,7,50,C   ,G,""""
7414,2056/1,"??????????? 
v?yustuti? ",,pl,TU,37x5,1&10,Stotra,6,35,Inc,O/D,""""
7415,2056/10,"???? ????? 
dharma bi?du ",-,pl,TU,37x5,29&32,Stotra,7,35,Inc,O/D,
7416,2056/11,"?????? ??
navagraha japa",-,pl,TU,37x5,34&48,Pooja,7,35,Inc,O/D,
7417,2056/2,"?????? ??????? 
narasi?ha stuti? ",,pl,TU,37x5,11&19,Stotra,6,35,C   ,O/D,""""
7418,2056/3,"??? ??????? 
?iva stuti? ",?????? ???????????,pl,TU,37x5,20&,Stotra,7,35,C   ,O/D,""""
7419,2056/4,"?????? ????? 
n?r?ya?a upad??a ",,pl,TU,37x5,22&25,Stotra,7,35,Inc,O/D,??????????
7420,2056/5,"??? ????????
r?ma st?tra?",,pl,TU,37x5,26&29,Stotra,7,35,C   ,O/D, ??????????????
7421,2056/6,"????? ????? ????????
gra?tha m?lika st?tra?",?????????? ???,pl,TU,37x5,28&33,Stotra,7,35,C   ,O/D,
7422,2056/7,"?????? ?????? 
sad?c?ra sm?ti ",??A??????,pl,TU,37x5,1&27,Smriti,7,35,C   ,O/D,
7423,2056/8,"??????????? 
m?ty???haka? ",-,pl,TU,37x5,27&27&1,Stotra,7,35,C   ,G/O,
7424,2056/9,"????? ????????
k???a st?tra?",-,pl,TU,37x5,27&1&28,Stotra,7,35,C   ,O/D,
7425,2057,"?????? 
bh?gavata? ",?????,pl,TU,50x5,1&275,Purana,10,60,Inc,G/O,"?&?? ?????, ? ?????? ??. ???? ????????, ????????"
7426,2058,"?????? 
bh?gavata? ",?????,pl,TU,51x5,1&127,Purana,12,85,Inc,D,"?? ?????, ????? ??????? ??????????."
7427,2059,"??????????
pray?gam?l?",,pl,TU,49x5,1&157,Gruhya- Prayoga ,10,70,C   ,G,??? ????????
7428,2060/1,"???????? ???? 
?ivama?tra p?j? ",,pl,TU,21x5,1&7,Shaivagama,9,25,Inc,O/D/W,"??. ???? ????????, ????????"
7429,2060/2,"???? ???? 
ana?ta p?j? ",,pl,TU,21x5,9&16,Pooja,9,25,Inc,O/D/W,???? ???????????.
7430,2060/3,"???? ??? 
ana?ta kath? ",,pl,TU,21x5,1&7,Vrata Kata,9,25,Inc,O/D/W,
7431,2060/4,"?????? ???? 
vin?yaka kalpa ",,pl,TU,21x5,39&49,Pooja,9,25,Inc,O/D,
7432,2060/5,"?????????????? ????????
vi??usahasran?ma st?tra?",,pl,TU,21x5,50&64,Stotra,9,25,Inc,O/D/W,
7433,2061,"??????????
garu?apur??a?",,pl,TU,24x5,1&24,Purana,11,40,???,O,"??. ???? ????????, ????????"
7434,2062/1,"???????????? ????
siddhivin?yaka p?j?",,pl,TU,35x5,1&6,Pooja,8,40,C   ,G,???
7435,2062/2,"??????? ????? ????? ??? 
caturth? ca?dra dar?ana d??a ",,pl,TU,35x5,6&1,Shanti,8,40,C   ,G,
7436,2062/3,"????????????
sama?t?pakhy?na?",,pl,TU,35x5,6&1&13,Upakyana,8,40,C   ,G,
7437,2062/4,"???? ???? ???
ana?ta vrata kath?",,pl,TU,35x5,1&6,Vrata Kata,8,40,C   ,G,
7438,2063,"??????????
h?ra??stra",,pl,TU,26.5x4,1&54,Jautisha,6,35,Inc,O/D,
7439,2064/1,"???? ???? ??? ????????
ana?ta vrata kath? vy?khy?",,pl,TU,23.5x5,1&24,Vrata Kata,9,25,Inc,O,
7440,2064/2,"????? ??? ?????
pavam?na havana vidhi?",,pl,TU,22x5,24,Gruhya- Prayoga ,8,25,C   ,O/D,
7441,2065/1,"?????????? ???
brahmac?ri mara?a",,pl,TU,22x5,1&3,Gruhya- Prayoga ,8,25,C   ,G,
7442,2065/10,"????? ??????
s?rya ???ti?",,pl,TU,22x5,32&37,Shanti,8,25,C   ,G,
7443,2065/11,"???????????
ca?dra???ti?",,pl,TU,22x5,36&39,Shanti,8,25,C   ,G,
7444,2065/12,"??? ??????
kuja ???ti?",,pl,TU,22x5,39&1&46,Shanti,8,25,C   ,G,
7445,2065/13,"???? ??????
guru ???ti?",,pl,TU,22x5,46&49,Shanti,8,25,C   ,G,
7446,2065/14,"????? ??????
?ukra ???ti?",,pl,TU,22x5,49&51,Shanti ,8,25,C   ,G,
7447,2065/15," ??????
 ???ti?",,pl,TU,22x5,51&1&55,Shanti,8,25,C   ,G,
7448,2065/16,"???? ??????
r?hu ???ti?",,pl,TU,22x5,55&59,Shanti,8,25,C   ,G,
7449,2065/17,"?????????? ??????
pa?cam?ri??ha ???ti?",,pl,TU,22x5,59&1&62,Shanti,8,25,C   ,G,
7450,2065/18,"??????? ???? ??????? ??????
bh?nuv?ra janma nak?atra ???ti?",,pl,TU,22x5,62&1&63,Shanti,8,25,C   ,G,
7451,2065/19,"?????? ??????????? ??????
kujav?ra janmanak?atra ???ti?",,pl,TU,22x5,62&1&64,Shanti,8,25,C   ,G,
7452,2065/2,"????? ???
s?tika mara?a",,pl,TU,22x5,3&4,Gruhya- Prayoga ,8,25,C   ,G,
7453,2065/20,"?????? ???? ??????? ??????
ma?dav?ra janma nak?atra ???ti?",,pl,TU,22x5,64&1&66,Shanti,8,25,C   ,G,
7454,2065/21,"???????? ??????????? ?????
g?had?vat? sa?pr?k?a?? vidhi?",,pl,TU,22x5,66&74,Mantra Tantra,8,25,C   ,G,
7455,2065/3,"??????? ??? ?????
garbhi?i mara?a vidhi?",,pl,TU,22x5,4&1&6,Gruhya- Prayoga ,8,25,C   ,G,
7456,2065/4,"??????????? ?????
a?ty???ika vidhi?",,pl,TU,22x5,6&17,Gruhya- Prayoga ,8,25,C   ,G,
7457,2065/5,"??????? ???? ?????
dhani??? pa?caka vidhi?",,pl,TU,22x5,17&21,Gruhya- Prayoga ,8,25,C   ,G,
7458,2065/6,"??????? ???? ??????
dhani??? pa?caka ???ti?",,pl,TU,22x5,21&25,Shanti,8,25,C   ,G,
7459,2065/7,"????????? ???????
sapi???kara?a pray?ga?",,pl,TU,22x5,25&31, G- Prayoga   ,8,25,C   ,G,
7460,2065/8,"???????? ?????
?kavi??ati daitra",,pl,TU,22x5,31&1&32,Gruhya- Prayoga ,8,25,C   ,G,
7461,2065/9,"????????? ??????? ?????
yajñ?pav?ta visarjana ma?tra",,pl,TU,22x5,32&,Gruhya- Prayoga ,8,25,C   ,G,
7462,2066/1,"??? ??????
mah? sa?kalpa",,pl,TU,17.5x4.5,1&14,Gruhya- Prayoga ,8,25,C   ,G,
7463,2066/10,"?????? ???????
prad??a pram??a?",,pl,TU,17.5x4.5,62&1&,Gruhya- Prayoga ,8,25,C   ,G,
7464,2066/11,"???? ??????
v?l? lak?a?a?",,pl,TU,17.5x4.5,63&,Jautisha,8,25,C   ,G,
7465,2066/12,"??? ?????
ha?sa ma?tra",,pl,TU,17.5x4.5,63&1&65&1,Mantra,8,25,C   ,G,
7466,2066/13,"???? ????? ?????
garbha d?k?a vidhi?",,pl,TU,17.5x4.5,65&1&66,Gruhya- Prayoga ,8,25,C   ,G,
7467,2066/14,"???? ????????????? ??????
pit? m?tyup?ts?ra varjya",,pl,TU,17.5x4.5,66&1&67,Gruhya- Prayoga ,8,25,C   ,G,
7468,2066/15,"?????? ???????
?ditya grahad?ya",,pl,TU,17.5x4.5,67&73,Gruhya- Prayoga ,8,25,C   ,G,
7469,2066/16,"????? ????
tarpa?a vi?aya",,pl,TU,17.5x4.5,73&91,Gruhya- Prayoga ,8,25,C   ,G,
7470,2066/17,"????  ????? 
m?dhava  stava? ",,pl,TU,17.5x4.5,91&1&102,Stotra,8,25,C   ,G,
7471,2066/18,"????? ?????
pavam?na dhy?na",,pl,TU,17.5x4.5,102&,Gruhya- Prayoga ,8,25,C   ,G,
7472,2066/2,"??????? ????????????
a?vattha prati??h?pan?",,pl,TU,17.5x4.5,14&1&21,Gruhya- Prayoga ,8,25,C   ,G,
7473,2066/3,"????????????
a?vatth?panayana",,pl,TU,17.5x4.5,21&26,Gruhya- Prayoga ,8,25,C   ,G,
7474,2066/4,"??????? ????????????
a?vattha prati??h?pan?",,pl,TU,17.5x4.5,26&29,Gruhya- Prayoga ,8,25,C   ,G,
7475,2066/5,"??????? ?????
a?vattha viv?ha",,pl,TU,17.5x4.5,29&37,Gruhya- Prayoga ,8,25,C   ,G,
7476,2066/6,"??? ????????
bharata s?vitr?",,pl,TU,17.5x4.5,38&47,Stotra,8,25,C   ,G,
7477,2066/7,"????????? ??????? ?????
yajñ?pav?ta visarjana ma?tra",,pl,TU,17.5x4.5,47&1&48,Gruhya- Prayoga ,8,25,C   ,G,
7478,2066/8,"???????? ?????
???rv?da ma?tra",,pl,TU,17.5x4.5,48&53,Gruhya- Prayoga ,8,25,C   ,G,
7479,2066/9,"??????? ????????
?anai?cara st?tra?",,pl,TU,17.5x4.5,53&62,Gruhya- Prayoga ,8,25,C   ,G,
7480,2067/1,"??????? ?????
pu?y?ha lak?a?a",,pl,TU,23x5,1&3,Gruhya- Prayoga ,9,30,C   ,G,
7481,2067/10,"?????? ??? ???????
vi??u bali pray?ga?",,pl,TU,23x5,43&1&44,Gruhya- Prayoga ,9,30,C   ,G,
7482,2067/11,"??????? ???????
j?takarma pray?ga?",,pl,TU,23x5,44&1&46,Gruhya- Prayoga ,9,30,C   ,G,
7483,2067/12,"???????
n?makara?a?",,pl,TU,23x5,46&1&48,Gruhya- Prayoga ,9,30,C   ,G,
7484,2067/13,"????????????
upani?karma?a?",,pl,TU,23x5,48&49,Gruhya- Prayoga ,9,30,C   ,G,
7485,2067/14,"??????????
annapr??ana",,pl,TU,23x5,49&,Gruhya- Prayoga ,9,30,C   ,G,
7486,2067/15,"??????? ????
caul?khya karma",,pl,TU,23x5,49&1&52,Gruhya- Prayoga ,9,30,C   ,G,
7487,2067/16,"????? ???? 
upanayana karma ",,pl,TU,23x5,52&59,Gruhya- Prayoga ,9,30,C   ,G,
7488,2067/17,"???????????
brahm?d?na?",,pl,TU,23x5,59&60,Gruhya- Prayoga ,9,30,C   ,G,
7489,2067/18,"???? ??? ???????
m?dh? janana pray?ga?",,pl,TU,23x5,60&61,Gruhya- Prayoga ,9,30,C   ,G,
7490,2067/19,"?????????? ???? ??? ????????????
brahmac?ri vrata l?pa pr?ya?citta",,pl,TU,23x5,61&1&63,Gruhya- Prayoga ,9,30,C   ,G,
7491,2067/2,"???? ????????
ga???a pr?rthana",,pl,TU,23x5,3&1&5,Gruhya- Prayoga ,9,30,C   ,G,
7492,2067/20,"?????? ???????
upakarma pray?ga?",,pl,TU,23x5,63&71,Gruhya- Prayoga ,9,30,C   ,G,
7493,2067/21,"???????? ???????
sam?vartana pray?ga?",,pl,TU,23x5,71&75,Gruhya- Prayoga ,9,30,C   ,G,
7494,2067/22,"????? ???????
viv?ha pray?ga?",,pl,TU,23x5,75&1&87,Gruhya- Prayoga ,9,30,C   ,G,
7495,2067/23,"??? ??????
g?ha prav??a",,pl,TU,23x5,87&1&89,Gruhya- Prayoga ,9,30,C   ,G,
7496,2067/24,"??????? ???????
caturth? pray?ga?",,pl,TU,23x5,89&90,Gruhya- Prayoga ,9,30,C   ,G,
7497,2067/25,"????? ????? ??? ?????
prati p??ya h?ma vidhi?",,pl,TU,23x5,90&91,Gruhya- Prayoga ,9,30,C   ,G,
7498,2067/26,"???? ????? ???????
puna? sa?dh?na pray?ga?",,pl,TU,23x5,91&95,Gruhya- Prayoga ,9,30,C   ,G,
7499,2067/27,"???????? 
?gray?na? ",,pl,TU,23x5,95&97,Gruhya- Prayoga ,9,30,C   ,G,
7500,2067/28,"?????????
ma?gal???haka",,pl,TU,23x5,97&98,Gruhya- Prayoga ,9,30,C   ,G,
7501,2067/29,"??????????????
viv?h???rv?da?",,pl,TU,23x5,98&1&100,Gruhya- Prayoga ,9,30,C   ,G,
7502,2067/3,"?????
pu?ya",,pl,TU,23x5,5&14,Gruhya- Prayoga ,9,30,C   ,G,
7503,2067/30,"???????????
g?hyapray?ga",,pl,TU,23x5,,Gruhya- Prayoga ,9,30,C   ,G,
7504,2067/4,"??????? ?????
pa?cagavya vidhi?",,pl,TU,23x5,14&16,Gruhya- Prayoga ,9,30,C   ,G,
7505,2067/5,"????? ???
n??di mukha",,pl,TU,23x5,16&18,Gruhya- Prayoga ,9,30,C   ,G,
7506,2067/6,"????? ???
agni mukha",,pl,TU,23x5,18&32,Gruhya- Prayoga ,9,30,C   ,G,
7507,2067/7,"???????? ?????
garbh?d?na vidhi?",,pl,TU,23x5,32&37,Gruhya- Prayoga ,9,30,C   ,G,
7508,2067/8,"?????? ???????
pu?savana pray?ga?",,pl,TU,23x5,37&40,Gruhya- Prayoga ,9,30,C   ,G,
7509,2067/9,"????? ???????
s?ma?ta pray?ga?",,pl,TU,23x5,40&1&43,Gruhya- Prayoga ,9,30,C   ,G,
7510,2068,"??? ???????
apara pray?ga?",,pl,TU,24.5x5,1&75,Gruhya- Prayoga ,7,40,Inc,G,
7511,2069/1,"???????? ???????
s?lagr?ma par?k??",,pl,TU,20x5,1&8,General,8,25,C   ,G,
7512,2069/2,"??? ??????
?tu ???ti?",,pl,TU,20x5,9&14,Shanti,8,25,C   ,G,
7513,2069/3,"??????? ???????
?r?ddha prakara?a?",,pl,TU,20x5,14&67, G- Prayoga   ,8,25,C   ,G,
7514,2069/4,"?????? ????
?r?va?a karma",,pl,TU,20x5,67&69, G- Prayoga   ,8,25,C   ,G,
7515,2069/5,"???? ??? ???????
sarpa bali pray?ga?",,pl,TU,20x5,69&73, G- Prayoga   ,8,25,C   ,G,
7516,2070,"?????????????
k???ayajusa?hita",,pl,TU,55x5.5,1&194,Veda- Samhita,8,80,Inc,G,
7517,2071,"??????? ?? ????????
?i?up?la vadha vy?khy?",????????,pl,TU,33x5,1&158,Kavya,10,55,Inc,G,
7518,2072/1,"????? ??? ???????
sn?na pavana pray?ga?",,pl,TU,25.5x5,1&4, G- Prayoga   ,9,35,C   ,G,?????????? ???
7519,2072/10,"???? ?????? ????? ???????
anna pr??ana ta?tra pray?ga?",,pl,TU,25.5x5,78&1&81, G- Prayoga   ,9,35,C   ,G,
7520,2072/11,"????? ???????
upanayana pray?ga?",,pl,TU,25.5x5,81&93, G- Prayoga   ,9,35,C   ,G,
7521,2072/12,"?????? ???????
upakarma pray?ga?",,pl,TU,25.5x5,93&97, G- Prayoga   ,9,35,C   ,G,
7522,2072/13,"??? ??????
mah? tarpa?a?",,pl,TU,25.5x5,98&101, G- Prayoga   ,9,35,C   ,G,
7523,2072/14,"????? ???? ?????? ???????
vrata? dharma vartan? pray?ga?",,pl,TU,25.5x5,101&107, G- Prayoga   ,9,35,C   ,G,
7524,2072/15,"?????? ?????
vaghn?na vidhi?",,pl,TU,25.5x5,114&117&1, G- Prayoga   ,9,35,C   ,G,
7525,2072/16,"??????? ?????
madhuparka vidhi?",,pl,TU,25.5x5,117&1&124, G- Prayoga   ,9,35,C   ,G,
7526,2072/17,"???????? ?????
kany?d?na vidhi?",,pl,TU,25.5x5,124&1&129, G- Prayoga   ,9,35,C   ,G,
7527,2072/18,"???????????
ak?at?r?pana?",,pl,TU,25.5x5,129&1&132, G- Prayoga   ,9,35,C   ,G,
7528,2072/19,"????? ???
viv?ha h?ma",,pl,TU,25.5x5,132&1&137, G- Prayoga   ,9,35,C   ,G,
7529,2072/2,"????? ???????
n??di pray?ga?",,pl,TU,25.5x5,4&6, G- Prayoga   ,9,35,C   ,G,
7530,2072/20,"??? ?????? ?????
g?ha prav??a vidhi?",,pl,TU,25.5x5,137&140, G- Prayoga   ,9,35,C   ,G,
7531,2072/21,"??????? ?? ?????
d??patya saha bh?jana?",,pl,TU,25.5x5,140&1&141, G- Prayoga   ,9,35,C   ,G,
7532,2072/22,"??????? ???
caturth? h?ma",,pl,TU,25.5x5,141&142, G- Prayoga   ,9,35,C   ,G,
7533,2072/23,"???? ????????
vrata visarjana?",,pl,TU,25.5x5,142&1&143, G- Prayoga   ,9,35,C   ,G,
7534,2072/24,"??????????
upasamv??ana?",,pl,TU,25.5x5,143&146, G- Prayoga   ,9,35,C   ,G,
7535,2072/25,"????????? ???
sth?l?p?ka h?ma",,pl,TU,25.5x5,146&147, G- Prayoga   ,9,35,C   ,G,
7536,2072/26,"??? ??????
vadhu prav??a",,pl,TU,25.5x5,147&1&148, G- Prayoga   ,9,35,C   ,G,
7537,2072/27,"???????? ?????
vai?vad?va vidhi?",,pl,TU,25.5x5,148&150, G- Prayoga   ,9,35,C   ,G,
7538,2072/28,"???? ????
b?li h?ra?a",,pl,TU,25.5x5,150&156, G- Prayoga   ,9,35,C   ,G,
7539,2072/3,"??????? ???????
pu?y?ha pray?ga?",,pl,TU,25.5x5,6&15, G- Prayoga   ,9,35,C   ,G,
7540,2072/4,"???????? ???????
agnimukha pray?ga?",,pl,TU,25.5x5,15&42, G- Prayoga   ,9,35,C   ,G,
7541,2072/5,"????? ???? ????? ???????
aup?sana puna? sa?dh?na pray?ga?",,pl,TU,25.5x5,43&45, G- Prayoga   ,9,35,C   ,G,
7542,2072/6,"???? ?????? ???????
graha ???ti? pray?ga?",,pl,TU,25.5x5,45&1&50, G- Prayoga   ,9,35,C   ,G,
7543,2072/7,"??? ?????? ???????
?tu ???ti? pray?ga?",,pl,TU,25.5x5,50&1&57, G- Prayoga   ,9,35,C   ,G,
7544,2072/8,"???????? ???
garbh?d?na h?ma",,pl,TU,25.5x5,57&60, G- Prayoga   ,9,35,C   ,G,
7545,2072/9,"??????????? ???? ????? ???????
garbh?d?n?ni sam?na ta?tra pray?ga?",,pl,TU,25.5x5,60&78, G- Prayoga   ,9,35,C   ,G,
7546,2073,"??????????????
k???ayajusa?hit?",,pl,TU,33x5,1&38,Veda- Samhita,6,38,Inc,G,
7547,2074,"??????????
pray?gam?l?",,pl,TU,34x5,1&102, G- Prayoga   ,7,40,???,O,
7548,2075/1,"????????????????
?ivasahasran?m?va?i?",,pl,TU,23x4,1&24,Stotra,7,35,C   ,O/D,
7549,2075/2,"???????????? ????? ????????
?iv????ttara ?atan?ma st?tra?",,pl,TU,23x4,25&8,Stotra,7,35,C   ,O/D,
7550,2075/3,"??? ????????
?iva sahasran?ma",,pl,TU,23x4,29&39,Stotra,7,35,C   ,O/D,
7551,2075/4,"????????? ????
pratham?vara?a p?j?",,pl,TU,23x4,40&46,Pooja,7,35,C   ,O/D,????? ??????? ??????????.
7552,2076/1,"??????????? ???? ????? ???????
garbh?d?n?di sam?na ta?tra pray?ga?",,pl,TU,34x4.5,1&2,Gruhya- Prayoga ,8,40,C   ,G,???? ?????????? ????
7553,2076/10,"???????? ???
kar?abh?dhana h?ma",,pl,TU,34x4.5,14&15,Gruhya- Prayoga ,8,40,C   ,G,
7554,2076/11,"??? ???
cau?a h?ma",,pl,TU,34x4.5,15&16,Gruhya- Prayoga ,8,40,C   ,G,
7555,2076/12,"?????? ????? ????????
pray?ga ta?tra mahatarpa?a?",,pl,TU,34x4.5,16&43,Gruhya- Prayoga ,8,40,C   ,G,
7556,2076/13,"???? ????????
vrata sam?vartana",,pl,TU,34x4.5,33&50,Gruhya- Prayoga ,8,40,C   ,G,
7557,2076/14,"?????????? ???????? ????????????
brahmac?ri vrata?l?pa pr?ya?citta",,pl,TU,34x4.5,51&52,Gruhya- Prayoga ,8,40,C   ,G,
7558,2076/15,"?????????
sam?vartana?",,pl,TU,34x4.5,52&61,Gruhya- Prayoga ,8,40,C   ,G,
7559,2076/2,"??????? ?????
j?takarma ta?tra",,pl,TU,34x4.5,2&7,Gruhya- Prayoga ,8,40,C   ,G/O,
7560,2076/3,"???????? ???
garbh?d?na h?ma",,pl,TU,34x4.5,7&8&1,Gruhya- Prayoga ,8,40,C   ,G/O,
7561,2076/4,"????? ???
s?ma?ta h?ma",,pl,TU,34x4.5,8&1&10,Gruhya- Prayoga ,8,40,C   ,G,
7562,2076/5,"?????? ??? ???
vi??u bali h?ma",,pl,TU,34x4.5,10&,Gruhya- Prayoga ,8,40,C   ,G,
7563,2076/6,"??????? ???
j?takarma h?ma",,pl,TU,34x4.5,10&1&11,Gruhya- Prayoga ,8,40,C   ,G,
7564,2076/7,"?????? ???
n?makara?a h?ma",,pl,TU,34x4.5,11&1&12,Gruhya- Prayoga ,8,40,C   ,G,
7565,2076/8,"??? ????????? ???
up? ni?krama?a h?ma",,pl,TU,34x4.5,12&13,Gruhya- Prayoga ,8,40,C   ,G,
7566,2076/9,"???? ??????? ???
anna pra?n? h?ma",,pl,TU,34x4.5,13&14,Gruhya- Prayoga ,8,40,C   ,G,
7567,2077/1,"??????? ???? ?????? ???????
dhani??h? pa?caka ???ti? pray?ga?",,pl,TU,35x5,1&5,Gruhya- Prayoga ,8,45,C   ,G,???? ?????????? ????
7568,2077/10,"??????? ??? ??????
nak?atra h?ma sam?pana?",,pl,TU,35x5,29&33,Gruhya- Prayoga ,8,45,C   ,G,
7569,2077/11,"????????? ???
r?k??ghna h?ma",,pl,TU,35x5,33&34,Gruhya- Prayoga ,8,45,C   ,G,
7570,2077/12,"???? ??????
sapta ?uddhi",,pl,TU,35x5,34&38,Gruhya- Prayoga ,8,45,C   ,G,
7571,2077/13,"?????? ??? ???????
v?stu h?ma pray?ga?",,pl,TU,35x5,38&,Gruhya- Prayoga ,8,45,C   ,G,
7572,2077/14,"?????? ???? ??????
v?stu ma??ala lak?a?a?",,pl,TU,35x5,38&44,Gruhya- Prayoga ,8,45,C   ,G,
7573,2077/15,"???????? ??? ???????
k??m???a h?ma pray?ga?",,pl,TU,35x5,44&53,Gruhya- Prayoga ,8,45,C   ,G,
7574,2077/2,"?????????? ??????
v???tsarga pray?ga",,pl,TU,35x5,5&13,Gruhya- Prayoga ,8,45,C   ,G,
7575,2077/3,"????? ??????? ???????
asthi sa?sk?ra pray?ga?",,pl,TU,35x5,13&1&15,Gruhya- Prayoga ,8,45,C   ,G,
7576,2077/4,"?? ??????? ???????
?akha sa?sk?ra pray?ga?",,pl,TU,35x5,15&16,Gruhya- Prayoga ,8,45,C   ,G,
7577,2077/5,"????? ?????? ???????
asthi ?uddhi pray?ga?",,pl,TU,35x5,16&20,Gruhya- Prayoga ,8,45,C   ,G,
7578,2077/6,"?????? ??? ???????
n?r?ya?a bali pray?ga?",,pl,TU,35x5,20&21,Gruhya- Prayoga ,8,45,C   ,G,
7579,2077/7,"?????? ??????? ???
vi??u ?r?ddha h?ma",,pl,TU,35x5,21&22,Gruhya- Prayoga ,8,45,C   ,G,
7580,2077/8,"??? ????????? ?????? ???????
k?la m?tyu?jaya ???ti? pray?ga?",,pl,TU,35x5,22&26,Gruhya- Prayoga ,8,45,C   ,G,
7581,2077/9,"??????? ???
nak?atra h?ma",,pl,TU,35x5,26&29,Gruhya- Prayoga ,8,45,C   ,G,
7582,2078/1,"???? ??????
jvara lak?a?a?",,pl,TU,18x4.5,1&2,Vaidya,11,25,Inc,G/O,"???? ?????????? ????, ?????"
7583,2078/2,"??? ??????
?k sa?hit?",,pl,TU,18x4.5,1&64,Veda Samhita,11,25,Inc,O,
7584,2079,"???? ??????????
d?v? m?h?tmya?",?????,pl,TU,16x4,1&84,Mahatme,9,25,C   ,O/D,????????? ??????
7585,2080,"?????? ????????
raghuva??a vy?khy?",???????? ????,pl,TU,33x6,1&53,Kavya,12,45,Inc,O/D,"?, ?, ? ????"
7586,2081,"?????? (??????)
pa?c??ga (pram?da)",,pl,TU,18x4,1&29,Jautisha,11,30,C   ,O/D,"???? ?????????? ????, ?????"
7587,2082,"?????? (???)
pa?c??ga (bh?va)",,pl,TU,18x3.5,1&13,Jautisha,7,25,Inc,O/D,????? ??????? ??????????.
7588,2083,"??????? ??????? ???? ?????
sa?sk?ta karn??aka bh??? ma?jari",,pl,TU,33x5,1&32,Nigantu,10,30,C   ,O,???? ?????????? ????
7589,2084,"?????? (?????)
pa?c??ga (?ukla)",,pl,TU,18x4,35,Jautisha,7,20,Inc,O,???? ?????????? ????
7590,2085,"???? ?????
?r? rudra",,pl,TU,20x3.5,1&26,Vedamantra Sangraha,5,30,C   ,O/D/W,???????: ????? ???? ????
7591,2086/1,"?????? ???????? ????????
vi??u sahasran?ma st?tra?",,pl,TU,12x6,1&15,Stotra,12,20,C   ,O/D,???? ????????? ????
7592,2086/2,"?????????????? ????? ????????
k???????ttara ?atan?ma st?tra?",,pl,TU,12x6,18&19,Stotra,12,20,C   ,G,
7593,2087/1,"?????? (??????)
pa?c??ga (vikrama)",,pl,TU,15x4.5,1&5,Jautisha,8,20,Inc,G/O,???? ?????????? ????
7594,2087/2,"?????? (???????)
pa?c??ga (svabh?nu)",,pl,TU,15x4.5,1&16,Jautisha,8,20,C   ,G,
7595,2087/3,"?????? (????????)
pa?c??ga (bahudh?nya)",,pl,TU,15x4.5,1&15,Jautisha,8,20,C   ,O/D,
7596,2088/1,"??????? ????
pa?c?yatana p?j?",,pl,TU,19x5,1&7,Pooja,6,25,C   ,G,???? ?????????? ????
7597,2088/2,"???? ???? ?????
graha ma??ala vidhi?",,pl,TU,19x5,8&16,Pooja,6,25,C   ,G,
7598,2088/3,"????? ?????
rudra ma?tra",,pl,TU,19x5,17&23,Vedamantra Sangraha,6,25,C   ,O/D,
7599,2089,"?????????????? ????????
vi??usahasran?ma st?tra?",,pl,TU,17x4,1&31,Stotra,7,20,C   ,O/D,???? ?????????? ????
7600,2090,"?????? (?????)
pa?c??ga (manmatha)",,pl,TU,18x4.5,1&14,Jautisha,10,18,Inc,O/D,???? ?????????? ????
7601,2091,"????? ??????
mah?laya sa?kalpa",,pl,TU,15x5,1&8,Gruhya- Prayoga ,16,35,Inc,O/D,???? ????????? ????
7602,2092,"??????????
h?ra??stra",,pl,TU,18x4,24,Jautisha,7,20,Inc,O,???? ?????????? ????
7603,2093,"?????? (??????)
pa?c??ga (vila?bi)",,pl,TU,21x3.5,1&27,Jautisha,7,18,Inc,O/D,"???? ????? ????????????, ??????????, ????????"
7604,2094,"?????? (????)
pa?c??ga (vyaya)",,pl,TU,20x4,1&26,Jautisha,8,20,C   ,D,???? ????? ????????????
7605,2095,"?????? (??????)
pa?c??ga (vik?ri)",,pl,TU,21x4,1&21,Jautisha,6,30,Inc,O/D,???? ????? ????????????
7606,2096,"?????? (?????)
pa?c??ga (vijaya?)",,pl,TU,20x4.5,1&23,Jautisha,9,25,C   ,O/D,???? ????? ????????????
7607,2097,"?????? (????)
pa?c??ga (vi?u)",,pl,TU,19x4,1&23,Jautisha,9,30,Inc,O/D/W,???? ????? ????????????
7608,2098,"?????? (??????)
pa?c??ga (pramathi)",,pl,TU,21x3.5,1&24,Jautisha,8,40,Inc,O/D,???? ????? ????????????
7609,2099,"?????? (?????)
pa?c??ga (?ukla)",,pl,TU,18.5x4,1&22,Jautisha,9,25,C   ,O,???? ????? ????????????
7610,2100,"?????? (????????)
pa?c??ga (sarvajit)",,pl,TU,19x4.5,1&21,Jautisha,9,30,Inc,O/D/W,???? ????? ????????????
7611,2101,"?????? (???????)
pa?c??ga (durmati)",,pl,TU,20x4,1&16,Jautisha,7,25,Inc,O/D,
7612,2102,"?????? (??)
pa?c??ga (khara)",,pl ,TU,20x4.5,8,Jautisha,10,20,Inc,D,???? ????? ????????????
7613,2103,"?????? (????????)
pa?c??ga (sarvajit)",,pl,TU,19x4,1&20,Jautisha,9,30,Inc,D,???? ????? ????????????
7614,2104,"??????
pa?c??ga",,pl,TU,22x4,12,Jautisha,9,25,Inc,O/D/W,???? ????? ????????????
7615,2105,"?????? (?????????)
pa?c??ga (rakt?k?i)",,pl,TU,21x4,1&20,Jautisha,9,20,Inc,O/D,???? ????? ????????????
7616,2106,"?????? ????
pray?ga ratna",,pl,TU,31x5,1&54,Gruhya- Prayoga ,11,40,C   ,O/D/W,??. ??????? ????
7617,2107,"????? ???????
ta?tra samuccaya",,pl,TU,33.5x5,1&62,Tantra Mantra,10,50,C   ,O/D/W,????? ??????? ???????????.
7618,2108,"????? ???????
p?rva pray?ga?",,pl,TU,26x5,1&72,Gruhya- Prayoga ,9,35,C   ,G,??.???. ????
7619,2109/1,"?????? ????
pray?ga m?l?",,pl,TU,23x4,1&45,Gruhya- Prayoga ,8,35,Inc,G,"?, ?, ? ???."
7620,2109/2,"??????? ???
nak?atra ?la?",,pl,TU,23x4,48&54,Jautisha,8,35,Inc,G,
7621,2109/3,"???? ???
lagna ?la?",,pl,TU,23x4,55&58,Jautisha,8,35,Inc,G,
7622,2109/4,"???????
pra?n?",,pl,TU,23x4,1&3,Jautisha,8,35,Inc,G,
7623,2110,"????? ?????
agni ma?tra",,pl,TU,13x4,11,Vedamantra Sangraha,8,15,Inc,G/O,
7624,2111/1,"??????????? ?????
sarpasa?sk?ra vidhi?",,pl,TU,12x4,1&5,Gruhya- Prayoga ,11,20,C   ,G,
7625,2111/2,"???????
pray?ga?",,pl,TU,12x4,5&1&9,Gruhya- Prayoga ,11,20,C   ,G,
7626,2111/3,"?????? ?????
n?r?ya?a s?kta",,pl,TU,12x4,9&10,Vedamantra Sangraha,11,20,C   ,G,
7627,2111/4,"??? ????
n?ga p?j?",,pl,TU,12x4,10&1&12,Gruhya- Prayoga ,11,20,C   ,G,
7628,2111/5,"???????????? ?????
n?gaprati??h? vidhi?",,pl,TU,12x4,12&16,Gruhya- Prayoga ,11,20,C   ,G,
7629,2111/6,"??? ????
n?ga p?j?",,pl,TU,12x4,16&19,Pooja,11,20,C   ,G,
7630,2112,"??? ???????
apara pray?ga?",,pl,TU,36x5,1&46,Gruhya- Prayoga ,9,55,Inc,O/D/W,
7631,2113,"?????? (???????)
pa?c??ga (p?rthiva)",,pl,TU,19x4,1&26,Jautisha,7,25,C   ,G,
7632,2114,"??????
pa?c??ga",,pl,TU,20.5x4,19,Jautisha,6,25,Inc,O,
7633,2115,"???????
r?m?ya?a?",????????,pl,TU,52x6,1&200,Itihasa,12,95,???,O/D,
7634,2116/1,"?????????? 
muh?rtas?ra ",,pl,TU,50x5,1&24,Jautisha,11,95,Inc,G,
7635,2116/2,"??????? ?????? 
?r?ddha nir?aya ",,pl,TU,50x5,25&40,Gruhya- Prayoga ,10,90,Inc,G/O,
7636,2116/3,"?????? ????????
dv?da?a st?tra?",?????????,pl,TU,50x5,1&6,Stotra & Dvaita,10,90,C   ,G,
7637,2116/4,"???? ??????? ??????? 
n?ti ??stra samuccaya ",,pl,TU,50x5,7&12,Neeti Subhashita,10,90,C   ,G,
7638,2117/1,"?????? ????
pray?ga m?l?",?????????,pl,TU,33x5,1&131,Gruhya- Prayoga ,11,40,C   ,G,
7639,2117/2,"??????? ???????????? ????? 
a?vattha prati??h?pan? vidhi? ",,pl,TU,33x5,1&6,Gruhya- Prayoga ,11,40,C   ,G,
7640,2118/1,"???????? ?????????
navadurg? kala??rcane",,pl,TU,35x5,1&10,Pooja,11,45,C   ,G/O,???????:
7641,2118/10,"????????? ????????
k????m?ta mah?r?ava?",,pl,TU,35x5,27&33,Pooja,11,45,C   ,G,
7642,2118/11,"?????? 
g?tas?ra ",,pl,TU,35x5,34&36,Gita,11,45,C   ,G,
7643,2118/12,"???? ???????????? 
ana?ta vrat?dy?pana? ",,pl,TU,35x5,37&44,Vrata,11,45,C   ,G,???????????A
7644,2118/13,"??????? ????????? (?????????) 
k?rtika mah?tmya? (s?r?ddh?ra) ",?????,pl,TU,35x5,45,Mahatme,11,45,C   ,G,?&?? ??????
7645,2118/14,"?????? ???
s?mav?ra kath?",,pl,TU,35x5,1&7,Vrata Kata,16,100,Inc,O/D,????? ???? 
7646,2118/2,"??????? ???? ???????? 
g?yatr? h?daya mah?ma?tra ",,pl,TU,35x5,11&13,Stotra,11,45,C   ,G,
7647,2118/3,"??????? ???? 
g?yatr? kavaca? ",,pl,TU,35x5,14&15,Stotra,11,45,C   ,G,
7648,2118/4,"??????? ???? ????????
lak?m? h?daya st?tra?",,pl,TU,35x5,16&20,Stotra,11,45,C   ,G,
7649,2118/5,"????? ???? ????????
s?rya h?daya st?tra?",,pl,TU,35x5,21&30,Stotra,11,45,C   ,G,
7650,2118/6,"???????? ?????
??ipa?cam? vrata?",,pl,TU,35x5,30&38,Vrata,11,45,C   ,G,
7651,2118/7,"???????? ???? ???
??ipa?cam? vrata kath?",,pl,TU,35x5,38&41,Vrata Kate,11,45,C   ,G,?????????? 
7652,2118/8,"???????????? ???????? 
vi??um?rti udy?pana? ",,pl,TU,35x5,42&43,Vrata,11,35,C   ,G,?????? ??????
7653,2118/9,"?????????? ????? ??? 
dv?tri??a gr?ma kathana ",,pl,TU,35x5,1&26,««zsÀ,11,45,C   ,G,
7654,2119,"????????????????
k???ayarjusa?hit?",,pl,TU,33x5,1&222,Veda- Samhita,12,50,???,???,????? ??????? ???????????.
7655,2120,"?????? ????????
navaratna ci?t?ma?i",,pl,TU,19x5,1&107,Jautisha,9,30,C   ,G,??. ?????????? ???
7656,2121,"????? ???
pavam?na h?ma",,pl,TU,22x5,1&36,Gruhya- Prayoga ,11,40,C   ,G,
7657,2122,"????????????? ??????
k???ayajurv?da sa?hit?",,pl,TU,37x5,1&223,Veda Samhita,10,50,???,???,??. ?????????? ???
7658,2123/1,"?????? ????
pray?ga ratna",,pl,TU,25x4.5,1&56,Gruhya- Prayoga ,9,30,Inc,O/D/W,??. ?????????? ???
7659,2123/2,"????????? 
??rad?tilaka ",,pl,TU,25x4.5,54Folios,Tantra Mantra,9,30,Inc,O,???? ??????? ??????????.
7660,2124,"????? ??????????
vai??kha m?h?tmya?",?????,pl,TU,31x5,1&63,Mahatme,12,60,???,???,
7661,2125,"???????? ????????? 
??val?yana dharmas?tra ",????????,pl,TU,50x5,187,Darmasatra,14,100,???,???,??. ?????????? ???
7662,2126,"???????
r?m?ya?a?",????????,pl,TU,37x5,1&113,Itihasa,12,55,Inc,G,???????A?
7663,2127,"????????
aparadarpa?a",,pl,TU,24.5x5,1&75,Gruhya- Prayoga ,12,40,???,O/D,
7664,2128,"?????????
ku??alak?a?a",,pl,TU,17x3,1&102,Shaivagama,8,30,C   ,O/D/W,?????????
7665,2129,"??????????? ????????
?ivasahasran?ma st?tra?",?????,pl,TU,15x4,2&48,Stotra,10,15,Inc,O/D/W,????? ??????? ??????????.
7666,2130,"?????? ????
pray?ga m?l?",,pl,TU,25x5,87,Gruhya- Prayoga ,10,35,Inc,O/D,????? ??????? ??????????.
7667,2131,"????? ???????
p?rva pray?ga?",,pl,TU,23x5,1&50,Gruhya- Prayoga ,11,30,Inc,O/D/W,
7668,2132,"???? ??????????
d?v? m?h?tmya?",?????,pl,TU,15x4,3&63,Mahatme,10,25,Inc,O/D,?&? ??????? ??????????.
7669,2133,"???????????????
taittir?y?ra?yaka",,pl,TU,19.5x5,1&25,Vedaranyaka,9,35,Inc,O/D/W,
7670,2134,"???? ?????????????
lalita sahasran?m?va?i?",,pl,TU,25x5,1&11,Stotra,9,40,C   ,G,
7671,2135,"??????? ?????
?ivap?j? vidhi?",,pl,TU,15x4,26,Pooja,9,25,Inc,O/D,????? ??????? ??????????.
7672,2136,"????????? ??????????
ve?ka?agiri m?h?tmya?",?????,pl,TU,24x3.5,1&30,Mahatme,8,40,???,???,????? ??????? ??????????.
7673,2137,"???? ????????
d?v? st?tra?",,pl,TU,16x4.5,2&93,Stotra,11,20,Inc,O/D,??. ?????????? ???
7674,2138,"???? ??????????
d?v? m?h?tmya?",?????,pl,TU,14x5,1&38,Mahatme,10,20,Inc,O/D,?&? ????????? ??????????.
7675,2139/1,"??????? ????? 
n?gap?j? vidhi? ",,pl,TU,20x5,1&6,Gruhya- Prayoga ,9,25,C   ,G,
7676,2139/10,"???? ?????? 
r??i nir?aya ",,pl,TU,20x5,1&43,Jautisha,9,20,C   ,G/O,????? ??????? ??????????.
7677,2139/11,"???? ??? 
ana?ta kath? ",,pl,TU,20x5,1&15,Vrata Kata,9,20,Inc,G/O,????: TU ????: ??????
7678,2139/2,"?????? ?????????? 
navagraha ma?gal???aka? ",,pl,TU,20x5,6&8,Stotra,9,25,C   ,G,
7679,2139/3,"????? ??????? 
agni n??uvadu ",,pl,TU,20x5,8&18,Tantra Mantra,9,25,C   ,G,??? ????? ?????
7680,2139/4,"???????? ??? ????? 
k??m???a h?ma vidhi? ",,pl,TU,20x5,18&1&39,Gruhya- Prayoga ,9,25,C   ,O/D,
7681,2139/5,"??????? ?????
k?lacakra da?a?la?",,pl,TU,20x5,40&57,Jautisha,9,25,C   ,G,
7682,2139/6,"???? ???? 
na??a j?taka ",,pl,TU,20x5,58&62,Jautisha,9,20,C   ,O,
7683,2139/7,"???? ????? 
gu?i lak?a?a ",,pl,TU,20x5,63&65,Tantra,9,20,C   ,G,
7684,2139/8,"?? ???????? ????????
g? s?vitr? st?tra?",,pl,TU,20x5,66&67,Stotra,9,20,C   ,G,
7685,2139/9,"?????????????? 
pra?n???stra ",,pl,TU,20x5,75&76,Stotra,9,20,C   ,G,
7686,2140,"?????????? ????????
?k?ddi??a h?mavidhi?",,pl,TU,19x4.5,1&44,Stotra,10,30,C   ,G,
7687,2141/1,"????? ????? 
ga?apati s?kta ",,pl,TU,19x5,1&2,Stotra,10,30,C   ,O,
7688,2141/10,"??? ???
d?va ?k",,pl,TU,19x5,11&14,Stotra,10,30,C   ,G,
7689,2141/11,"??? ???
?yu ?k",,pl,TU,19x5,14&16,Vedamantra Sangraha,10,30,C   ,G,
7690,2141/12,"??????? ???
svasti ?k",,pl,TU,19x5,16&,Vedamantra Sangraha,10,30,C   ,G,
7691,2141/13,"??????? ???
saubh?gya ?k",,pl,TU,19x5,16&1&19,Vedamantra Sangraha,10,30,C   ,G,
7692,2141/14,"???? ??? ?????
sapta ??i ma?tra",,pl,TU,19x5,19&20,Vedamantra Sangraha,10,30,C   ,G,
7693,2141/15,"??????? ???
up?karma ?k",,pl,TU,19x5,20&22,Vedamantra Sangraha,10,30,C   ,G,
7694,2141/16,"????? ????
s?rya varga",,pl,TU,19x5,22&26,Vedamantra Sangraha,10,30,C   ,G,
7695,2141/17,"????????? ???
du?svapna ?k",,pl,TU,19x5,26&27,Vedamantra Sangraha,10,30,C   ,G,
7696,2141/18,"?????? ?????
samudra s?kta",,pl,TU,19x5,27&,Vedamantra Sangraha,10,30,C   ,G,
7697,2141/19,"?????? ?????
hira?ya s?kta",,pl,TU,19x5,27&1&30,Vedamantra Sangraha,10,30,C   ,G,
7698,2141/2,"?????? ?????
durg? s?kta",,pl,TU,19x5,2&,Vedamantra Sangraha,10,30,C   ,G,
7699,2141/20,"??????? ?????
sarasvat? s?kta",,pl,TU,19x5,30&33,Vedamantra Sangraha,10,30,C   ,G,
7700,2141/21,"???? ?????
anna s?kta",,pl,TU,19x5,33&40,Vedamantra Sangraha,10,30,C   ,G,
7701,2141/22,"?????? ?????
vi??u s?kta",,pl,TU,19x5,40&1&49,Vedamantra Sangraha,10,30,C   ,G/O,
7702,2141/23,"????? ?????
puru?a s?kta",,pl,TU,19x5,49&51,Vedamantra Sangraha,10,30,C   ,G,
7703,2141/24,"??????? ?????
lak?m? s?kta",,pl,TU,19x5,51&1&62,Vedamantra Sangraha,10,30,C   ,G,
7704,2141/25,"??? ???
kala?a ?k",,pl,TU,19x5,62&63,Vedamantra Sangraha,10,30,C   ,G,
7705,2141/26,"????????? ?????
r?k??ghna s?kta",,pl,TU,19x5,63&66,Vedamantra Sangraha,10,30,C   ,G,
7706,2141/27,"?????? ?????
n?r?ya?a s?kta",,pl,TU,19x5,66&1&67,Vedamantra Sangraha,10,30,C   ,G,
7707,2141/28,"??????????? ?????
subrahma?ya s?kta",,pl,TU,19x5,67&1&70,Vedamantra Sangraha,10,30,C   ,G,
7708,2141/29,"??????? ?????
a?vattha s?kta",,pl,TU,19x5,70&,Vedamantra Sangraha,10,30,C   ,G,
7709,2141/3,"???? ?????
d?v? s?kta",,pl,TU,19x5,2&1&3,Vedamantra Sangraha,10,30,C   ,G,
7710,2141/30,"???????? ?????
vai?vad?va s?kta",,pl,TU,19x5,70&1&72,Vedamantra Sangraha,10,30,C   ,G,
7711,2141/31,"?????? ?????
r?tri s?kta",,pl,TU,19x5,72&74,Vedamantra Sangraha,10,30,C   ,G,
7712,2141/32,"???? ?????
sarva s?kta",,pl,TU,19x5,74&1&81,Vedamantra Sangraha,10,30,C   ,G,
7713,2141/33,"???? ?????
v?yu s?kta",,pl,TU,19x5,81&1&82,Vedamantra Sangraha,10,30,C   ,G,
7714,2141/34,"??? ?????
gh?ta s?kta",,pl,TU,19x5,82&84,Vedamantra Sangraha,10,30,C   ,G,
7715,2141/35,"??? ?????
hari s?kta",,pl,TU,19x5,84&86,Vedamantra Sangraha,10,30,C   ,G,
7716,2141/36,"???? ?????
dharma s?kta",,pl,TU,19x5,86&,Vedamantra Sangraha,10,30,C   ,G,
7717,2141/37,"????? ?????
i?dra s?kta",,pl,TU,19x5,86&1&91,Vedamantra Sangraha,10,30,C   ,G,
7718,2141/38,"???? ?????
kar?a s?kta",,pl,TU,19x5,91&93,Vedamantra Sangraha,10,30,C   ,G,
7719,2141/39,"?? ?????
ratha s?kta",,pl,TU,19x5,93,Vedamantra Sangraha,10,30,C   ,G,
7720,2141/4,"???????? ?????
l?pamudra s?kta",,pl,TU,19x5,3&,Vedamantra Sangraha,10,30,C   ,G,
7721,2141/5,"?????????? ?????
k??r?bdi s?kta",,pl,TU,19x5,3&1&4,Vedamantra Sangraha,10,30,C   ,G,
7722,2141/6,"??????? ?????
pa?c?m?ta s?kta",,pl,TU,19x5,4&8,Vedamantra Sangraha,10,30,C   ,G,
7723,2141/7,"??????? ?????
saubh?gya s?kta",,pl,TU,19x5,8&9,Vedamantra Sangraha,10,30,C   ,G,
7724,2141/8,"????? ????? ????
agni s?kta varga",,pl,TU,19x5,9&,Vedamantra Sangraha,10,30,C   ,G,
7725,2141/9,"????????? ?????
vi?vakarma s?kta",,pl,TU,19x5,9&1&11,Vedamantra Sangraha,10,30,C   ,G,
7726,2142/1,"????????? ????
???a??pac?ra p?j?",,pl,TU,24x5,1&40,Pooja,8,35,C   ,O,
7727,2142/10,"??????? ??????
nimitta ???ti?",,pl,TU,24x5,53&1&54,Shanti,8,35,C   ,G,
7728,2142/11,"???? ??? ??????
sada?ta janana ???ti?",,pl,TU,24x5,54&1,Shanti,8,35,C   ,G,
7729,2142/12,"????????? ??????
du?svapna ???ti?",,pl,TU,24x5,54&1&62,Shanti,8,35,Inc,G,??&?? ??????? ??????????.
7730,2142/13,"????? ??? ??????
g?mukha janana ???ti?",,pl,TU,24x5,62&72,Shanti,8,35,C   ,G,
7731,2142/14,"?????? ?????
abhi??ka vidhi?",,pl,TU,24x5,64&78,Gruhya- Prayoga ,8,35,C   ,G,
7732,2142/15,"????????????
yak?ma???ti?",,pl,TU,24x5,78&79,Shanti,8,35,C   ,G,
7733,2142/16,"???? ??? ??????
sarva r?ga ???ti?",,pl,TU,24x5,79&80,Shanti,8,35,C   ,G,
7734,2142/17,"??????? ??????
k?trima ???ti?",,pl,TU,24x5,80&81,Shanti,8,35,C   ,G,
7735,2142/18,"????? ??????
?atru ???ti?",,pl,TU,24x5,81&84,Shanti,8,35,C   ,G,
7736,2142/19,"???? ??? ??????
mahi?a d?na ???ti?",,pl,TU,24x5,84&90,Shanti,8,35,C   ,G,
7737,2142/2,"??? ???? ??? ??????
pa?ca graha y?ga ???ti?",,pl,TU,24x5,41&43,Shanti,8,35,C   ,G,
7738,2142/20,"??????????? ??????
apam?tyu?jaya ???ti?",,pl,TU,24x5,90&91,Shanti,8,35,C   ,G,
7739,2142/21,"?????? ??????
?yu?ya ???ti?",,pl,TU,24x5,91&92,Shanti,8,35,C   ,G,
7740,2142/22,"?????? ????? ??????
vaik?ti prasava ???ti?",,pl,TU,24x5,92&,Shanti,8,35,C   ,G/O,
7741,2142/23,"?? ??????? ??????
?ka nak?atra ???ti?",,pl,TU,24x5,92&1&93,Shanti,8,35,C   ,G,
7742,2142/24,"?????? ??????
ga????ta ???ti?",,pl,TU,24x5,93&95,Shanti,8,35,C   ,G,
7743,2142/25,"????? ??????
ma???ka ???ti?",,pl,TU,24x5,95&1&105,Shanti,8,35,C   ,G,
7744,2142/26,"????? ??????
upar?ga ???ti?",,pl,TU,24x5,105&1&112,Shanti,8,35,C   ,G,
7745,2142/27,"??? ??????
?tu ???ti?",,pl,TU,24x5,112&1&115,Shanti,8,35,C   ,G,
7746,2142/28,"?????????? ??????
pa?cam?ri??a ???ti?",,pl,TU,24x5,115&120,Shanti,8,35,C   ,G,
7747,2142/29,"???????? ??????
pak??patana ???ti?",,pl,TU,24x5,120&,Shanti,8,35,Inc,G,
7748,2142/3,"???????? ????? ??????
am?v?sya ta?tra ???ti?",,pl,TU,24x5,43&1&44,Shanti,8,35,C   ,G,
7749,2142/30,"???????? ??????? ??????
sin?v?l? pras?ti ???ti?",,pl,TU,24x5,140&141,Shanti,8,35,C   ,G,
7750,2142/31,"???? ?????? ??????
kuh? rajasvala ???ti?",,pl,TU,24x5,141&,Shanti,8,35,C   ,G,
7751,2142/32,"???? ????? ?????
arka viv?ha vidhi?",,pl,TU,24x5,141&1&146,Gruhya- Prayoga ,8,35,C   ,G,
7752,2142/33,"???? ????? ?????
ra?bh? viv?ha vidhi?",,pl,TU,24x5,146&148,Gruhya- Prayoga ,8,35,&,&,
7753,2142/34,"??? ??????
ga??a ???ti?",,pl,TU,24x5,148&162,Shanti,8,35,Inc,G,????? ??????? ??????????.
7754,2142/35,"??? ????? ??????? ??????
k?ka pi??ha spar?ana ???ti?",,pl,TU,24x5,162&163,Shanti,8,35,C   ,G,
7755,2142/36,"????????? ????? ??????
p?rv????ha pu?ya ???ti?",,pl,TU,24x5,163&173,Shanti,8,35,C   ,G,
7756,2142/37,"??? ??????
kuja ???ti?",,pl,TU,24x5,173&193,Shanti,8,35,C   ,G/O,
7757,2142/38,"????????? ????? ?????
dvebh?rya sa?y?ga vidhi?",,pl,TU,24x5,193&1&195,Shanti,8,35,C   ,G,
7758,2142/4,"?????? ??????
valm?ka ???ti?",,pl,TU,24x5,44&1&46,Shanti,8,35,C   ,G,
7759,2142/5,"??????????? ??????
vidyutp?ta ???ti?",,pl,TU,24x5,46&1&47,Shanti,8,35,C   ,G,
7760,2142/6,"??? ??????
madhu ???ti?",,pl,TU,24x5,47&1&48,Shanti,8,35,C   ,G,
7761,2142/7,"??? ???? ??????
vi?a n??i ???ti?",,pl,TU,24x5,48&1&52,Shanti,8,35,Inc,G,??.?? ???? ??????????.
7762,2142/8,"???? ??????
kap?ta ???ti?",,pl,TU,24x5,52&53,Shanti,8,35,C   ,G,
7763,2142/9,"?????? ??????
?ithil? ???ti?",,pl,TU,24x5,53&,Shanti,8,35,C   ,G,
7764,2143/1,"????????? ????
a???ttara p?j?",,pl,TU,18x4,1&,Pooja,9,20,C   ,O/D,??. ?????????? ???
7765,2143/10,"??????? ??? ?????
k?rtika m?sa vrata?",,pl,TU,18x4,78&1&79,Vrata,9,20,C   ,G,
7766,2143/11,"?????? ????????? 
kum?ri a???ttara ",,pl,TU,18x4,79&97,Stotra,9,20,Inc,G,
7767,2143/12,"???? ?????
ana?ta vrata?",,pl,TU,18x4,97&109,Vrata,9,20,C   ,G,
7768,2143/13,"???? ???? ???
ana?ta vrata kath?",,pl,TU,18x4,109&123,Vrata Kata,9,20,C   ,G,
7769,2143/14,"????????? ?????
n?garapa?cami vrata?",,pl,TU,18x4,123&127,Vrata,9,20,C   ,G/O,
7770,2143/15,"????????? ???? ???
n?garapa?cami vrata kath?",,pl,TU,18x4,127&130,Vrata Kata,9,20,C   ,G,
7771,2143/16,"?????? ????? ?????
samudra sth?na vidhi?",,pl,TU,18x4,131&134,Gruhya- Prayoga ,9,20,C   ,G,
7772,2143/17,"????? ????
k???a vrata",,pl,TU,18x4,134&1&141,Vrata,9,20,C   ,G,
7773,2143/18,"?????????????? ????????
k???????ttara st?tra?",,pl,TU,18x4,141&147,Stotra,9,20,C   ,G,
7774,2143/19,"????? ????
tu?as? kalpa",,pl,TU,18x4,147&153,Vrata,9,20,C   ,G,
7775,2143/2,"???? ?????? 
ana?ta ???ti? ",,pl,TU,18x4,1&3,Pooja,9,20,C   ,G,
7776,2143/20,"????? ???? ???
tu?as? vrata kath?",,pl,TU,18x4,153&164,Vrata Kata,9,20,C   ,G,
7777,2143/21,"?????????????
r?m????ttara?",,pl,TU,18x4,164/167,Stotra,9,20,C   ,G,
7778,2143/22,"??? ???
r?ma kath?",,pl,TU,18x4,167&1&171,Vrata Kata,9,20,C   ,G,
7779,2143/23,"????? ??????? ????
?rava?a dv?da?? p?j?",,pl,TU,18x4,171&175,Vrata,9,20,C   ,G,
7780,2143/24,"????? ??????? ???
?rava?a dv?da?? kath?",,pl,TU,18x4,175&183,Vrata Kata,9,20,C   ,G,
7781,2143/25,"???????? ???? ?????
navar?tri p?j? vrata?",,pl,TU,18x4,183&1&194,Pooja,9,20,C   ,G,
7782,2143/26,"?????? ???? ?????
durg? p?j? vidhi?",,pl,TU,18x4,194&196,Pooja,9,20,C   ,G,
7783,2143/27,"?????? ????
arghya p?j?",,pl,TU,18x4,196&198,Pooja,9,20,C   ,G,
7784,2143/28,"????? ????
bhagavat? p?j?",,pl,TU,18x4,198&1&200,Pooja,9,20,C   ,G,
7785,2143/29,"?????? ????
kum?r? p?j?",,pl,TU,18x4,200&202,Pooja,9,20,C   ,G,
7786,2143/3,"????? ????????? ????
bhagavat? a???ttara p?j?",,pl,TU,18x4,3&1&5,Pooja,9,20,C   ,G,
7787,2143/30,"?????? ????
a?bik? p?j?",,pl,TU,18x4,202&204,Pooja,9,20,C   ,G,
7788,2143/31,"??????????? ????
mahi?amardhini p?j?",,pl,TU,18x4,204&207,Pooja,9,20,C   ,G,
7789,2143/32,"??????? ????
sarasvat? p?j?",,pl,TU,18x4,207&1&208,Pooja,9,20,C   ,G,
7790,2143/33,"????????? ????
v?g??var? p?j?",,pl,TU,18x4,208&209,Pooja,9,20,C   ,G,
7791,2143/34,"???????? ????
navadurg? p?j?",,pl,TU,18x4,209&210,Pooja,9,20,C   ,G,????? ??????? ??????????.
7792,2143/4,"???? ??????? ?????????
mahi?a mardhini a???ttara",,pl,TU,18x4,5&7,Pooja,9,20,C   ,G,
7793,2143/5,"?????? ???????? ????
vin?yaka kalp?kta p?j?",,pl,TU,18x4,26&37,Pooja,9,20,Inc,O,????? ??????? ??????????.
7794,2143/6,"????????? ??????????? ?????
am?v?sy? a?vatthap?j? vidhi?",,pl,TU,18x4,35&51,Pooja,9,20,C   ,G,
7795,2143/7,"??? ??????? Vrata Pooja
um? mah??vara Vrata Pooja",,pl,TU,18x4,51&1&61,Vrata,9,20,C   ,G,
7796,2143/8,"??? ??????? ???? ???
um? mah??vara vrata kath?",,pl,TU,18x4,61&73,Vrata Kata,9,20,C   ,G,
7797,2143/9,"????????? ????
?ivar?tri kalpa",,pl,TU,18x4,73&1&78,Pooja,9,20,Inc,G,
7798,2144,"?????? ??????
?gv?da sa?hit?",,pl,TU,38x5,4&241,Veda Samhita,8,50,Inc,O/D/W,"????? ??????? ??????????. ??. ??????? ??????, ??????"
7799,2145,"?????? ??????
?gv?da sa?hit?",,pl,TU,39x5,1&238,Veda Samhita,11,55,Inc,G/O,?&? ??????
7800,2146,"?????? ?????
pray?ga darpa?a",,pl,TU,41x5,1&124,Gruhya- Prayoga ,10,70,Inc,O/D,???? ??????? ??????????.
7801,2147/1,"?????????????
m?gham?h?tmya?",?????,pl,TU,33x6,2&116,Mahatme,11,45,Inc,O/D/W,?????????? ???? ??????? ??????????.
7802,2147/2,"????? ?????????
vai??kha mah?tmya?",?????,pl,TU,33x6,119&163,Mahatme,11,45,Inc,O/D/W,????? ??????? ??????????.
7803,2148,"?????? ??????
?gv?da sa?hit?",,pl,TU,35x5,58,Veda Samhita,9,45,Inc,O/D/W,????? ??????? ??????????.
7804,2149,"???? ????? ??????
tau?ava gr?ma paddhati",,pl,TU,36x5,1&7,««zsÀ,10,45,Inc,O/D/W,????? ??????? ??????????.????: TU ????: ?????
7805,2150,"????????? ??????
brahm???a pur??a?",,pl,TU,39x5,2&14,Purana,10,40,Inc,O/D,???????? ????
7806,2151,"????? ??????? ?????
viv?ha sa?sk?ra vidhi?",,pl,TU,34x5,32&48,Gruhya- Prayoga ,10,55,Inc,O/D/W,????? ??????? ??????????.
7807,2152,"??????????? ?????
k??????am? vrata?",,pl,TU,36x4.5,1&10,Vrata,7,50,Inc,O/D,???????????????
7808,2153/1,"??????? 
vijay?gama ",,pl,TU,36x5,1&115,Agama,7,60,Inc,O/D,
7809,2153/10,"?????? ???????
pray??a nak?atra",,pl,TU,36x5,147&1&148,Jautisha,7,60,C   ,G,
7810,2153/11,"??? ?????
japada ma?tra",,pl,TU,36x5,148&153,Gruhya- Prayoga ,7,60,Inc,D,
7811,2153/12,"????? ??????
sth?na sa?kalpa",,pl,TU,36x5,153&154,Gruhya- Prayoga ,7,60,C   ,D,
7812,2153/13,"?????? ????????
bh?gavata? st?tra?",,pl,TU,36x5,154&155,Stotra,7,60,C   ,O/D/W,
7813,2153/14,"??????? ????????
caturda?a st?tra?",,pl,TU,36x5,155&1&163,Stotra,7,60,C   ,G/O,
7814,2153/15,"???? ??? ?????????? ??????
?i?u janana pak?aga?alli sa?kalpa",,pl,TU,36x5,163&170,Gruhya- Prayoga ,7,60,Inc,O/D,
7815,2153/2,"?????? ????
vi??u kavaca?",,pl,TU,36x5,116&117,Stotra,7,60,C   ,G,
7816,2153/3,"??????? ??????????? ????????
k??av?di caturm?rti st?tra?",,pl,TU,36x5,117,Stotra,7,60,C   ,D,
7817,2153/4,"??????? ??????
lak?m? dhy?na?",,pl,TU,36x5,117&1&121,Dvita Stotra,7,60,C   ,O/D/W,
7818,2153/5,"????? ?????
da???ga vidhi?",,pl,TU,36x5,121&122,Gruhya- Prayoga ,7,60,C   ,D,
7819,2153/6,"?????? ?????
mudr? lak?a?a",,pl,TU,36x5,122&123,Jautisha,7,60,C   ,D,
7820,2153/7,"??????? ?????
sudar?ana ma?tra",,pl,TU,36x5,123&146,Mantra Tantragama,7,60,&,&,????? ??????? ??????????.
7821,2153/8,"???? ????? ???????
lak?a tu?as? udy?pana",,pl,TU,36x5,146&147,Vrata,7,60,C   ,O/D/W,
7822,2153/9,"??? ?????
barava lak?a?a",,pl,TU,36x5,147&1,Jautisha,7,60,C   ,G,
7823,2154,"?????? ???
pray?ga s?ra",,pl,TU,49x5.5,46,pooja,13,80,Inc,D,
7824,2155,"?????? ??????
?gv?da sa?hit?",,pl,TU,38x5,1&105,Veda Samhita,12,70,Inc,O/D,????? ??????? ??????????.
7825,2156,"?????? ??????? & ?????????
sa?hit? ??stra & b?hajj?taka",?????????,pl,TU,35x5,81,Jautisha,8,45,Inc,G/O,???? ????? ??????? ??????????.
7826,2157,"?????????
bhagavadg?t?",?????,pl,TU,26x5,1&83,Gita,10,30,Inc,G/O,?&???? ??????
7827,2158,"?????? ?????? (?????)
?gv?da sa?hit? (padap??ha)",,pl,TU,38x5.5,71&102,Veda Samhita,11,60,Inc,O/D,?&?? ??????? ??????????.
7828,2159,"????????????
vidy?m?dhav?ya",??????????,pl,TU,20x4.5,1&73,Jautisha,11,40,C   ,O/D,
7829,2160,"????????? 
bhagavadg?t? ",?????,pl,TU,14.5x5,2&49,Gita,11,15,Inc,O/D,
7830,2161,"?????? ??????
?gv?da sa?hit?",,pl,TU,38x5,31,Veda Samhita,10,60,Inc,O/D,? ?????
7831,2162,"?????? ????
pray?ga ratna",,pl,TU,37x5,1&77,Gruhya- Prayoga ,7,40,Inc,O/D,????? ??????? ??????????.
7832,2163/1,"??????? ???????? ??????
mah?bh?rata t?tparya nir?aya",?????????,pl,TU,40x4,1&202,Dvaita,7,60,C   ,O,"???? ???????? ????, ???????? ????, ????????."
7833,2163/2,"?????? ????? ???? 
pram??a lak?a?a ??k? ",??????? ?????Ä,pl,TU,40x4.5,1&33,Dvaita,7,60,C   ,O,
7834,2164,"?????? ?????????
k?v?ri mah?tmya?",?????,pl,TU,34x5,1&213,Mahatme,11,70,Inc,G/O,?????? ??????
7835,2165,"?????? ??????
?gv?da sa?hit?",,pl,TU,36x5,1&74,Veda Samhita,10,60,Inc,G/O,? ??????
7836,2166,"?????? ??????
?gv?da sa?hit?",,pl,TU,39x6,1&65,Veda Samhita,12,75,Inc,O/D/W,? ??????
7837,2167,"?????? ??????
?gv?da sa?hit?",,pl,TU,39x5.5,1&59,Veda Samhita,9,50,Inc,O/D/W,? ??????
7838,2168,"?????? ??????? ?????
p?rva?a ?r?ddha vidhi?",,pl,TU,22x5,1&17, G- Prayoga   ,8,30,Inc,G/O,"???? ???????? ????, ????????"
7839,2169,"?????????????
muh?rtad?pik?",,pl,TU,23x5,1&26,Jautisha,8,35,Inc,O/D,"???? ???????? ????, ????????"
7840,2170/1,"????? ????????????
ma?tra prati??h?pan?",,pl,TU,21x5,1&,Tantra Mantra,10,30,Inc,O/D,"???? ???????? ????, ????????"
7841,2170/10,"????? ?????
?k?dhara viv?ha",,pl,TU,21x5,38&39,Gruhya- Prayoga ,10,30,C   ,O,
7842,2170/11,"???? ???
ana?ta kath?",,pl,TU,21x5,39&70,Vrata Kata,10,30,Inc,O/D,????? ??????? ??????????.
7843,2170/12,"??? ???? ??? ??????
sarata gau?i patana ???ti?",,pl,TU,21x5,70&1&,Shanti,10,30,Inc,O/D,
7844,2170/13,"??????????? ?????
ska?d??t?gama vidhi?",,pl,TU,21x5,80&,Gruhya- Prayoga ,10,30,Inc,O/D,????? ??????? ??????????.
7845,2170/2,"???????? ??? ??????
caturda?? janana ???ti?",,pl,TU,21x5,3&,Shanti,10,30,C   ,O/D,
7846,2170/3,"????? ??? ??????
g?mukha janana ???ti?",,pl,TU,21x5,3&1&4,Shanti,10,30,C   ,O/D,
7847,2170/4,"?????? ????????
durg? st?tra?",,pl,TU,21x5,4&6,Stotra,10,30,C   ,O/D,
7848,2170/5,"?????????? ???? ????
trivikrama p?j? ma??apa",,pl,TU,21x5,6&1&9,Pooja,10,30,C   ,O,
7849,2170/6,"???? ??????
ajagara ???ti?",,pl,TU,21x5,9&1&14,Shanti,10,30,Inc,O/D,
7850,2170/7,"????????
ta?tras?ra",,pl,TU,21x5,14&36,Tantra Mantra,10,30,Inc,O/D,????? ??????? ??????????.
7851,2170/8,"??????? ???? ?????
?r?ddha bh?jana vidhi?",,pl,TU,21x5,36&,Gruhya- Prayoga ,10,30,C   ,G,
7852,2170/9,"???? ??????? ?????
ta??ka ?r?ddha vidhi?",,pl,TU,21x5,36&1&37,Gruhya- Prayoga ,10,30,C   ,O,
7853,2171,"????????
d?vama?tra",,pl,TU,35x5.5,1&8,Vedamantra Sangraha,11,40,Inc,O,????? ??????? ??????????.
7854,2172/1,"???????? ??????
anu??h?na paddhati",,pl,TU,21x5,1&94,Tantra Mantragama,8,25,Inc,O,
7855,2172/2,"????? ????? ?????
nitya arcana vidhi?",,pl,TU,21x5,1&5,Pooja,9,25,C   ,G/O,
7856,2173/1,"????????????
pr?ya?citta",,pl,TU,27x4,1&8,Gruhya- Prayoga ,8,40,Inc,O,
7857,2173/10,"???? ?????
pal??a vidhi?",,pl,TU,27x4,23&1&27,Gruhya- Prayoga ,8,40,C   ,G,
7858,2173/11,"?????????? ?????
v???tsarga vidhi?",,pl,TU,27x4,27&37,Gruhya- Prayoga ,8,40,C   ,G,
7859,2173/12,"???? ??????? ?????? ?????
???a?a ?r?ddha pray?ga vidhi?",,pl,TU,27x4,37&1&51,Gruhya- Prayoga ,8,40,C   ,O,
7860,2173/2,"???? ?????
kar?a s?kta",,pl,TU,27x4,8&1&10,Vedamantra Sangraha,8,40,C   ,G,
7861,2173/3,"????? ?????
agni s?kta",,pl,TU,27x4,10&1&12,Gruhya- Prayoga ,8,40,C   ,G,
7862,2173/4,"???? ??? ?????
abdha d?na vidhi?",,pl,TU,27x4,12&1&18,Gruhya- Prayoga ,8,40,C   ,G,
7863,2173/5,"??????? ?????
m?ttika sth?na",,pl,TU,27x4,18&1&19,Gruhya- Prayoga ,8,40,C   ,G,
7864,2173/6,"????? ????
nitya pi??a",,pl,TU,27x4,19&20,Gruhya- Prayoga ,8,40,C   ,G,
7865,2173/7,"?? ???????
nava ?r?ddha",,pl,TU,27x4,20&21,Gruhya- Prayoga ,8,40,C   ,G,
7866,2173/8,"????? ?????
asthi sa?cayana",,pl,TU,27x4,21&1&23,Gruhya- Prayoga ,8,40,C   ,G,
7867,2173/9,"????? ???????
asthi nik??pa",,pl,TU,27x4,23&,Gruhya- Prayoga ,8,40,C   ,G,
7868,2174,"???? ?????????
garu?a s?r?ddh?ra",,pl,TU,27x4,1&23,Purana,8,55,Inc,O,?&? ??????
7869,2175/1,"????? ????
yamun? p?j?",,pl,TU,18x4,1&4,Pooja,7,35,C   ,O/D,
7870,2175/10,"??????????????? ?????
n?gaprati??h?pan? vidhi?",,pl,TU,18x4,77&82,Pooja,7,35,C   ,G,
7871,2175/11,"??????????? ?????
sarpasa?sk?ra vidhi?",,pl,TU,18x4,83&89,Pooja,7,35,C   ,G,
7872,2175/12,"???????? ?????
??ipa?cam? vrata?",,pl,TU,18x4,90&99,Vrata,7,35,C   ,G,
7873,2175/13,"???????? ????????????
??ipa?cam? vrat?dy?pana?",,pl,TU,18x4,100&110,Vrata,7,35,C   ,G,
7874,2175/14,"??? ???? ???? ??????
kuja r?hu sa?dhi ???ti?",,pl,TU,18x4,111&117,Shanti,7,35,C   ,G/O,
7875,2175/15,"??????? ???????????? ?????
a?vattha prati??h?pan? vidhi?",,pl,TU,18x4,118&123,Gruhya- Prayoga ,7,35,Inc,G,
7876,2175/16,"?????? ?????
pray?ga vidhi?",,pl,TU,18x4,123&141,Gruhya- Prayoga ,7,35,Inc,O/D,
7877,2175/17,"?? ???? ?????
vana bh?jana vidhi?",,pl,TU,18x4,142&144,Gruhya- Prayoga ,7,35,C   ,O/D,
7878,2175/18,"?????????? ????
lak??varti kalpa",,pl,TU,18x4,145&146,Vrata,7,35,C   ,O,
7879,2175/19,"??????? ?????????? ????? ??????
bh?nuv?ra pr?tasth?na mahim? var?ana?",,pl,TU,18x4,147&1&149,Gruhya- Prayoga ,7,35,C   ,O,
7880,2175/2,"???? ????
ana?ta p?j?",,pl,TU,18x4,5&19,Pooja,7,35,C   ,O/D,
7881,2175/20,"??????? ??? ????????????
bh?nuv?ra mauna vrat?dy?pana?",,pl,TU,18x4,149&,Vrata,7,35,C   ,G,
7882,2175/21,"???? ????? ????
??kala ?ulbha kalpa",,pl,TU,18x4,150&152,Pooja,7,35,C   ,G,??????????
7883,2175/22,"???? ?????????
lak?a pradak?i?a",,pl,TU,18x4,152&154,Vrata,7,35,C   ,G,
7884,2175/23,"????? ?????
tu?as? vrata?",,pl,TU,18x4,154&156,Vrata,7,35,C   ,G,
7885,2175/24,"???? ????????????
lak?a vrat?dy?pana?",,pl,TU,18x4,156&159,Vrata,7,35,C   ,G,
7886,2175/25,"?? ???? ?????
g? padma vrata?",,pl,TU,18x4,160&161,Vrata,7,35,C   ,G,??????????
7887,2175/26,"???? ???? ?????
lak?a padma vrata?",,pl,TU,18x4,161&163,Vrata,7,35,C   ,G,??????????? ??????
7888,2175/27,"????????? ????
?ivar?tri kalpa",,pl,TU,18x4,163&170,Vrata,7,35,C   ,G,??????????? ??????
7889,2175/3,"???? ???? ???
ana?ta vrata kath?",,pl,TU,18x4,19&38,Vrata Kata,7,35,C   ,G/O,????????? ??????
7890,2175/4,"????????? ????
???a??pac?ra p?j?",,pl,TU,18x4,39&56,Pooja,7,35,Inc,O,
7891,2175/5,"????? ?????? ??? ????????
k???a dv?da?a n?ma st?tra?",,pl,TU,18x4,57&58,Stotra,7,35,Inc,O,
7892,2175/6,"????????? ????
???a??pac?ra p?j?",,pl,TU,18x4,59,Pooja,7,35,C   ,G,
7893,2175/7,"????????? ?????
am?s?mav?ra vrata?",,pl,TU,18x4,60&68,Vrata,7,35,C   ,G,
7894,2175/8,"?????? ????
vin?yaka kalpa",,pl,TU,18x4,69&72,Pooja,7,35,C   ,G,
7895,2175/9,"?? ????
g? p?j?",,pl,TU,18x4,73&76,Pooja,7,35,C   ,G,
7896,2176,"???????? ????
bahud?vat? p?j?",,pl,TU,25x6,1&281,Tantra Mantragama,10,35,C   ,G,
7897,2177,"?????????? & ???? ?????
nidhiprad?pa & nidhi lak?a?a",,pl,TU,26x5,1&21,General,10,45,C   ,O,
7898,2178,"???????? ??????
siddh??ta kaumudi",,pl,TU,24x4,1&21,Vyakarana,10,50,Inc,G,
7899,2179,"??????
h?ras?ra",,pl,TU,21x4,1&68,Jautisha,9,35,Inc,O/D,
7900,2180,"??? ?????
ma?i ma?jari",?????? ?????,pl,TU,22x4.5,1&20,Kavya,9,35,Inc,O/D,
7901,2181,"???????? ??????? ???????
?r?mat? p?d?bja stuti?",??????A? ?????,pl,TU,21x5,1&14,Stotra,9,35,Inc,O/D/W,
7902,2182,"???????????
?r?ddhakalpa",,pl,TU,17x4,1&21,Gruhya- Prayoga ,10,30,Inc,O,
7903,2183,"??? ??????
k?la paddhati",,pl,TU,16x4.5,1&13,Jautisha,8,25,Inc,O/D,
7904,2184,"????????????????
?ivasahasran?m?va?i?",,pl,TU,15x5,1&12,Stotra,11,15,Inc,O/D,
7905,2185,"??????
paribh??a",,pl,TU,26x5,1&14,Vyakarana,10,45,Inc,O/D,
7906,2186,"?????? ????? ????????
pray?ga darpa?a vy?khy?",,pl,TU,24x5,1&17,Gruhya- Prayoga ,12,45,Inc,O/D,????? ??????? ??????????.????: TU ????????: ????? 
7907,2187,"?????? ????????
dv?da?a st?tra?",,pl,TU,18x5,1&21,Stotra,6,20,Inc,O/D,
7908,2188,"????? ?????
rudra ma?tra",,pl,TU,18x4,2&22,Vedamantra Sangraha,7,30,Inc,O,
7909,2189,"????????? ??? ????? ??????? ?????
?dityav?ra mauna vrata? udy?pana vidhi?",,pl,TU,19x4,1&7,Vrata,6,20,Inc,O/D,
7910,2190,"???? ???
dh?tu r?pa",,pl,TU,26x5,25,Vyakarana,8,40,Inc,O/D,
7911,2191,"??? ??????? ?????
pa?ca pra?n? lak?a?a",,pl,TU,27x4,1&33,Jautisha,6,30,Inc,O/D,
7912,2192/1," ????????? ???????
 p?j?ma?tra sa?graha?",,pl,TU,25x5.5,1&21,Pooja,11,45,C   ,O/D,
7913,2192/2,"??????? ?????
lak?m? vrata?",,pl,TU,25x5.5,21&25,Vrata,11,45,C   ,G,??????????? ??????
7914,2192/3,"?????????? ?????
svar?agaur? vrata?",,pl,TU,25x5.5,25&27,Vrata,11,45,Inc,O,
7915,2193,"??????????
garu?apur??a?",?????,pl,TU,18x5,1&58,Purana,10,30,C   ,O,
7916,2194/1,"??????? ?????
lak?m? s?kta",,pl,TU,32x5,1&4,Vedamantra Sangraha,9,40,C   ,O,
7917,2194/10,"????? ?????
k??ra s?kta",,pl,TU,32x5,13,Vedamantra Sangraha,9,40,C   ,G,
7918,2194/11,"??? ?????
dadhi s?kta",,pl,TU,32x5,13&1&14,Vedamantra Sangraha,9,40,C   ,G,
7919,2194/12,"??? ?????
gh?ta s?kta",,pl,TU,32x5,14,Vedamantra Sangraha,9,40,C   ,G,
7920,2194/13,"??? ?????
madhu s?kta",,pl,TU,32x5,14,Vedamantra Sangraha,9,40,C   ,G,
7921,2194/14,"????? ?????
?arkara s?kta",,pl,TU,32x5,14,Vedamantra Sangraha,9,40,C   ,G,
7922,2194/15,"??? ?????
?la? s?kta",,pl,TU,32x5,14&1,Vedamantra Sangraha,9,40,C   ,G,
7923,2194/16,"????????? ?????
mah????ti? s?kta",,pl,TU,32x5,14&1&17,Vedamantra Sangraha,9,40,Inc,G,
7924,2194/17,"?? ?????
g? s?kta",,pl,TU,32x5,17,Vedamantra Sangraha,9,40,C   ,G,
7925,2194/18,"????? ?????
pr?ta s?kta",,pl,TU,32x5,17&1&,Vedamantra Sangraha,9,40,C   ,G,
7926,2194/19,"????? ?????
s?rya s?kta",,pl,TU,32x5,17&1&20,Vedamantra Sangraha,9,40,C   ,G,
7927,2194/2,"????? ?????
ga?apati s?kta",,pl,TU,32x5,4&1&5,Vedamantra Sangraha,9,40,C   ,G,
7928,2194/20,"????? ?????
rudra s?kta",,pl,TU,32x5,20&1&23,Vedamantra Sangraha,9,40,&,&,
7929,2194/21,"????? ?????
?aku?ta s?kta",,pl,TU,32x5,23,Vedamantra Sangraha,9,40,C   ,G,
7930,2194/22,"??????? ?????
a?vattha s?kta",,pl,TU,32x5,23&1&24,Vedamantra Sangraha,9,40,C   ,G,
7931,2194/23,"?????? ?????
durg? s?kta",,pl,TU,32x5,24,Vedamantra Sangraha,9,40,C   ,G,
7932,2194/24,"???? ?????
d?v? s?kta",,pl,TU,32x5,24&27,Vedamantra Sangraha,9,40,C   ,G,
7933,2194/25,"??????? ?????
svasti s?kta",,pl,TU,32x5,27&1&28,Vedamantra Sangraha,9,40,C   ,G,
7934,2194/26,"??????? ???
saubh?gya ?k",,pl,TU,32x5,28&29,Vedamantra Sangraha,9,40,C   ,O,
7935,2194/3,"??? ???
mah? saura",,pl,TU,32x5,5&8,Vedamantra Sangraha,9,40,C   ,G,
7936,2194/4,"???? ?????
anna s?kta",,pl,TU,32x5,8&11,Vedamantra Sangraha,9,40,C   ,G,
7937,2194/5,"???? ?????
dharma s?kta",,pl,TU,32x5,11&,Vedamantra Sangraha,9,40,C   ,G,
7938,2194/6,"?????? ?????
samudra s?kta",,pl,TU,32x5,11&1&12,Vedamantra Sangraha,9,40,C   ,G,
7939,2194/7,"????? ?????
agni s?kta",,pl,TU,32x5,12,Vedamantra Sangraha,9,40,C   ,G,
7940,2194/8,"????????? ?????
vi?vakarma s?kta",,pl,TU,32x5,12&,Vedamantra Sangraha,9,40,C   ,G,
7941,2194/9,"??? ?????
hari s?kta",,pl,TU,32x5,12&1&13,Vedamantra Sangraha,9,40,C   ,G,
7942,2195/1,"?????? ??????
ugraratha ???ti?",,pl,TU,29x6,1&8,Shanti,13,50,C   ,G,
7943,2195/2,"?????? ??????
yug?di nir?aya",,pl,TU,29x6,7&1,Jautisha,13,50,C   ,G,
7944,2196,"?????? ??????? ????????
dv?da?a st?tra vy?khy?",,pl,TU,27x5,1&132,Dvaita,6,25,C   ,G,
7945,2197/1,"???????? ??????????
tu?gabhadra m?h?tmya?",?????,pl,TU,27x5,1&99,Mahatme,11,50,C   ,G/O,
7946,2197/2,"???????? ????? ??????? ??????
k????vara harihara k??tra var?ana?",?????,pl,TU,27x5,&,General,11,50,Inc,G/O,?????????
7947,2198,"???????? ??????
??val?yana sm?ti",????????,pl,TU,35x5,1&113,Smriti,10,60,Inc,G,????? ??????? ??????????.
7948,2199/1,"????????? ???????????
m?tyu?jaya ya?tr?ddh?ra",,pl,TU,34x5,1&14,Mantra Tantra,7,45,Inc,O,
7949,2199/2,"????? ??? ????
ga?apati h?ma kalpa",,pl,TU,34x5,7,Mantra Tantra,7,45,Inc,O,
7950,2200,"??????????????
vi??usahasran?ma",?????,pl,TU,21x4,10&29,Stotra,6,25,Inc,O/D,
7951,2201/1,"??????????? ?? ?? x x ??? ?????? ???????
kum?rasv?mi na? nava x x r?ya k?rtana sa?graha?",,pl,Te,19x3,1&105,Sangita,6,25,Inc,O/D/W,
7952,2201/10,"?????? ?????? ?????????????
n?r?ya?a n?r?ya?a ?r?mann?r?ya?a",,pl,Te,19x3,18,Sangita,6,25,Inc,O/D/W,
7953,2201/11,"?? ?????? ?? ??????
tava d?s?ha? tava d?s?ha?",,pl,Te,19x3,19,Sangita,6,25,Inc,O/D/W,
7954,2201/12,"????? ?? ???????
r?may? ?ata r?mayy?",,pl,Te,19x3,20,Sangita,6,25,Inc,O/D/W,
7955,2201/13,"????? ????????
na?dana? raghuna?dana?",,pl,Te,19x3,21,Sangita,6,25,Inc,O/D/W,
7956,2201/14,"??????????????????
a?jire?ny?takeyy?",,pl,Te,19x3,22,Sangita,6,25,Inc,O/D/W,
7957,2201/15,"?????????????? ????????
k?vad?vanenallade jagake?n?va",,pl,Te,19x3,23,Sangita,6,25,Inc,O/D/W,
7958,2201/16,"????? ???? ???????????
ga?geya pa?eda ?r?ra?ganige",,pl,Te,19x3,24&1,Sangita,6,25,Inc,O/D/W,
7959,2201/17,"????? ???????? ???? ????
y?lar? k???ayya n?vu ya?du",,pl,Te,19x3,25,Sangita,6,25,Inc,O/D/W,
7960,2201/18,"????? ?????? ??????? ?????
y?lar? narasi?ha ni?nnu ya?tta",,pl,Te,19x3,26,Sangita,6,25,Inc,O/D/W,
7961,2201/19,"?????? ?????? ????. .
puddu puddu nami?. .",,pl,Te,19x3,27&1,Sangita,6,25,Inc,O/D/W,
7962,2201/2,"???? ????????
?r? ??rad??b?",,pl,Te,19x3,1,Sangita,6,25,Inc,O/D/W,
7963,2201/20,"?????? ????? ?? ???????? ????
r?mas?ra s?k?a ni s?rasamulu r?m?",,pl,Te,19x3,29,Sangita,6,25,Inc,O/D/W,
7964,2201/21,"??? ??? ????????
yigha m?sa puyyen?",,pl,Te,19x3,31&1,Sangita,6,25,Inc,O/D/W,
7965,2201/22,"???? ???????? ?????? ??? ??? . . 
?r? man?ll?sa vil?sa? r?ma r?ma . . ",,pl,Te,19x3,32&1,Sangita,6,25,Inc,O/D/W,
7966,2201/23,"??? ??? ??? ????????
r?ma r?ma r?ma ya?nniro",,pl,Te,19x3,36,Sangita,6,25,Inc,O/D/W,
7967,2201/24,"??????? ??? ???????
kausaly? suta s?t?r??",,pl,Te,19x3,37,Sangita,6,25,Inc,O/D/W,
7968,2201/25,"??????????? ???
su?dar?ravi?da nayana",,pl,Te,19x3,41,Sangita,6,25,Inc,O/D/W,
7969,2201/26,"??????? ??? ???????
y?gavulo r?ma dhy?nav?",,pl,Te,19x3,43,Sangita,6,25,Inc,O/D/W,
7970,2201/27,"???????? ???????? ??????????????
t?rthavanu pi?idavaru tiru?aramadh?riga??",,pl,Te,19x3,44,Sangita,6,25,Inc,O/D/W,
7971,2201/28,"?????? ???? ???? ???
n?r?ya?a ya?bo n?mada bhajana",,pl,Te,19x3,47,Sangita,6,25,Inc,O/D/W,
7972,2201/29,"?????? ??????????
g?vi?da salahe?nnan?",,pl,Te,19x3,48,Sangita,6,25,Inc,O/D/W,
7973,2201/3,"????? ?????? ??? ??????
vighna niv?ra?a ???a subh??a?a",,pl,Te,19x3,2&1,Sangita,6,25,Inc,O/D/W,
7974,2201/30,"????? ????? ?????
paluke ba?g?ra m?yan?",,pl,Te,19x3,51,Sangita,6,25,Inc,O/D/W,
7975,2201/31,"?????? ????? ???? ????
na?nnu vi?ani k?dala kur?",,pl,Te,19x3,52,Sangita,6,25,Inc,O/D/W,
7976,2201/32,"???? ???????? ????
r?m? ?at?bhir?ma r?m?",,pl,Te,19x3,53&1,Sangita,6,25,Inc,O/D/W,
7977,2201/33,"????????
k?da??ar?ma",,pl,Te,19x3,58,Sangita,6,25,Inc,O/D/W,
7978,2201/34,"??????? ??? ????? ???? & ????????
r?mal?l m?gha ?y?ma l?l & l?lih??u",,pl,Te,19x3,59,Sangita,6,25,Inc,O/D/W,
7979,2201/35,"?? ?????? ??????
y? jagam??ta r?mamaya?",,pl,Te,19x3,60&1,Sangita,6,25,Inc,O/D/W,
7980,2201/36,"???? ???? ??????? ????????
?r? r?m? nin?mame virubir?",,pl,Te,19x3,61,Sangita,6,25,Inc,O/D/W,
7981,2201/37,"??????? ??? ???
janakasut? rama?a k?va",,pl,Te,19x3,61&1,Sangita,6,25,Inc,O/D/W,
7982,2201/38,"???????? ?? x x x
hanuma?tta r? x x x",,pl,Te,19x3,62,Sangita,6,25,Inc,O/D/W,
7983,2201/39,"?????????? x x x 
r?mak???age x x x ",,pl,Te,19x3,63,Sangita,6,25,Inc,O/D/W,
7984,2201/4,"??????????? ?????
karu?e?banayya ga?an?tha",,pl,Te,19x3,4,Sangita,6,25,Inc,O/D/W,
7985,2201/40,"?????? ??????? ???? x x ??? ???????
raghupati k?ra?ya? bi?e x x r?ja ?ikh?ma?i",,pl,Te,19x3,66,Sangita,6,25,Inc,O/D/W,
7986,2201/41,"???????????? ???
r?manaipatilal?ma samara",,pl,Te,19x3,67,Sangita,6,25,Inc,O/D/W,
7987,2201/42,"???? x x ????????
n?mu x x vavemayy?",,pl,Te,19x3,69,Sangita,6,25,Inc,O/D/W,
7988,2201/43,"???? ??????? ?? ?? ?? ??????
jayace ?it?r?? jaya je je raghur??",,pl,Te,19x3,72,Sangita,6,25,Inc,O/D/W,
7989,2201/44,"????? ????????
nan?daya c???r?d?",,pl,Te,19x3,73,Sangita,6,25,Inc,O/D/W,
7990,2201/45,"?????? . . . . 
ku?alam? . . . . ",,pl,Te,19x3,75,Sangita,6,25,Inc,O/D/W,
7991,2201/46,"??????? ???????? ??????????
r?mada?aratha r?jana?danara nikul?ttama",,pl,Te,19x3,76,Sangita,6,25,Inc,O/D/W,
7992,2201/47,"????????????? ????????
ya?ttama?tevur? ?r?r?m?",,pl,Te,19x3,77,Sangita,6,25,Inc,O/D/W,
7993,2201/48,"???? ????? ???? ??????
da??? ve?al n??? r?m???",,pl,Te,19x3,78,Sangita,6,25,Inc,O/D/W,
7994,2201/49,"???? ????? ??????? . . . 
?r? r?m?la ka??lane . . . ",,pl,Te,19x3,79,Sangita,6,25,Inc,O/D/W,
7995,2201/5,"?????? ?? ??? ???
n?gabhara?a t? nam? nam?",,pl,Te,19x3,4&1,Sangita,6,25,Inc,O/D/W,
7996,2201/50,"?????????????? . . . 
nidur?po?a?mk? . . . ",,pl,Te,19x3,81,Sangita,6,25,Inc,O/D/W,
7997,2201/51,"???????????????? . . .
vudayi?bbira?mk? . . .",,pl,Te,19x3,83,Sangita,6,25,Inc,O/D/W,
7998,2201/52,"????????? ???? ?? ?? . . 
ja?nm??tara karma me m? . . ",,pl,Te,19x3,84,Sangita,6,25,Inc,O/D/W,
7999,2201/53,"???? ??????????? ??? 
yavaru d??i?bitene m?ma ",,pl,Te,19x3,85,Sangita,6,25,Inc,O/D/W,
8000,2201/54,"?????????????? . . . 
vudayi?bena?mm? . . . ",,pl,Te,19x3,86,Sangita,6,25,Inc,O/D/W,
8001,2201/55,"?????? ???? ???????
varad?ni kidi baruder?",,pl,Te,19x3,87,Sangita,6,25,Inc,O/D/W,
8002,2201/56,"?? ?????????
bhaja narasu?hm?",,pl,Te,19x3,88,Sangita,6,25,Inc,O/D/W,
8003,2201/57,"????????? ??????? ?????????
?eriba?dane ra?ganire by?gab?ru",,pl,Te,19x3,89,Sangita,6,25,Inc,O/D/W,
8004,2201/58,"???? ?????????
d?ru m??uvarene",,pl,Te,19x3,90,Sangita,6,25,Inc,O/D/W,
8005,2201/59,"???? ??????? ??????
?r? lak?m? narasi?ha",,pl,Te,19x3,90&1,Sangita,6,25,Inc,O/D/W,
8006,2201/6,"???? ?????, ???? ?????
a?b? par?ku, d?v? par?ku",,pl,Te,19x3,7,Sangita,6,25,Inc,O/D/W,
8007,2201/60,"?????? ?????? ?????
?iva?iva maniya?i ma?tra",,pl,Te,19x3,92,Sangita,6,25,Inc,O/D/W,
8008,2201/61,"????? ???? ??? . . .
n?r??a sin? mamu . . .",,pl,Te,19x3,93,Sangita,6,25,Inc,O/D/W,
8009,2201/62,"????????????? ??????
guruguh?pad??a? b?yagad?",,pl,Te,19x3,94,Sangita,6,25,Inc,O/D/W,
8010,2201/63,"??????????? ?????? ??????????
pa?bp?na??yaka na?nnu rak?i?bbu",,pl,Te,19x3,95,Sangita,6,25,Inc,O/D/W,
8011,2201/64,"??? ??????? ??????
?ita sam?tudai khy?ti",,pl,Te,19x3,95&1,Sangita,6,25,Inc,O/D/W,
8012,2201/65,"??????? ?????
?r?ga?dha ma?dare",,pl,Te,19x3,96&1,Sangita,6,25,Inc,O/D/W,
8013,2201/66,"????????????? ?????
v?sud?vakamal?sana va?dita",,pl,Te,19x3,97,Sangita,6,25,Inc,O/D/W,
8014,2201/67,"??????????? ?????????
m??al??avadem? v??ug?p?la",,pl,Te,19x3,97&1,Sangita,6,25,Inc,O/D/W,
8015,2201/68,"??????? ???? ?????
ni?nnu nene ma?nar?",,pl,Te,19x3,98&1,Sangita,6,25,Inc,O/D/W,
8016,2201/69,"????????? ?????
manalighunu?a saver?",,pl,Te,19x3,99,Sangita,6,25,Inc,O/D/W,
8017,2201/7,"????????
k?da??ar?ma",,pl,Te,19x3,9,Sangita,6,25,Inc,O/D/W,
8018,2201/70," ?????????? ?? ???
 p?j???yagade po manapa",,pl,Te,19x3,100&1,Sangita,6,25,Inc,O/D/W,
8019,2201/71,"????????
ma?ga?ah??u",,pl,Te,19x3,&,Sangita,6,25,Inc,O/D/W,
8020,2201/8,"??????
?k?da??",,pl,Te,19x3,13,Sangita,6,25,Inc,O/D/W,
8021,2201/9,"??????? ??????? ???? ????? ???
?r?r?ma ?r?r?ma ?r? man?hara r?ma",,pl,Te,19x3,17&1,Sangita,6,25,Inc,O/D/W,
8022,2202,"???????? ??????? 
ca?drakal? kaly??i ",,pl,Te,35x4.5,21,Nataka,8,70,Inc,O/D,? ??? ?????
8023,2203,"???? ????? 
m?dhava nid?na ",????,pl,Te,26x3.5,2&97,Vaidya,5,45,Inc,D,"???? ??????? ????, ????????"
8024,2204,"???????????? ???????
?yurv?d?rtha sa?graha?",,pl,Te,42x3,1&51,Vaidya,6,80,Inc,D,
8025,2205,"???????? ??????? ???? (??? ????????? ????????)
vaidyas?ra sa?graha? ??ke (ati prav?tti cikits?)",,pl,Te,51x3.5,1&140,Vaidya,8,150,???,O/D,
8026,2206,"????? ???????
vaidya sa?graha?",,pl,Te,32x4,1&90,Vaidya,8,60,???,O/D,????: ???????
8027,2207,"?????? ??? 
anum?na kha??a ",????????? ??????ç,pl,Te,40x3.5,1&138,Nyayadarshana,6,94,Inc,??,
8028,2208,"??????????????? (??????)
n?mali?g?nu??sana? (amarak??a)",???????,pl,Te,45x4.5,1&64,Nigantu,8,62,Inc,??,"????: ??????, ????: ???????. ???? ??????? ??????????."
8029,2209,"??? ??? ????????? 
u?u da?? prad?pik? ",-,pl,Te,28x3,17,Jautisha,6,40,Inc,D,
8030,2210,"?????? 
bh?gavata? ",-,pl,Te,44x3,1,Purana,&,&,C   ,??,????? ??????? ???????????.
8031,2211/2,"?????????? 
b?hajj?taka? ",-,pl,Te,40x4,28¥ÀvÀæ,Jautisha,6,80,Inc,G,"???? ?????????, ??????????, ??????A?? ???, ????????, ??????????????"
8032,2212,"??????? ?????????
k?l?m?ta vy?khy?na",-,pl,Te,35x4,1&150,Jautisha,8,90,C   ,O,
8033,2213,"??????? 
r?m?ya?a? ",????????,pl,Te,54x4,1&63,Itihasa,6,66,Inc,O,"?????A? ????? ?????????, ????? ???? ??????? ????."
8034,2214,"??????? ??????
nak?atra nigha??u",-,pl,Te,55x3,90¥ÀvÀæUÀ¼ÀÄ,Nigantu,6,60,Inc,D,
8035,2215/1,"?????????? ????????? ????? 
vrata?vall? varalak?m? vrata? ",-,pl,Te,40x4,2¥ÀvÀæ,Vrata Pooja,6,68,Inc,G,
8036,2215/10,"???? ??????? ?????
?r? r?manavam? vrata?",-,pl,Te,40x4,70&72,Vrata Pooja,6,68,C   ,G,
8037,2215/11,"???? ?????????? 
?r? k???ajaya?t? ",-,pl,Te,40x4,73&75,General,6,68,C   ,G,
8038,2215/12,"?????? ?????
narasi?ha jaya?ti",-,pl,Te,40x4,76&78,Vrata Pooja,6,68,C   ,G,
8039,2215/13,"?????? ????? 
gajagaur? vrata? ",-,pl,Te,40x4,78&82,Vrata Pooja,6,68,C   ,G,
8040,2215/14,"??????????????????? 
vi??usahasran?m?va?i? ",-,pl,Te,40x4,1&12,Vrata Pooja,6,68,C   ,G,
8041,2215/2,"???????????? ?????
siddhivin?yaka vrata?",-,pl,Te,40x4,5&9,Vrata Pooja,6,68,C   ,G,
8042,2215/3,"???? ????? 
v?mana jaya?ti ",-,pl,Te,40x4,10&13,Vrata Pooja,6,68,C   ,G/O,
8043,2215/4,"????? ????
yamun? p?j?",-,pl,Te,40x4,14&15,Pooja,6,68,C   ,G,
8044,2215/5,"???? ?????
ana?ta vrata?",-,pl,Te,40x4,17&23,Vrata Pooja,6,68,C   ,G,
8045,2215/6,"???????? ????? ???????????? ?????? ????????? ?????????
??ipa?cam? vrata? mattuudy?pana prak?ra brahm???a pur???kta",,pl,Te,,23&36,Vrata Pooja,6,68,C   ,G,"?????? ????, ?? ????, ????????"
8046,2215/7,"?????????? ????????? (???????????????)
k?d?r??vara vratakalpa? (bhavi?yapur???kta)",-,pl,Te,40x4,38&45,Vrata Pooja,6,68,C   ,G,
8047,2215/8,"????????? ????? (?????? ??????????) 
am?s?mav?ra vrata? (bhavi?ya pur???ttara) ",-,pl,Te,40x4,46&52,Vrata Pooja,6,68,C   ,G,
8048,2215/9,"????? ??????? ?????
anna? bh?v?rka vrata?",-,pl,Te,40x4,54&69,Vrata Pooja,6,68,C   ,G,
8049,2216,"???? ????? ????? 
t?r? ?a???ka vijaya? ",-,pl,Te,58x4,1&62,Kavya,6,80,C   ,G,?????? ?????? ???????
8050,2217,"?????? ???????? 
bh?gavata? da?amaska?dha ",-,pl,Te,46x4,1&124,Purana,6,60,Inc,??,?????? ????? ???? ??????? ????????.
8051,2218,"??????????? ????? 
k????rjuna sa?v?da ",-,pl,Te, 35x3.5,9&80,Kavya,6,60,Inc,G,????? ???? ????? ??????? ??????????.
8052,2219,"??????? ????????? 
sm?rtha prad?pik? ",-,pl,Te, 44x3.5,6&28,Gruhya- Prayoga ,7,80,Inc,O,???????????????? ??????????? (????? ? ??????? ??????????.
8053,2220,"??????????? ??? 
vikram?rkana kath? ",-,pl,Te, 34x3.5,1&105,Kate,7,50,Inc,G,
8054,2221,"????????
mah?bh?rata?",-,pl,Te,45x4,2&260,Itihasa,8,90,Inc,??,????????? ??????? ????? ???????. ????? ??????? ??????????.
8055,2222/1,"???????? 
bh?vaj?taka? ",-,pl,Te,42x4,1&10,Jautisha,8,64,C   ,G,
8056,2222/2,"?????????? ?????? 
s?mudrik? lak?a?a? ",-,pl,Te,42x4,11&18,Jautisha,8,64,,,
8057,2222/3,"???????? 
pravarakha??a ",-,pl,Te,42x4,18&20,Jautisha,8,64,Inc,G,
8058,2223,"??????? ??????? (??? ???????) 
?r?ddha pray?ga? (apara pray?ga?) ",-,pl,Te,38x3.5,3&80,Gruhya- Prayoga ,6,50,Inc,O,
8059,2224,"????? ???????
jauti?a sa?graha?",-,pl,Te,42x4,3&52,Jautisha,5,50,Inc,D,???? ??????? ??????????.
8060,2225,"????? ??????? 
jauti?a sa?graha? ",-,pl,Te,42x3,2&19,Jautisha,6,80,Inc,G,"??????, ?????,???????????,?????? ????? ???????"
8061,2226,"???? ?????
sudh? parima?a",?????A??? ???,pl,TU,49x5,1&191,Dvaita,10,85,C   ,O,
8062,2227/1,"??? ?????? (????)
?k sa?hit? (??kala)",,pl,TU,45x5,1&163,Veda- Samhita,10,90,C   ,O/D/W,
8063,2228/1,"??????? ????????
n?n?rtha ratnam?l?",??????,pl,TU,17x5,1&100,Nigantu,10,25,Inc,G/O,
8064,2228/2,"????????????
svapn?dhy?ya",,pl,TU,17x5,1&12,Jautisha,10,25,Inc,G,
8065,2228/3,"????????? ????
j?ti?mati kalpa",,pl,TU,17x5,1&3,Vrata,10,25,Inc,G,??? ??????? ?????
8066,2229,"??????????
a?kur?rpa?a",,pl,TU,34x5,1&67,Tantra Mantra,10,40,Inc,O,
8067,2230,"??? ?? ????? 
kala?a pada lak?a?a ",,pl,TU,31x4,1&11,Tantra Mantra,11,40,Inc,O,
8068,2231,"??????????
rudrama?tra",,pl,TU,21x4,1&39,Vedamantra Sangraha,8,30,C   ,O,
8069,2232,"??????? ???????? ??????
mah?bh?rata t?tparya nir?aya",,pl,TU,51x5,1&169,Dvaita,9,65,Inc,G/O,
8070,2233,"????? ?????? 
gr?ma paddhati ",,pl,TU,51x5.5,1&21,General,10,75,Inc,G/O,
8071,2234,"????? ?????? ???????? (??????? ????????)
t?rtha praba?dha vy?khy? (gurubh?va prak??ika)",????????????,pl,TU,37x5,1&84,Dvaita,8,50,C   ,G,
8072,2235,"?????? ??????
?gv?da sa?hit?",,pl,TU,34x5,1&273,Veda- Samhita,15,65,C   ,O/D,
8073,2236,"????????? ???? ?????
m?tyu?jaya ma??ala vidhi?",,pl,TU,26x5,1&32,Tantra Mantra,10,30,Inc,G,
8074,2237,"????????? ??????? ????????
k????m?ta mah?r?ava vy?khy?",???????????,pl,TU,27x6,1&59,Dvaita,14,40,C   ,G,
8075,2238/1,"??????????? ??? ??????
m?l?nak?atra janana ???ti?",,pl,TU,16x5,1&18,Shanti,10,18,C   ,G,
8076,2239,"??????????? ??????
brahmas?tra bh??ya?",?????????,pl,TU,14.5x5,1&156,Vedanta,9,20,Inc,G,
8077,2240/1,"????????? ???????
k????m?ta mah?r?ava",??A??????,pl,TU,26x6,74&75,Kavya,8,25,Inc,O,
8078,2241/1,"??? ????????
?ani st?tra?",,pl,TU,23x5,1&4,Stotra,9,30,C   ,G,
8079,2242,"??????????? ??????
brahmas?tra bh??ya?",??A??????,pl,TU,18x5,1&253,Vedanta,8,28,C   ,G,
8080,2243,"????? ??????????
vai??kha m?h?tmya?",?????,pl,TU,19x4.5,111,Mahatme,10,25,Inc,G,
8081,2244,"????? ???????
p?rva pray?ga?",,pl,TU,20x4,1&94,Gruhya- Prayoga ,9,35,Inc,G,
8082,2245/1,"????????????? ????
lak?m?n?r?ya?a p?j?",,pl,TU,19x5,6&9,Pooja,9,20,Inc,O/D,
8083,2246,"??????? ????? ????????
y?jñ?ya ma?tra vy?khy?",??A??????,pl,TU,22x5,1&4,Pooja,10,35,Inc,G,
8084,2247/1,"????????? ????? 
???a??pac?ra ma?tra ",,pl,TU,27x4,2&7,Mantra ,9,35,Inc,O,????: TU
8085,2247/2,"?????? ??????????
sm?ti mukt?va?i?",,pl,TU,27x4,8&12,Smruti,9,35,Inc,???,????: TU
8086,2248,"?????????
bhagavadg?t?",?????,pl,TU,22x4,1&56,Gita,9,40,Inc,O/D,
8087,2249/1,"????????? 
bhagavadg?t? ",?????,pl,TU,17x5,1&44,Gita,10,25,Inc,???,
8088,2250,"??? (?????)
v?da (padap??ha)",,pl,TU,35x5,45,Veda,11,56,Inc,???,
8089,2250/2,"???????? ????? 
?ata?l?k? vaidya ",-,pl,N.Na,42x3.5,1&12,Vaidya,6,60,Inc,G,???
8090,2251/1,"?????? ???? ????? ????
sa?graha j?taka a??aka varga",,pl,TU,22x5,91&96,Jautisha,12,40,Inc,G,
8091,2252,"?????? ??????
?gv?da sa?hit?",,pl,TU,19x4,1&164,Veda,11,25,Inc,G,
8092,2253/1,"?????? ???????
pray?ga ?ikh?ma?i",,pl,TU,23x4.5,1&22,Gruhya- Prayoga ,7,25,Inc,O,
8093,2254/1,"????? ???? ?????
ga?apati p?j? vidhi?",,pl,TU,22x5,1&8,Pooja,7,20,Inc,G,
8094,2255/1,"???????
r??i?la?",,pl,TU,24x4,1&7,Jautisha,9,25,C   ,G,
8095,2256,"?????? ??????
?gv?da sa?hit?",,pl,TU,44x5.5,1&115,Veda,8,50,Inc,O/D,"?,?,? ??????"
8096,2257,"????? ??????
??dra kamal?kara",?????? ????,pl,TU,27x4,1&160,Gruhya- Prayoga ,9,40,C   ,G,"?? ????, ????&???? ?????? ??.???????: ??????????ç"
8097,2258,"????? ?????
ta?tra gra?tha",,pl,TU,17x4,60,Tantra Mantra,&,&,C   ,G,????????????
8098,2259,"????? ??????????????? ????? ????????? ???????? ??????
uttara sahy?driyo?agina havyaka br?hma?ara utpatti itih?sa",,pl,TU,30x5,59&68,Itihasa,13,75,C   ,G,????: ?????
8099,2260,"????????? ???????
karmavip?ka ??stra",????,pl,TU,40x5,1&29,Vastu,10,70,C   ,G,???????: ????? ??????ç
8100,2261,"????????? ????? ????????
yudhi??hira vijaya? vy?khy?",,pl,TU,31x5,1&7,Kavya,10,50,Inc,G/O,????: ?????
8101,2262/1,"???????????
na??apra?n?",,pl,TU,27x4,1,Jautisha,9,55,Inc,G,????: ?????
8102,2263,"?????? ???????
pray?ga sa?graha?",,pl,TU,48x6,52&59,Gruhya- Prayoga ,19,100,Inc,O,
8103,2264/1,"????????
grahaga?ita",,pl,TU,21x4.5,1&65,Jautisha,10,25,C   ,G,????: TU
8104,2265/1,"????? ???? ?????
upanayana karma vidhi?",,pl,TU,24x5,1&2,G- Prayoga   ,9,25,Inc,???,
8105,2266/1,"????? ?????????????? ?????
pr??a prati??h?pan?pana vidhi?",,pl,TU,18x4.5,6&,Agama,9,25,Inc,O,
8106,2267/1,"???????
?ivap?j?",,pl,TU,18x4,1&6,Pooja,6,30,C   ,G,
8107,2268,"???? ????? 
?r? rudra ",,pl,TU,15x4.5,9&78,Mantra,9,20,Inc,O/D,
8108,2269/1,"???????? ???
pa?c?k?ara h?ma",,pl,TU,17x5,1&4,Mantra,10,25,Inc,G,
8109,2270,"?????? ???
vin?yaka h?ma",,pl,TU,28x3.5,16&1&18,Mantra,6,28,Inc,O/D,
8110,2271/1,"????????? ????????? ????????
m?k??bik? m?h?tmya st?tra?",,pl,TU,15x4,1&9,Stotra,5,15,C   ,G,????????? ????? ?????
8111,2272,"??? ???????
apara pray?ga?",,pl,TU,23x4.5,1&197,Gruhya- Prayoga ,9,25,C   ,O,
8112,2273,"?????? ??????
?gv?da sa?hit?",,pl,TU,35x5,1&231,Veda,11,50,Inc,O,"? ??????, ? ??????"
8113,2274,"????? ???????
ta?tra samuccaya",,pl,TU,27x5,2&78,Agama,10,40,Inc,O/D,
8114,2275/1,"??????? ??????????
ve?ka???a m?h?tmya?",?????,pl,TU,19x4.5,1&26,Mahatme,7,20,C   ,O/D,?????? ??????????
8115,2276/1,"??????? ????
ve?ka???a vaibhava",?????,pl,N.Na,27.5x4,1&20,Purana,6,55,C   ,G,??????A??? ??????????
8116,2277/1,"??????? ????????
?r?ra?ga vy?khy?",???????? ?????,pl,N.Na,34x5,24&57,Kavya,8,65,C   ,???,
8117,2278,"?????? ??????
r?k?asa k?vya?",???????,pl,N.Na,27x4,1&10,Kavya,8,50,C   ,???,
8118,2279,"??? ?????
r?ma sa?d??a",??????????? ?????Ä,pl,N.Na,12x5,1&22,Kate,9,20,C   ,???,?&??? ?????
8119,2280/1,"??????????? ???????
k??ak?pani?at sa?graha?",????????? ???,pl,N.Na,32x5,1&29,Upanisat,9,65,Inc,O,
8120,2281,"????????? ??????????
ve?ka?agiri m?h?tmya?",?????,pl,N.Na,33x5.5,16&99,Mahatme,9,50,Inc,G/O,??????????? ??????
8121,2282,"?????? ???? 
bh?gavata? ??ke ",????????? ?????,pl,N.Na,49x5,1&148,Purana,8,100,Inc,O/D,?? ?????
8122,2283,"???????? ????????
taittar?ya br?hma?a",,pl,N.Na,36x6,1&18,Bramana,9,60,Inc,???,
8123,2284,"??? ??????????
m?gha m?h?tmya?",,pl,N.Na,18x5.5,3&170,Mahatme,9,30,Inc,???,??????????
8124,2285,"?????? ???????? ??????
bh?gavata? t?tparya nir?aya",?????????,pl,N.Na,33x5,93,Purana,8,50,Inc,???,
8125,2286,"?????????
kuvalay?na?da",??????? ???????,pl,N.Na,27x5.5,1&48,Alankara,9,50,Inc,O,
8126,2287,"???????? ?????? ???????? ??????????
siddh??ta kaumudi vy?khy? tatvabh?dini",?????????? ???????,pl,N.Na,39x5.5,1&184,Vyakarana,8,65,Inc,O/D/W,
8127,2288,"???????? ?????? ????????
siddh??ta kaumudi vy?khy?",???,pl,N.Na,39x5.5,1&126,Vyakarana,7,65,Inc,???,
8128,2289,"??????????? ????? ???? – ???? ?????????
brahmas?tra bh??ya ??ke – tatva prak??ik?",???????,pl,N.Na,35x6,1&96,Vedanta,9,65,Inc,???,
8129,2290/1,"??????
hariva??a",,pl,N.Na,34x6,13,Purana,9,60,Inc,???,
8130,2291,"??????
bh?gavata?",?????,pl,N.Na,50x5.5,8&80,Purana,8,85,Inc,???,
8131,2292,"???????? ?????? ???????? (????? ?????)
siddh??ta kaumudi vy?khy? (prau?ha man?rama)",??????? ???????,pl,N.Na,39x5.5,1&25,Vyakarana,7,60,Inc,G/O,
8132,2293,"????????
mah?bh?rata?",?????,pl,N.Na,48x5,31,Itihasa,12,105,Inc,O/D,
8133,2294,"??????????? ????
mithy?num?na kha??ana",,pl,N.Na,20x5,44,Nyaya,9,30,Inc,O/D,
8134,2295,"????????????
vidy?m?dhav?ya",,pl,N.Na,18x9,35,Jautisha,11,30,Inc,O/D,
8135,2296,"?????? ????????? ?????
durg? pr?rthan? vidhi?",,pl,N.Na,19x4,1&22,Pooja,7,30,Inc,O/D,
8136,2297,"????? ?????
m?dhva vijaya?",?????? ???????????,pl,N.Na,17x5.5,20,Jautisha,10,40,Inc,O/D,
8137,2298,"?????? ??????? 
sm?ti ratn?kara ",??????????,pl,N.Na,25x5,1&291,Smriti,7,40,C   ,G,
8138,2299/1,"??????????? ?????? ???? ???????
brahmas?tra anuv?ka sudh? ?ippa?i",??????,pl,N.Na,51x5,1&98,Vedanta,11,140,Inc,G,
8139,2300,"?????? ??????
s?mav?da sa?hit?",,pl,N.Na,40x3.5,1&173,Veda,7,75,Inc,G,
8140,2301,"?????? ??????
?gv?da sa?hit?",,pl,TU,35x5.5,12&231,Veda,12,40,Inc,O/D,"?,? ??????"
8141,2302,"?????? ??????
?gv?da sa?hit?",,pl,TU,35x5,1&76,Veda,7,50,Inc,O/D,
8142,2303,"??? ????? ???? 
k?la sa?y?ga krama ",,pl,TU,14x5,1&10,Tantra - Mantra,10,15,Inc,D,
8143,2304,"???????? ????? ?????
i?dr??i rudra ma?tra",,pl,TU,18x4,4,Tantra - Mantra,8,30,Inc,D,
8144,2305,"??????????? ?????
sarpasa?sk?ra vidhi?",,pl,TU,19x4,1&12,Agama,7,30,C   ,D,
8145,2306,"???????????
abhya?gasn?na",,pl,TU,17x4.5,1&7,Vratakate,7,20,Inc,D,
8146,2307,"??????? ????
ve?ka???a p?j?",,pl,TU,14x5,1&6,Pooja,11,25,C   ,O,
8147,2308,"?????????? ?????
satyan?r?ya?a vrata?",,pl,TU,27.5x4.5,1&60,Vrata,5,35,Inc,O,"???? ???? ????????, "
8148,2309,"??????????
rudrama?tra",,pl,TU,24x4,28,Mantra,6,25,Inc,O,
8149,2310/1,"??????? ????????
mah??vara st?tra?",,pl,TU,37x4,1&3,Stotra,6,45,C   ,O,
8150,2311,"????, ????, ???????
?abda, dh?tu, da?ala?k?ra",,pl,TU,22x5,30,Vyakarana,9,25,Inc,O/D,
8151,2312,"???????????????????
vi??usahasran?m?va?i?",,pl,TU,21x5,28&82,Stotra,9,40,Inc,O/D,
8152,2313,"???? ????????
nai?adha vy?khy?",????????,pl,TU,32x6.5,3&19,Kavya,13,45,Inc,O/D,
8153,2314,"??????? ?????
sany?sa? vidhi?",,pl,TU,34x4.5,1&26,G- Prayoga   ,7,40,Inc,O,
8154,2315,"??? ????? ???????
v?da ma?tra sa?graha?",,pl,TU,18x4,38,Veda Mantra,8,30,Inc,O/D,
8155,2316,"??? ????? ???????
v?da ma?tra sa?graha?",,pl,TU,19x4.5,10,Veda Mantra,10,25,Inc,O/D,
8156,2317,"???? ??????????
graha ma?gal???aka?",,pl,TU,29x5,22,Stotra,8,35,Inc,O/D,
8157,2318/1,"???????? ???????
?abdadh?tu prakara?a?",,pl,TU,19x5,1&44,Vyakarana,10,20,Inc,O/D,
8158,2319,"????????? ????????
?i?up?lavadha vy?khy?",,pl,TU,21x4,1&75,Kavya,8,35,Inc,O/D,?????????: ?????
8159,2320/1,"????? ???????? (???????? ?????)
havyaka utpatti (vijaya?nagara nir?pa)",,pl,TU,40x4.5,1&2,General,9,70,Inc,O,"?? ????, ???? ????, ????? ??. ??????? ??.?. ???????"
8160,2321,"????? ??????????
?ilpa m?h?tmya?",?????,pl,TU,29x5,22,Mahatme,12,45,Inc,O,
8161,2322,"????????????? ????????
s?ryasiddh??ta vy?khy?",,pl,TU,29x4,3&77,Jautisha,8,55,Inc,O,
8162,2323,"??????????
garu?apur??a?",?????,pl,TU,24x5,6&55,Purana,8,25,Inc,O,
8163,2324,"??????????
pavam?nama?tra",,pl,TU,24x5,1&42,Mantra,8,30,C   ,G,
8164,2325,"???? ??????????
d?v? m?h?tmya?",,pl,TU,18.5x6,1&77,Mahatme,9,25,C   ,G,
8165,2326,"????? ???????
ma?tra samuccaya",,pl,TU,19x5,9&99,Mantra,14,40,Inc,O/O,????????? TU ???????????.
8166,2327,"??????????????? ???? (?????)
n?mali?g?nu??sana? ??ke (kanna?a)",,pl,TU,25x5,1&80,Nigantu,9,35,Inc,O/O,
8167,2328,"???? ??????????
d?v? m?h?tmya?",?????,pl,TU,16x4,1&54,Mahtme,7,25,Inc,O/O,
8168,2329/1,"?????? ?????
pray?ga ma?tra",,pl,TU,24x4,1&9,Gruhya- Prayoga ,8,40,Inc,D,
8169,2330,"??????????
h?ra??stra",?????????,pl,TU,26.5x6,1&43,Jautisha,10,30,Inc,D,
8170,2331,"?????
da?a?la?",,pl,TU,24x5,51,Jautisha,9,30,Inc,D,
8171,2332/1,"????????????
pu?y?havidhi?",,pl,TU,26x6,1&15,G- Prayoga   ,10,35,Inc,D,
8172,2333,"???????? ??? ?????? ?????
k??m???a h?ma pray?ga vidhi?",,pl,TU,20.5x4.5,1&29,G- Prayoga   ,9,25,C   ,G,
8173,2334,"???????? ???????? (????????)
ca?dral?ka vy?khy? (budhara?jani)",,pl,TU,26.5x5,1&72,Kavya,10,40,Inc,O,
8174,2335,"??? ???????
apara pray?ga?",,pl,TU,21x5,1&123,Gruhya- Prayoga ,13,35,???,???,
8175,2336/1,"??????????
brahmayajña",,pl,TU,16x5,1&2,G- Prayoga   ,11,25,C   ,G/O,
8176,2337,"??????????????
taittar?y?ra?yaka",,pl,TU,33x3.5,80,Aranyaka,7,50,Inc,O,
8177,2338,"??????????????
k???ayajusa?hite",,pl,TU,47x5.5,22,Veda,12,75,Inc,O,
8178,2339,"??????????????? ??????
taittar?y?pani?at bh??ya?",?A????A?,pl,TU,30x4,1&85,,9,60,Inc,O,
8179,2340,"????? ??? ?????
ga?apati havana vidhi?",,pl,TU,20x5,1&19,Pooja,7,25,Inc,O,
8180,2341,"?? ???????
da?a pray?ga?",,pl,TU,19x5.5,4&51,Gruhya- Prayoga ,9,20,Inc,O,
8181,2342/1,"??????? ?????
?ivap?j? vidhi?",,pl,TU,20x4.5,1&7,Pooja,8,30,Inc,O,
8182,2343/1,"?????? ???????
pa?c??ga prakara?a?",,pl,TU,19x5,1&4,Jautisha,12,30,C   ,G,
8183,2344,"????? ??????
rudra bh??ya?",,pl,TU,38x6,1&8,Mantra,11,60,Inc,O/D,
8184,2345,"?????? ???? ????????
r?m?ya?a ca?p? vy?khy?",???????? ???,pl,TU,37.5x6,1&203,Kavya,10,65,Inc,O/D,
8185,2346,"????????? ????????
?i?up?lavadha vy?khy?",????????,pl,TU,37x6,1&97,Kavya,9,55,Inc,O/D,
8186,2347/1,"?????? ????????
raghuva??a vy?khy?",???,pl,TU,39.5x4.5,1&110,Kavya,7,60,Inc,O/D,
8187,2348,"????????????? ??????
k???ayajurv?da sa?hit?",,pl,TU,49x5,1&73,Veda,7,65,Inc,O/D,
8188,2349,"?????? ???????? (?????????)
raghuva??a vy?khy? (prak??ike)",??????,pl,TU,45x5,77,KavyaGruya,11,100,Inc,O/D,
8189,2350,"??????
bh?gavata?",?????,pl,TU,47x5 ,1&215,Purana,10,105,Inc,O/D,"??A?????? ????????, ???????,"
8190,2351,"?????? ??????
?gv?da sa?hit?",,pl,TU,46x5,101&238,Veda,11,95,Inc,O/D,? ??????
8191,2352,"?????????????
v?si??hasm?ti",,pl,TU,34x5,1&106,Smriti,9,50,C   ,G,
8192,2353,"?????? ??????
?gv?da sa?hit?",,pl,TU,39x5,1&111,Veda,8,50,Inc,G,
8193,2354,"?????? ??????
?gv?da sa?hit?",,pl,TU,36x5.5,1&157,Veda,12,60,Inc,G,"?,?,?,? ??????"
8194,2355,"?????? ??????
?gv?da sa?hit?",,pl,TU,52x5,1&182,Veda,8,90,Inc,G,"?,?,?,? ??????"
8195,2356,"???????? ????? ????? ??????
??val?yana g?hya s?tra v?tti",?????? ????,pl,TU,26x4.5,1&153,Gruyasutra,10,35,C   ,G,
8196,2357,"??????
bh?gavata?",?????,pl,TU,51x5,210&333,Purana,9,80,Inc,O,
8197,2358,"??????????? ??????
brahmas?tra bh??ya?",?????????,pl,TU,21x4.5,1&144,Vedanta,8,30,Inc,G,"? ??????, ? ???"
8198,2359/1,"???????????
brahmas?tra",?????????öÊ????,pl,TU,18x5,1&16,Vedanta,10,28,C   ,G,
8199,2360,"?????? ???????????
?gv?da pr?ti??khya",????,pl,TU,31x6,1&80,Veda,11,40,Inc,G,
8200,2361,"??????? ???????? ??????
mah?bh?rata t?tparya nir?aya",??A??????,pl,TU,19x4,1&223,Itihasa,11,30,Inc,O,
8201,2362,"??????? ?????
pra?n? m?rga",,pl,TU,20x5,1&104,Jautisha,8,30,Inc,G,
8202,2363,"??? ??????????
m?gha m?h?tmya?",?????,pl,TU,18x3,1&164,Mahatme,10,30,C   ,G,
8203,2364,"???????
r?m?ya?a?",????????,pl,TU,37x5,1&21,Itihasa,8,45,Inc,O/D,
8204,2365/1,"????? ???????
p?rva pray?ga?",,pl,TU,24x4,1&51,Gruhya- Prayoga ,7,35,Inc,O/D,
8205,2366,"???????????????
n?mali?g?nu??sana?",?????A?,pl,TU,14x5,1&83,Nigantu,9,20,C   ,G,
8206,2367,"????? ??????
par??ara sm?ti",?????,pl,TU,15x5,1&52,Smriti,11,25,C   ,O/D,
8207,2368,"?????????
madhvavijaya?",???????A???,pl,TU,17x4.5,1&70,Vedanta,10,25,Inc,G/O,
8208,2369,"?????? ?????? (????)
?gv?da sa?hit? (??kala)",,pl,TU,51x6,1&19,Veda,12,85,Inc,G/O,
8209,2370,"????????????????
pavam?n?nukrama?ike",,pl,TU,17x5,1&47,Mantra,11,30,C   ,G,
8210,2371,"??????
bh?gavata?",?????,pl,TU,51x5,1&27,Purana,13,95,Inc,O/D,
8211,2372/1,"?????? ????????? ?????
tattva prak??ik? vivara?a",???????,pl,TU,17x4,1&75,Nyaya,8,25,C   ,G,
8212,2373/1,"?????
pavam?na",,pl,TU,19x4.5,1&33,Mantra,8,30,Inc,G,
8213,2374,"?????????
b?labh?dini",,pl,TU,23x4,1&55,Kate,9,35,Inc,G,
8214,2375,"?????? ???? ???????? ???
sa?graha ta??ka a??avarga ?la?",,pl,TU,33x6,1&60,,10,55,Inc,G,
8215,2376/1,"????????
sauravrata?",,pl,TU,36x5,1&7,Vrata,11,55,C   ,G,
8216,2377/1,"????? ??? ??????
pall? patana ???ti?",,pl,TU,24x5.5,1&2,Shanti,10,40,C   ,G,
8217,2378,"???????? ????? (????? ???????)
vai?vad?va vidhi? (p?rva pray?ga?)",,pl,TU,17x5,1&132,Gruhya- Prayoga ,12,35,C   ,G,
8218,2379,"????????????
ta?trasamuccaya",,pl,TU,19x5,1&91,Jautisha,11,35,Inc,G,
8219,2380,"?????? ??? ????????
v?d??ta s?ra vy?khy?",,pl,TU,18x4,69,Vedanta,6,20,Inc,G,
8220,2381,"???? ??????????
d?v? m?h?tmya?",?????,pl,TU,15x4.5,1&77,Mahatme,9,20,C   ,G,
8221,2382,"??????? ???? ????????
n?n?rtha varga vy?khy?",,pl,TU,18x5,1&73,Nigantu,8,25,C   ,G,
8222,2383,"?????? ??????
?gv?da sa?hit?",,pl,TU,19x5,1&183,Veda,8,30,Inc,O,"?, ? ??????"
8223,2384,"???????? ??????
siddh??ta kaumudi",,pl,TU,22.5x5,1&91,Vyakarana,8,30,Inc,???,
8224,2385,"???????
r?m?ya?a?",????????,pl,TU,28x4.5,1&111,Itihasa,10,55,Inc,G,???????A?
8225,2386,"?????????
bhagavadg?t?",?????,pl,TU,18x4,4&60,Gita,8,30,Inc,O,
8226,2387,"???????????
?abdar?p?vali",,pl,TU,27x4,93&116,Vyakarana,7,35,Inc,O/D,
8227,2388,"??????????
tu?as?mahim?",,pl,TU,21x5,1&18,Pooja,9,30,C   ,G,
8228,2389/1,"??????? ??????????
k?rtika m?h?tmya?",,pl,TU,34x5,1&71,Mahatme,9,60,???,G/O,
8229,2390,"????????? ?????
bhagavadg?t? vivara?a",,pl,TU,26x6,1&57,Gita,12,40,Inc,O/D,
8230,2391,"???????? ??????????
??val?yana g?hyas?tra",????????,pl,TU,30x5,1&37,Gruyasutra,8,30,C   ,???,
8231,2392,"?????????
bhagavadg?t?",?????,pl,TU,27x5,1&23,Gita,12,45,Inc,O,
8232,2393,"???????????? & ?????????
?gv?dasa?hit? & ??kalas?kta",,pl,TU,27x5,1&23,Veda,12,45,Inc,O,
8233,2394,"???????????
brahmas?tra",?????????öÊ????,pl,TU,16x6,1&19,Vedanta,9,20,Inc,G/O,
8234,2395,"??????????
?abdav?ridhi",,pl,TU,37x5,1&16,Vyakarana,11,70,Inc,O/D,
8235,2396,"???????? ??????????
??val?yana g?hyas?tra",????????,pl,TU,16x5,1&31,Gruyasuta,10,45,Inc,O/D,
8236,2397,"????????? ?????
rukmi???a vijaya?",??????????,pl,TU,31x4,1&53,Yakshagana,10,50,Inc,G,
8237,2398,"???? ?????? ??????
tarka sa?graha d?pik?",????A????,pl,TU,17x4,1&45,Nyaya,9,25,C   ,G,
8238,2399,"????????? ??????? 
sth?l?p?ka pray?ga? ",,pl,TU,16x4.5,1&28,Gruhya- Prayoga ,9,16,Inc,O/D,
8239,2400,"?????? ??????????
k?v?ri m?h?tmya?",?????,pl,TU,14x5,1&23,Mahatme,15,26,Inc,???,
8240,2401,"???????????? ????????
?la?jy?ti?ya vy?khy?",,pl,TU,25.5x5,1&26,Jautisha,11,50,C   ,G,????: ?????
8241,2402,"?????? ????????
?r?ta?a st?tra?",,pl,TU,23x4.5,62,Stotra,8,30,Inc,O,
8242,2403/1,"??????
dh?varga",,pl,TU,24x5,1&2,Vyakarana,11,40,C   ,O,
8243,2404,"?????????
p???avag?t?",?????,pl,TU,22x4.5,1&7,Gita,10,30,C   ,G,
8244,2405,"???????? ????????????
??ipa?cam? vrat?dy?pana?",,pl,TU,24x5,1&6,Vruta,8,35,C   ,O,????????? ??????????
8245,2406,"?????????
ka?h?pani?at",,pl,TU,17x5,22,Upanisat,9,25,Inc,O,????/?
8246,2407/1,"?????????? ????
vighn??vara p?j?",,pl,TU,21x4,1&,Pooja,8,40,C   ,D,
8247,2408/1,"?????? ???? ????????
n?r?ya?a h?daya st?tra?",,pl,TU,19x5,1&4,Stotra,9,25,Inc,D,??????????
8248,2409/1,"???????? ?????
puna?cara?a vidhi?",,pl,TU,14x4.5,1&11,Mantra,7,25,C   ,D,
8249,2410,"???????
k?lacakra",,pl,TU,28x5,1&9,Jautisha,9,35,Inc,O,
8250,2411,"???????? ??? ???????
k??m???a h?ma pray?ga?",,pl,TU,20x4.5,25,Gruhya- Prayoga ,7,20,Inc,O,
8251,2412,"?????? ???????
sad?c?ra stuti?",??A??????,pl,TU,25x4.5,9,Stotra,6,25,Inc,O/D,
8252,2413,"?????????
p???avag?t?",?????,pl,TU,31x3.5,1&12,Gita,5,35,C   ,O/D,
8253,2414/1,"????????? ????
m?lak?v?ri p?j?",,pl,TU,25x4.5,2&5,Pooja,7,35,Inc,G,
8254,2415,"????????? ?????
rukmi???a vijaya?",???????,pl,TU,24x4,15,Yakshagana,10,45,Inc,O,
8255,2416,"?????? ????? ???????
?gv?da ma?tra sa?graha?",,pl,TU,23x5,8&20,Veda Mantra,6,20,Inc,O,
8256,2417/1,"?????????
gha?a?r?ddha",,pl,TU,18x4,24&25,G- Prayoga   ,8,30,Inc,O,
8257,2418,"???????? ?????
sa?ny?sa? vidhi?",,pl,TU,14x5,1&8,G- Prayoga   ,9,20,Inc,G/O,
8258,2419,"??? ??????? ???????
j?va ?r?ddha pray?ga?",,pl,TU,17x6,1&8,Gruhya- Prayoga ,12,25,C   ,O/D,
8259,2420/1,"???????? ??????????
??val?yana g?hyas?tra",????????,pl,TU,14x4,1&19,Gruyasutra,11,25,Inc,O,
8260,2421,"???????????
sa?dhy?va?dan?",,pl,TU,18.5x5,1&7,Pooja,13,25,Inc,D,
8261,2422,"??? ??????
u?u ???ti?",,pl,TU,16x5,1&7,Shanti,7,20,C   ,G,
8262,2423/1,"?????? ????
n?si?ha kavaca?",,pl,TU,15x4.5,1&2,Stotra,10,25,C   ,G,
8263,2424/1,"????????????????
sarvavrat?dy?pana?",,pl,TU,26x4,1&2,Vrata,12,40,C   ,G,
8264,2425,"??????
bh?gavata?",?????,pl,TU,52x6,1&162,Purana,15,110,Inc,G,?&? ?????
8265,2426,"???? ??????????
d?v? m?h?tmya?",???,pl,TU,16x5,1&108,Mahatme,8,15,C   ,G,
8266,2427/1,"??????????? ????????
?ivasahasran?ma st?tra?",???,pl,TU,27x5,12,Stotra,8,30,Inc,D,
8267,2428,"????? ??????
pavam?na p?r?ya?a",,pl,TU,29x5,1&32,Mantra,7,40,C   ,O,
8268,2429,"??????
bh?gavata?",?????,pl,TU,36x5,31&147,Purana,8,60,Inc,G,
8269,2430/1,"??? ??????
pa?ca ???ti?",,pl,TU,20x5,1&5,Santi,8,35,Inc,G,
8270,2431,"??? ???????
apara pray?ga?",,pl,TU,18.5x6,1&134,Gruhya- Prayoga ,8,25,C   ,G,
8271,2432,"??????????????
ya?traratnavalya?",,pl,TU,13x4.5,72,Mantra Tantra,10,20,Inc,O/D,"???.???.????, ????????? ??????, ????????, ?????????, ?.?."
8272,2433,"???????? ??????
taittar?ya ara?yaka",,pl,TU,39x6,108,Aranyaka,9,85,Inc,O/D,
8273,2434/1,"?????? ?????
abhi??ka s?kta",,pl,TU,50x5,1&3,Sukta,8,75,C   ,G,????????
8274,2435/1,"?????????????? ????????
k???????ttara st?tra?",,pl,TU,25x3,1&5,Stotra,6,25,C   ,G,
8275,2436/1,"????????
n??dimukha",,pl,TU,23x5,1&2,G- Prayoga   ,9,25,Inc,G,
8276,2437/1,"?????? ??????
sad?c?ra sm?ti",????A??????,pl,TU,26x4,1&7,Smriti,5,25,Inc,O,
8277,2438,"????????????
vaidyasa?graha?",,pl,TU,29x3.5,1&50,Vaidya,7,25,Inc,O,
8278,2439,"??????
sa?kalpa",,pl,TU,25x3.5,3&11,Veda Mantra,5,25,Inc,D,
8279,2440/1,"?????????? ?????
sa?dhy?va?dana vidhi?",,pl,TU,20x5,1&18,Pooja,9,35,C   ,G,
8280,2441,"?????? (??????? ??.)
pa?c??ga (paribh?vi sa?.)",,pl,TU,23x3,1&29,Jautisha,6,25,Inc,O/D,
8281,2442,"?????? (?????????)
pa?c??ga (citrabh?nu)",,pl,TU,23x3,15,Jautisha,6,30,Inc,???,
8282,2443,"?????? ???
vibh?ti ?la?",,pl,TU,30x4,13,Jautisha,5,35,Inc,O/D,
8283,2444,"????????????? ??????
k???ayajurv?da sa?hit?",,pl,TU,45x5,1&207,Veda,9,95,Inc,G,
8284,2445,"??????? ?????
?r?ddha vidhi?",,pl,TU,16.5x3.5,6&21,G- Prayoga   ,7,25,Inc,G,
8285,2446,"????? ??????
pavam?na p?r?ya?a",,pl,TU,22x5,1&32,Mantra,10,35,Inc,G,
8286,2447,"??????????
h?mabalikarma",,pl,TU,18x5.5,1&25,G- Prayoga   ,9,25,C   ,G,
8287,2448,"????????
ma?ima?jar?",?????? ?????,pl,TU,22.5x5,1&13,Kavya,9,40,Inc,G,
8288,2449,"?????????
a?uv?d??ta",??A??????,pl,TU,16x5,13,Vedanta,10,15,Inc,O,
8289,2450,"??????? ???
cak?u?? h?ma",,pl,TU,10.5x4,1&42,Gruhya- Prayoga ,7,20,Inc,G,
8290,2451/1,"????? ??????????
ma?g??a m?h?tmya?",?????,pl,N.Na,24x6,1&16,Mahatme,10,40,C   ,O,
8291,2452,"???????????
ma?tr?ddh?ra",,pl,N.Na,29x5,1&15,Pooja,8,55,Inc,O,
8292,2453/1,"????? ??????? 
g?hya pray?ga? ",-,pl,N.Na,48x5,1&143,Gruhya- Prayoga ,8,87,Inc,G/O,
8293,2453/2,"???? ?????? 
ga???a ???ti? ",-,pl,N.Na,48x5,2¥ÀvÀæ,Shanti,8,87,C   ,G/O,
8294,2453/3,"?????? ???????? 
bhalla?aka sth?nam?la ",-,pl,N.Na,48x5,1&21,Tantra,8,87,Inc,G/O,
8295,2454,"????? ?????? (???? ???????)
g?hya pray?ga (???a?a sa?sk?ra)",-,pl,N.Na,39x4,2&101,Gruhya- Prayoga ,5,74,Inc,G/O,???? ??????? ??????????.
8296,2455/1,"?????? 
bh?g?la? ",-,pl,N.Na,38x3.5,1&12,Siddanta,5,58,Inc,G,
8297,2455/10,"?????? ?????
vanabh?jana vidhi?",-,pl,N.Na,38x3.5,28&29,Gruhya- Prayoga ,5,58,C   ,G,
8298,2455/11,"????????? ??? ???????
ubhayat?mu?i d?na pray?ga?",-,pl,N.Na,38x3.5,29&38,Gruhya- Prayoga ,5,58,C   ,G,
8299,2455/12,"?? ???? ????? 
g? p?j? vidhi? ",-,pl,N.Na,38x3.5,38&40,Gruhya- Prayoga ,5,58,C   ,G,
8300,2455/13,"???? ????? ???????
puna? sa?dh?na pray?ga?",-,pl,N.Na,38x3.5,40&41,Gruhya- Prayoga ,5,58,C   ,G,
8301,2455/14,"???????????? ????? 
pr?ya?citta vidhi? ",-,pl,N.Na,38x3.5,42&43,Gruhya- Prayoga ,5,58,C   ,G,
8302,2455/15,"???????? ??? ?????
vai?vad?va h?ma vidhi?",-,pl,N.Na,38x3.5,49&52,Gruhya- Prayoga ,5,58,C   ,G,
8303,2455/16,"????????? ???????
arkaviv?ha pray?ga?",-,pl,N.Na,38x3.5,52&55,Gruhya- Prayoga ,5,58,C   ,G,
8304,2455/17,"?????? ????? 
sany?sa vidhi? ",-,pl,N.Na,38x3.5,55&57,Gruhya- Prayoga ,5,58,C   ,G,
8305,2455/18,"??????????? ???????
yatis??sk?ra pray?ga?",-,pl,N.Na,38x3.5,58&61,Gruhya- Prayoga ,5,58,C   ,G,
8306,2455/19,"?????? ??? 
n?r?ya?a bali ",-,pl,N.Na,38x3.5,61&84,Gruhya- Prayoga ,5,58,C   ,G,
8307,2455/2,"???? ???? ???????
??vata karma pray?ga?",-,pl,N.Na,38x3.5,12&14,Gruhya- Prayoga ,5,58,Inc,G,
8308,2455/3,"?????? ???????
sarvabala pray?ga?",-,pl,N.Na,38x3.5,12&14,Gruhya- Prayoga ,5,58,C   ,G,
8309,2455/4,"???????? ???? ???????
a?vayuj? karma pray?ga?",-,pl,N.Na,38x3.5,15&18,Gruhya- Prayoga ,5,58,C   ,G,
8310,2455/5,"?????? ???????
ajñ?na pray?ga?",-,pl,N.Na,38x3.5,18&19,Gruhya- Prayoga ,5,58,C   ,G,
8311,2455/6,"?????????? ???????
ak?ak?yajña pray?ga?",-,pl,N.Na,38x3.5,21,Gruhya- Prayoga ,5,58,C   ,G,
8312,2455/7,"????? ??????? ???????
a??aka ?r?ddha pray?ga?",-,pl,N.Na,38x3.5,21&23,Gruhya- Prayoga ,5,58,C   ,G,
8313,2455/8,"?????? ??????? ???????
a??ami ?r?ddha pray?ga?",-,pl,N.Na,38x3.5,23&25,Gruhya- Prayoga ,5,58,C   ,G,
8314,2455/9,"???????? ???? ??????? ???????
a??aky? navam? ?r?ddha pray?ga?",-,pl,N.Na,38x3.5,25&27,Gruhya- Prayoga ,5,58,C   ,G,
8315,2456/1,"????? ??????? 
s?rya namask?ra ",-,pl,N.Na,39x3,1&24,Vrata Pooja,4,51,C   ,G,
8316,2456/2,"?????????? ?????
mah?lak?m? vrata?",-,pl,N.Na,39x3,24&40,Vrata Pooja,4,51,C   ,G,
8317,2456/3,"????????? ?????
?ivar?tri vrata?",-,pl,N.Na,39x3,40&49,Vrata Pooja,4,51,C   ,G,
8318,2456/4,"????????? ?????
varalak?m? vrata?",-,pl,N.Na,39x3,49&62,Vrata Pooja,4,51,C   ,G,
8319,2456/5,"?????????? ?????
svar?agaur? vrata?",-,pl,N.Na,39x3,62&71,Vrata Pooja,4,51,C   ,G,
8320,2456/6,"???????????? ????? 
siddhivin?yaka vrata? ",-,pl,N.Na,39x3,71&84,Vrata Pooja,4,51,C   ,G,
8321,2456/7,"????? ???? 
yamun? p?j? ",-,pl,N.Na,39x3,84&89,Vrata Pooja,4,51,C   ,G,
8322,2456/8,"???? Vrata Pooja 
ana?ta Vrata Pooja ",-,pl,N.Na,39x3,89&108,Vrata Pooja,4,51,C   ,G,
8323,2457/1,"???? ?????? ????????? 
n?rada sa?graha jy?ti?ya ",-,pl,N.Na,44x3.5,1&12,Jautisha,6,66,Inc,G,"??? ??????, ????? ??????, ???? ??????, ???? ??????, ????? ??, ??? ??????????? & ???? ????????"
8324,2457/2,"???????? 
sa?sk?ra? ",-,pl,N.Na,44x3.5,13&55,Jautisha,6,66,Inc,G,"?????????, ??????A, ????????????? ?????????, ???????, ??????, ?????????, ???????????, ????????????, ??????, ???????, ????? ?????, ?????????"
8325,2457/3,"???? ??????? 
?akuna vic?r?? ",-,pl,N.Na,44x3.5,55&81,Jautisha,6,66,Inc,G,??????? ???? ????????
8326,2457/4,"???????????? 
vidy?m?dhav?ya ",?????????? ?????,pl,N.Na,44x3.5,81&83,Jautisha,6,66,Inc,G,
8327,2458,"??????????? 
g?hyapray?ga ",-,pl,N.Na,39x3.5,1&99,Gruhya- Prayoga ,5,52,Inc,G,??????????? – ????? ??????? ????????
8328,2459/1,"??????????? 
g?hyapray?ga ",-,pl,N.Na,38x4,1&72,Gruhya- Prayoga ,6,56,Inc,??,
8329,2459/2,"????????? ???? 
nityagaur? p?j? ",-,pl,N.Na,38x4,1&10,Pooja,6,56,Inc,G,
8330,2459/3,"????????? 
gaur?vrata? ",-,pl,N.Na,38x4,1&2,Pooja,6,56,Inc,O,
8331,2459/4,"???? ?????? 
kuh? ???ti? ",-,pl,N.Na,38x4,1&2,Shanti,6,56,Inc,D,
8332,2459/5,"????? ??????? ?????
putra parigraha vidhi?",-,pl,N.Na,22x4,2,Gruhya- Prayoga ,6,56,Inc,D,
8333,2460,"??????? ?????? 
muh?rta m?dhav?ya ",-,pl,N.Na,44x4.3,1&30,Jautisha,9,90,Inc,D,???? ??????? ??????????.
8334,2461,"?????? (???????????) 
?gv?da (t?t?y???aka?) ",-,pl,N.Na,36x4,1&143,Veda,6,76,Inc,D,???? ??????? ??????????.
8335,2462,"??????? ??????? ??????? 
apasta?bha gr?hya pray?ga? ",-,pl,N.Na,44x4.3,1&35,Gruhya- Prayoga ,5,70,Inc,O/D,
8336,2463,"????? ??????? (??????? ??????????) ????? ???????
vai?ya pray?ga? (kamal?k?ra pur???ttara) p?rva pray?ga?",-,pl,N.Na,22x4,1&91,Gruhya- Prayoga ,5,28,C   ,O,"?????? ??? ???? ?????, ?????? ?????, ??????, ?????????, ???????, ??????????, ??????????, ?????, ????????, ??????? ????????, ???????A?? ????????"
8337,2464/1,"?????? ???? ????? 
harit?la gaur? vrata? ",-,pl,N.Na,40x3.5,1&7,Gruhya- Prayoga ,5,80,C   ,G,
8338,2464/2,"??????? ???? 
sarasvat? p?j? ",-,pl,N.Na,40x3.5,8&26,Gruhya- Prayoga ,5,80,C   ,G,
8339,2464/3,"?????? ?????????? 
navagraha ma?gal???aka? ",-,pl,N.Na,40x3.5,27&42,Gruhya- Prayoga ,5,80,C   ,G,
8340,2465,"???????? ??????? 
?dhy?tma r?m?ya?a? ",-,pl,N.Na,,1&211,Itihasa,9,36,Inc,O,????? ????? ??????????
8341,2466,"????? ??? ???????
vai?ya apara pray?ga?",-,pl,N.Na,18x3,1&90,Gruhya- Prayoga ,5,30,C   ,??,??????? ????? ?????????? ???????? ????? ????? ??????? ????????.
8342,2467,"?????? ????? ??????? ???????
?rdhva daihika sa?sk?ra pray?ga?",-,pl,N.Na,,1&31,Gruhya- Prayoga ,5,57,Inc,O,"?????,?????????? ?????, ????????, ??????? ???????,??????? ?????."
8343,2468,"???????????
svastiv?cana",-,pl,N.Na,34x3,1&50,Stotra,4,42,Inc,??,????? ??? ????????????.
8344,2469,"????? ???????? 
s?rya sahasran?ma ",-,pl,N.Na,32x3.3,1&40,Stotra,6,30,Inc,O,
8345,2470,"???????? 
mah?bh?rata? ",-,pl,N.Na,24x5,3&192,Kavya,16,42,Inc,D,??????? ???????? ???????????. ???????? ?????????????.
8346,2471,"?????? ?????
pa?c??ga vivara?a",-,pl,N.Na, 25x3,3&84,Jautisha,4,38,Inc,D,
8347,2472/1,"??? ????? 
s?ma pavam?na ",-,pl,N.Na,32x3,1&69,Veda - Mantra,4,40,C   ,G,
8348,2472/10,"???????????????
ma?ikar?ik???aka?",-,pl,N.Na,32x3,130&131,Stotra,4,42,C   ,G/O,
8349,2472/11,"???? ??? ?? 
?r? r?ma japa ",-,pl,N.Na,32x3,132&145,Stotra,4,42,C   ,G/O,
8350,2472/12,"???? ?????? 
k??? a??aka? ",-,pl,N.Na,32x3,129&130,Stotra,4,42,C   ,G/O,
8351,2472/2,"??????? ?????????? ??? 
r?m?ya?a? pa???bhi??ka kha??a ",-,pl,N.Na,32x3,70&89,Itihasa,4,40,C   ,O,
8352,2472/3,"?????? ????????? 
v?d??ga jy?ti?ya ",-,pl,N.Na,32x3,89&93,Jautisha,4,42,C   ,O,
8353,2472/4,"???????? ????? 
d?v?rcana ma?tra ",-,pl,N.Na,32x3,94&111,Mantra Sangraha,4,42,C   ,O,
8354,2472/5,"?????????????? 
ki?cidr?m?ya?a? ",-,pl,N.Na,32x3,112&118,Itihasa,4,42,C   ,O,
8355,2472/6,"??????? ??????? ????????
lak?m? kar?vala?ba st?tra?",-,pl,N.Na,32x3,118&121,Stotra Sangraha,4,42,C   ,O,
8356,2472/7,"????????? 
ga?g???aka? ",-,pl,N.Na,32x3,122&124,Stotra,4,42,C   ,O,
8357,2472/8,"??? ????????
nad? st?tra?",-,pl,N.Na,32x3,126,Stotra,4,42,C   ,O,
8358,2472/9,"???? ????????
ga?g? st?tra?",-,pl,N.Na,32x3,127&129,Stotra,4,42,C   ,G/O,
8359,2473,"?????? 
amarak??a ",-,pl,N.Na,44x4,35,Nigantu,5,70,Inc,D,
8360,2474/1,"?????? ????
vi??u p?j?",-,pl,N.Na,20x5,1&20,Pooja,9,30,Inc,O,
8361,2474/2,"?????????? ????? 
svar?agaur? vrata? ",-,pl,N.Na,20x5,20&22,Pooja,9,30,C   ,O,
8362,2474/3,"????? ????? 
k?d?ra vrata? ",-,pl,N.Na,20x5,20&25,Pooja,9,30,C   ,O,
8363,2474/4,"?????????? ????? 
mah?lak?m? vrata? ",-,pl,N.Na,20x5,25&29,Pooja,9,30,C   ,O,
8364,2475/1,"????? ???? 
??rad? p?j? ",-,pl,N.Na,3x17,1&51,Pooja,5,30,C   ,G,
8365,2475/2,"?????? ??
narasi?ha japa",-,pl,N.Na,3x17,51&54,Pooja,5,30,C   ,O,
8366,2475/3,"?????? ??? ????????
narasi?ha kavaca st?tra?",-,pl,N.Na,3x17,55&75,Pooja,5,30,,O,
8367,2476,"?????? (??? ?????)
bh?gavata? (da?ama ska?da)",-,pl,TU,13x5,2&116,Purana,10,15,Inc,G,???????? ????
8368,2477,"???????????????
n?mali?g?nu??sana?",?????A?,pl,TU,43x3.5,11&55,Nigantu,4,50,Inc,??,
8369,2478,"??????
bh?gavata?",?????,pl,TU,50x5,1&117,Purana,8,110,Inc,O/D,?&? ?????
8370,2479,"???? ???????? ??????? 
d?v? kalp?kta ??stra ",-,pl,TU,18x4,288,Tantra Mantra,8,30,Inc,O/D,???? ??????? ??????????. ???? ??????? ??????? ????????.
8371,2480,"?????????? (???)
?ivaca?drika (?iva)",-,pl,TU,22x4.5,1&215,,9,35,Inc,O/D,?????? ???? ??????? ??????????. ?????????? ??? ?????&?/?/????
8372,2481,"?????? 
bh?gavata? ",?????,pl,TU,51x5,1&319,Itihasa,12,85,Inc,O/D/W,"? ???????A? ???? ????? ??? ??? ??? ??. ???? ???? ???????. ????.???????????, ???? ??????? ??(???)?????? ??????????, ??????????, ???????? &??(??.?.????)"
8373,2482/1,"????? ??? ??????? 
agni mukha pray?ga? ",,pl,TU,21x4.5,1&93,Gruhya- Prayoga ,8,30,Inc,O/D,TU ????: ???? TU?????????. (????????)
8374,2482/2,"??????? ??????? 
?r?ddha pray?ga? ",,pl,TU,21x4.5,97¥ÀvÀæ,Gruhya- Prayoga ,8,30,Inc,O/D,
8375,2483/1,"????? ?????? ???? 
rudra dravya vivara ",-,pl,TU,15x4,1&13,Vedamantra Sangraha,6,25,Inc,??,
8376,2483/2,"?????????????? ?????? (??? ???) 
rudr?dhy?y?yaya bh??ya? (namaka camaka) ",-,pl,TU,15x4,14&39,Vedamantra Sangraha,6,25,C   ,G,
8377,2484/1,"?????? ???????
pray?ga p?rij?ta",??????,pl,TU,50x5,1&274,Gruhya- Prayoga ,12,75,C   ,G/O,
8378,2484/2,"??? ?????? 
udaka ???ti? ",-,pl,TU,50x5,275&276,Shanti,12,75,C   ,O/D,
8379,2485,"??????? 
r?m?ya?a? ",????????,pl,TU,49x4,1&189,Itihasa,10,90,Inc,G,"???????, ?????? ????, ??? ???? ????? ?????????"
8380,2486/1,"????????? (???????) 
karmavip?ka (mah?r?ava) ",?A????,pl,TU,49x5,28,Gruhya- Prayoga ,12,80,Inc,G,"?????? ????, ?????? ????. TU ????, ????? ?????? ???."
8381,2486/2,"???????? ??????????? 
??val?yana dharma??stra ",????????,pl,TU,49x5,1&65,Smriti,12,80,C   ,G,???????: ?????????
8382,2486/3,"?????????? ?????? 
yajñavalkya sm?ti ",??????????,pl,TU,49x5,66&87,Smriti,12,80,Inc,G,????? ??? ??????
8383,2486/4,"???????????? ????
pr?ya?citta k???a",????????,pl,TU,49x5,4,Gruhya- Prayoga ,12,80,Inc,G,??????
8384,2487,"????? ?????? 
par??ara sm?ti ",?????,pl,TU,50x6,1&86,Smriti,14,65,C   ,G,"???? ???? ???????????, ??????? ???????? ???? ????????? ??? ? ?????? ??????? ?????? ???? TU ???? ????? ???? ?????? ??????????????."
8385,2488/1,"??????????
kramad?pik?",????? ?????? ??????????,pl,TU,46x5,1&76,Tantra Mantragama,11,85,C   ,G,????? ?? ???
8386,2488/2,"??????? ???????? 
vijñ?na ca?drike ",???????? ????,pl,TU,46x5,77&89,Tantra Mantragama,11,85,Inc,G,
8387,2488/3,"????????? ????? 
prapa?cas?ra vivara?a ",???????,pl,TU,46x5,90&164,Tantra Mantragama,11,85,C   ,G,?&? ???
8388,2488/4,"????? ???????? 
na??daya vy?khy? ",????? ???????,pl,TU,46x5,165&190,Kavya,11,85,Inc,G,????? ? ??????
8389,2488/5,"????????? ????? ???? (??????) 
prapa?cas?ra sa?ba?dha ??ke (d?pik?) ",,pl,TU,46x5,191&262,Advaita,11,85,Inc,G,
8390,2488/6,"????? ????? ????????????????? ????? 
utpa?a parima?a prati??h?pan?rcane ma?tra ",,pl,TU,46x5,263&276,Tantra Mantragama,11,85,Inc,G,
8391,2489," ???? ????? ????? 
 p?j? vidh?na ma?tra ",,pl,TU,46x4,1&103,Tantra Mantragama,10,75,Inc,O/D,
8392,2490,"????? ???????? 
par??ara vy?khy? ",???? ??????,pl,TU,32x6,1&129,Smriti,10,35,Inc,G,??? ?????? ???? ??? ??????
8393,2491,"?????? ??????? 
sm?ti sa?graha? ",,pl,TU,37x5,1&236,Smriti,10,50,Inc,G,
8394,2492,"????? ?????? ???????? 
par??ara sm?ti vy?khy? ",???? ??????,pl,TU,31x5.5,1&95,Smriti,13,50,Inc,G,????????????????
8395,2493/1,"?????????? ?????? 
yajñavalkya sm?ti ",?????ö??????ö??,pl,TU,32x5,1&59,Smriti,8,60,Inc,G,???? ? ?????? ??&?? ???? ??????? ?????
8396,2493/2,"??????? ????? 
kara?aratna vivara?a ",????? ?????? ???????,pl,TU,32x5,62&138,Jouitisha,8,75,C   ,G,????? ??????? ????????? ????? TU ???????????.
8397,2493/3,"???????? ???????? 
da?a?l?ki vy?khy? ",,pl,TU,32x5,139&199,Gruhya- Prayoga ,8,75,C   ,G,
8398,2493/4,"??? ??????? ?????? 
laghu sa?graha? d?pik? ",,pl,TU,32x5,199&226,Gruhya- Prayoga ,8,75,C   ,G,
8399,2494,"?????? ?????? 
?gv?da sa?hit? ",,pl,TU,36.5x5,1&140,Veda,10,70,Inc,G,"?,?,? ??????"
8400,2495,"??????????????? 
n?mali?g?nu??sana? ",???????,pl,TU,35x5,206,Nigantu,7,40,Inc,??,"?????? ???? ?????? ???? ????&TU, ???? ??? & ??????? ????????? –?????"
8401,2496,"?????? ?????? 
pray?ga t?r??i ",????A?,pl,TU,34x5,1&116,Gruhya- Prayoga ,9,50,C   ,G,
8402,2497,"?????????? ?????? ???????? 
yajñavalkya sm?ti vy?khy? ",????????????,pl,TU,47x5,1&249,Smriti,14,110,Inc,G,"?,?,? ????"
8403,2498,"?????????? ?????????? 
?a?karan?r?ya?a m?h?tmya? ",?????,pl,TU,37x5,1&66,Mahatme,12,65,C   ,G,???? ?????? ?????A?
8404,2499,"????? ???????? 
par??ara vy?khy? ",??????????,pl,TU,52x6,1&197,Smriti,16,110,C   ,G,????? ?????? ?????????? ????? ?????? ?????? ???????? ????????
8405,2500,"???????? ??? ??????? 
ta?tr?gama s?ra sa?graha? ",-,pl,TU,34x4,1&182,Tantramantragama,8,50,C   ,D,???????????? ?????????? ??????????? ?????????????.
8406,2501,"?????? 
amarak??a ",-,pl,N.Na,36x3,&,Nigantu,5,80,Inc,D,????? ????
8407,2502,"?????? 
amarak??a ",-,pl,N.Na,20x5,55,Nigantu,8,30,Inc,D,????? ????
8408,2503,"??????? 
r?m?ya?a? ",????????,pl,N.Na,40x4,50,Itihasa,9,100,Inc,D,"?????????A?, ???? ??????? ??????????."
8409,2504,"??????? 
r?m?ya?a? ",????????,pl,N.Na,39x3.5,,Itihasa,6,60,Inc,D,"?????????, ???? ??????? ??????????."
8410,2505,"??????
v?d??ta",-,pl,N.Na,28x3,1&69,Veda,7,60,Inc,??,????: ?????
8411,2506,"??????? ????????? 
?pasta?bha dharmas?tra ",-,pl,N.Na,39x4,1&20,Gruhya- Prayoga ,5,50,Inc,D,
8412,2507,"????????????
vidy?m?dhav?ya",???????????? ?????,pl,N.Na,40x3.5,2&36,Joutisa,7,100,Inc,D,
8413,2508,"?????????
bhagavadg?t?",-,pl,N.Na,15x5,20,Gita,8,20,Inc,D,
8414,2509,"????????? ??????? 
?r?niv?sa pra?n? ",-,pl,N.Na,15x3,1&19,Jouitisha,5,20,Inc,D,
8415,2510,"??????????? ?????, ???? ????? ?????
jy?tista?bha vrata?, garu?a pa?cami vrata?",-,pl,N.Na,23x5,&,Vrata,8,50,Inc,D,
8416,2511,"?????????? ????????
i?dr?k?? st?tra?",-,pl,N.Na,38x3.5,12,Stotra,5,60,Inc,D,
8417,2512/1,"??????? ???? 
hanum?n kavaca? ",-,pl,N.Na,15x3,1&17,Stotra,4,14,C   ,O/D,
8418,2512/2,"?????????? ????????
i?dr?k?i st?tra?",-,pl,N.Na,15x3,1&10,Stotra,4,14,C   ,O,
8419,2512/3,"??????? ???? ????????
?r?r?ma kavaca? st?tra?",-,pl,N.Na,15x3,1&13,Stotra,4,14,C   ,O,
8420,2512/4,"?????? 
??jan?ya ",-,pl,N.Na,15x3,1&15,Pooja,4,14,C   ,O,
8421,2512/5,"???? ????????????? ??
?r? s?t?param??var? japa",-,pl,N.Na,15x3,2,Pooja,4,14,Inc,O,
8422,2513,"???????????? 
vidy?m?dhav?ya ",?????????? ?????,pl,N.Na,36x3.5,18,Jouitisha,4,60,Inc,O,??????? ??????
8423,2514,"???? ?????? 
n?rada sa?hit? ",-,pl,N.Na,30x3,&,Samhita,4,40,Inc,O,???
8424,2515,"????????????
g?hyapray?ga?",-,pl,N.Na,25x5,14,Gruhya- Prayoga ,8,40,Inc,D,"??????? ???? ??????, ??????? ?????, ??????? ?????? ?????"
8425,2516,"???????????????(??????)
n?mali?g?nu??sana?(amarak??a)",?????A?,pl,N.Na,45x4.5,1&64,Nigantu,8,,,,
8426,2517,"???????????? 
g?hyapray?ga? ",-,pl,N.Na,38x3.5,1&114,Gruhya- Prayoga ,6,70,Inc,D,???? ??????? ???????????. ??????? ???? ???????. ??????? ???????? ????????????.
8427,2518,"???????? ???????
?dhy?tma r?m?ya?a?",-,pl,N.Na,32x3,1&17,Itihasa,8,70,Inc,D,
8428,2519,"?????? ??? 
ga????ta d??a ",-,pl,N.Na,,,Jouitisha,,,Inc,O,"???? ??????, ??????? ??????, ?????????? ???????"
8429,2520,"????? ???????
ma?tra sa?graha?",-,pl,N.Na,20x5.5,4&46,Mantra,10,40,Inc,D,
8430,2521,"????????? 
?r?r?majapa ",-,pl,N.Na,4x3,6,Pooja,5,60,Inc,D ,??????? ??????
8431,2522,"??? ???????? ?????
?ani tray?da?? vrata?",-,pl,N.Na,28x3,6,Vrata,5,50,Inc,D,
8432,2523,"????????? ??????? 
jy?ti?ya sa?graha? ",-,pl,N.Na,42x4,22&102,Jouitisha,8,80,Inc,O,?????????? ???????
8433,2524/1,"?????? ?? 
a?g?raka japa ",-,pl,N.Na,22x3.5,1&7,Pooja,5,22,C   ,G,
8434,2524/10,"?????? ????? ????????
narasi?ha bhuja?ga st?tra?",-,pl,N.Na,22x3.5,59&61,Pooja,5,22,C   ,G,
8435,2524/2,"?????? ?? 
navagraha japa ",-,pl,N.Na,22x3.5,7&20,Pooja,5,22,C   ,G,
8436,2524/3,"?????? ????????
??jan?ya mah?ma?tra",-,pl,N.Na,22x3.5,20&26,Pooja,5,22,C   ,G,
8437,2524/4,"??????? ????
hanum?n kavaca?",-,pl,N.Na,22x3.5,26&31,Pooja,5,22,C   ,G,
8438,2524/5,"?????? ??????? ???????? 
pa?camukha hanum?n mah?ma?tra ",-,pl,N.Na,22x3.5,32&39,Pooja,5,22,C   ,G,
8439,2524/6,"?????? ?? 
narasi?ha japa ",-,pl,N.Na,22x3.5,39&42,Pooja,5,22,C   ,G,
8440,2524/7,"?????? ???? 
narasi?ha kavaca? ",-,pl,N.Na,22x3.5,42&51,Pooja,5,22,C   ,G,
8441,2524/8,"?????? ???????? 
narasi?ha mah?ma?tra ",-,pl,N.Na,22x3.5,51&52,Pooja,5,22,C   ,G,
8442,2524/9,"?????? ????????
narasi?ha st?tra?",-,pl,N.Na,22x3.5,52&58,Pooja,5,22,C   ,G,
8443,2525,"????????? ?????? 
k?lavidh?na? paddhati ",-,pl,N.Na,38x4,70,Jouitisha,6,48,Inc,G,
8444,2526/1,"????????? (????? ????)
?tmas?kta (s?kta p?j?)",-,pl,N.Na,22x4,1&8,Stotra,7,30,C   ,G,
8445,2526/10,"????? ????????? 
?akti pa?c?k?ar? ",-,pl,N.Na,22x4,92&95,Mantra,7,30,C   ,G,
8446,2526/11,"?????????? ?????? 
pa???bhi??ka vidh?na? ",-,pl,N.Na,22x4,100&136,Gruhya- Prayoga ,7,30,C   ,G,
8447,2526/2,"?????? ?????? 
narasi?ha t?pan?ya ",-,pl,N.Na,22x4,8&23,Upanisat,7,30,C   ,G,
8448,2526/3,"??????????? ?????? 
n?si?h?ttara t?pan?ya ",-      ,pl,N.Na,22x4,23&29,Upanisat,7,30,C   ,G,
8449,2526/4,"??????? ??????????? 
?r?r?ma p?rvat?pan?ya ",-,pl,N.Na,22x4,29&41,Upanisat,7,30,C   ,G,
8450,2526/5,"??????? ?????????? ??????
?r?r?ma p?rv?ttara t?pan?ya",-,pl,N.Na,22x4,42&63,Kavya,7,30,C   ,G,
8451,2526/6,"????????????????? ?????
k?rt?v?ry?rjuna ma?tra",-,pl,N.Na,22x4,64&80,Mantra,7,30,C   ,G,
8452,2526/7,"????????????? 
n?r?ya??pani?at ",-,pl,N.Na,22x4,81&88,Upanisat,7,30,C   ,G,
8453,2526/8,"???????????? ?????
?ivapa?c?k?ar? ma?tra",-,pl,N.Na,22x4,88&91,Mantra,7,30,C   ,G,
8454,2526/9,"????????????? 
gaur?pa?c?k?ar? ",-,pl,N.Na,22x4,91&92,Mantra,7,30,C   ,G,
8455,2527/1,"???????????? 
s?ryanamask?ra ",-,pl,N.Na,43x4,1&51,Pooja,5,80,C   ,O,
8456,2527/2,"????????? ???? 
dv?rap?laka p?j? ",-,pl,N.Na,43x4,52&59,Pooja,5,80,C   ,G,
8457,2527/3,"????????? ????? 
varalak?m? vrata? ",-,pl,N.Na,43x4,60&66,Pooja,5,80,C   ,O,
8458,2527/4,"?????????? ????? 
bh?mam?v?sya vrata? ",-,pl,N.Na,43x4,67&71,Pooja,5,80,C   ,G,
8459,2527/5,"???????? ?????
ma?ga?agaur? vrata?",-,pl,N.Na,43x4,72&77,Pooja,5,80,C   ,G,
8460,2527/6,"??? ????? ????? (???????????????)
ravi pa?cami vrata? (brahmapur???kta)",-,pl,N.Na,43x4,78&99,Pooja,&,&,C   ,G,
8461,2527/7,"?????????? 
?nm???am? ",-,pl,N.Na,43x4,102&104,Pooja,5,80,C   ,G,
8462,2528/1,"??????????? ?? 
aru?aparjanya japa ",-,pl,N.Na,43x4,1&23,Pooja,5,80,C   ,G,
8463,2528/2,"?????? ????? 
s?mav?ra vrata? ",-,pl,N.Na,43x4,24&27,Pooja,5,80,C   ,G,
8464,2528/3,"???? ????? (?????? ?????????) 
v?mana vrata? (n?rad?ya pur???kta) ",-,pl,N.Na,43x4,112&124,Pooja,5,80,C   ,G,
8465,2528/4,"?????????? ????? 
svar?agaur? vrata? ",-,pl,N.Na,43x4,125&128,Pooja,5,80,C   ,G,
8466,2528/5,"?????? ????? 
vin?yaka vrata? ",-,pl,N.Na,43x4,128&137,Pooja,4,80,C   ,G,
8467,2528/6,"????? ???? 
yamun? p?j? ",-,pl,N.Na,43x4,132&139,Pooja,5,80,C   ,G,
8468,2528/7,"???? ????? ??????? ????? 
?r? madana?ta padman?bha vrata? ",-,pl,N.Na,43x4,140&155,Pooja,5,80,C   ,G,
8469,2529,"????? ???????? 
aitar?ya br?hma?a ",-,pl,N.Na,39x3,80,Veda,4,80,Inc,W,
8470,2530,"????? ??????? 
g?hya pray?ga? ",-,pl,N.Na,43x4,21,Gruhya- Prayoga ,5,60,Inc,D,
8471,2531,"????? ???????
g?hya pray?ga?",-,pl,N.Na,43x4,24,Gruhya- Prayoga ,&,&,Inc,D,
8472,2532,"??????????????? 
n?mali?g?nu??sana? ",???????,pl,N.Na,28x3,23,Nigantu,6,60,Inc,D,
8473,2533,"?????? ?????? 
prad??a nir?aya ",-,pl,N.Na,16x4,9,Jouitisha,5,30,Inc,D,
8474,2534/1,"????????? ????? 
?ivar?tri vrata? ",-,pl,N.Na,38x3.5,1&4,Pooja,7,64,Inc,D,
8475,2534/2,"??????????????
sama?tak?p?khy?na?",-,pl,N.Na,38x3.5,5&9,Kate,7,64,Inc,D,
8476,2534/3,"????? ???? 
??rad? p?j? ",-,pl,N.Na,38x3.5,25&36,????,7,64,Inc,D,
8477,2534/4,"???????? ????? 
??ipa?cam? vrata? ",_,pl,N.Na,38x3.5,46&55,Vrata,7,64,Inc,D,
8478,2534/5,"????? ???? 
yamun? p?j? ",-,pl,N.Na,38x3.5,56&60,Pooja,7,64,Inc,D,
8479,2534/6,"????????? ?????
am?s?mav?ra vrata?",-,pl,N.Na,38x3.5,70&76,Vrata Pooja,7,64,Inc,D,
8480,2534/7,"?????????? ????? 
bh?mam?v?sya vrata? ",-,pl,N.Na,38x3.5,77&81,Vrata,7,64,Inc,D,
8481,2534/8,"?????? ????? 
vin?yaka vrata? ",-,pl,N.Na,38x3.5,62&65,Vrata Pooja,7,64,Inc,D,
8482,2534/9,"?????????? ?????
svar?agaur? vrata?",-,pl,N.Na,38x3.5,66&69,Vrata Pooja,7,64,Inc,D,
8483,2535,"????? ???????? ??????? 
jauti?a siddh??ta sa?graha? ",-,pl,N.Na,35x4,50,Jouitisha,8,60,Inc,O,"????????????? ???? ???? ?????? ???????, ?????????????? ????????? ????????????."
8484,2536,"??? ??????? (???????????? ?????) 
apara pray?ga? (pr?ya?citta vidhi?) ",-,pl,N.Na,30x4,1&170,Gruhya- Prayoga ,7,38,Inc,O,????????? ????? ??????? ??????????.
8485,2537,"????????? ??????? ??????? 
ahit?gni sa?sk?ra pray?ga? ",-,pl,N.Na,36x4,1&34,Gruhya- Prayoga ,5,54,Inc,D,
8486,2538,"???????????????, ????? ????????? 
suma?tak?p?khy?na?, ska?da pur???kta ",-,pl,N.Na,37x4,1&5,Purana,9,90,C   ,O,
8487,2539/1,"???????? ????? ????? 
m?ttik? sn?na vidhi? ",-,pl,N.Na,38x4,45&55,Vrata Pooja,7,80,C   ,O,
8488,2539/2,"????? ????
yamun? p?j?",-,pl,N.Na,38x4,55&57,Vrata Pooja,7,80,C   ,G,
8489,2539/3,"???? ????? 
ana?ta vrata? ",-,pl,N.Na,38x4,58&60,Vrata Pooja,7,80,C   ,G,?????????? ??? ??????? ?????? ???? ?????????.
8490,2540,"??????????? 
?ivasahasran?ma ",-,pl,N.Na,39x3,64&71,Pooja,&,&,C   ,G,
8491,2541/1,"?????? ????? 
vin?yaka vrata? ",-,pl,N.Na,39x3.5,62&65,Vrata Pooja,7,80,C   ,O,
8492,2541/2,"?????????? ????? 
svar?agaur? vrata? ",-,pl,N.Na,39x3.5,66&69,Vrata Pooja,7,80,C   ,O,
8493,2541/3,"????????? ?????
am?s?mav?ra vrata?",-,pl,N.Na,39x3.5,70&76,Vrata Pooja,7,80,C   ,O,
8494,2541/4,"?????????? ????? 
bh?mam?v?sya vrata? ",-,pl,N.Na,39x3.5,6¥ÀvÀæUÀ¼ÀÄ,Vrata Pooja,7,80,Inc,O,
8495,2542,"?????????? 
aparapray?ga? ",-,pl,N.Na,40x4,60¥ÀvÀæUÀ¼ÀÄ,Gruhya- Prayoga ,5,60,Inc,D,
8496,2543,"?????????????? ????????????? 
k???????ttara sahasran?m?va?i? ",-,pl,N.Na,,,Pooja,5,50,Inc,D,? ?????????? ???????????? ???? ??????? ????????? ??????????? ?????? ??????? ???.
8497,2544,"????????? ???????? ???????? 
m?k??bik? var?am?l? st?tra? ",-,pl,N.Na,40x4,1&12,Stotra,6,60,C   ,G,????????? ????
8498,2545,"???????? ??????? 
siddh??ta ?ir?ma?i ",????????????,pl,N.Na,&,,Joutisa,11,100,Inc,D,???????? ???????? ??????????????? ??? ? ?????? ????? ???. ???? ??????? ??????????.
8499,2546,"????????? ????? 
?ivar?tri vrata? ",-,pl,N.Na,,,Vrata Pooja,7,60,Inc,O,? ?????????? ????? ???? ???? ?????????????? ??????? ???? ????????? ????????????. ?????? ???? ????????? ?????????? ?????????????.
8500,2547,"???? ???????????? 
?r? lalitasahasran?ma ",-,pl,N.Na,37x4,44&4,Pooja,26,80,Inc,D,
8501,2548,"???????? ????
ma?galagaur? vrata",-,pl,N.Na,,,Vrata Pooja,8,50,C   ,D,?????? ?????????? ??????????? ??? ????????? ? ?????????? ?????????.
8502,2549,"????????? 
s??khyay?ga ",-,pl,N.Na,23x5,5&31,Kavya,10,50,Inc,G,???? ?????? ??????? ????.
8503,2550/1,"??????? ?????? 
sarvar?ga nidh?na? ",-,pl,N.Na,42x3.5,1&40,Vaidya,6,60,Inc,G,????.??.??..?????????
8504,2551,"???????????? ??????? 
sarvarahasyas?ra sa?graha? ",-,pl,N.Na,32x3.5,1&49,Purana,5,40,C   ,O,???
8505,2552,"????? ??????? 
vaidya sa?graha? ",-,pl,N.Na,42x3.5,1&88,Vaidya,6,70,Inc,O,???
8506,2553,"???? ????? 
gaur? vrata? ",-,pl,N.Na,35x3.5,1&10,Vrata Pooja,5,50,C   ,D,???
8507,2554,"??????? ????????
sa?sk?ra prakara?a??",-,pl,N.Na,35x3.5,15,Gruhya- Prayoga ,5,50,Inc,D,???
8508,2555,"??????????????? 
n?mali?g?nu??sana? ",?????A?,vÁqÉÆÃ¯É,N.Na,34.5x5.5,27&137,Kosha,12,70,Inc,O,???? ???? ?????? ??????? ??????????.
8509,2556,"?????? ???? 
vi??u p?j? ",-,pl,N.Na,15x3,1&85,Pooja,6,30,Inc,D,????? ???? ??????? ??????????. ???? ????? ??????? ???????????.
8510,2557,"???????????? (????? ???????) 
aitar?y?pani?at (t?t?ya adhy?ya?) ",-,pl,N.Na,26x5,1&41,Upanisat,9,50,C   ,O,
8511,2558/1,"?????????? ???????
pu?y?v?caka pray?ga?",-,pl,N.Na,20x5,1&11,Gruhya- Prayoga ,9,40,C   ,G/O,
8512,2558/2,"????? ??? ???????
agni mukha pray?ga?",-,pl,N.Na,20x5,11&23,Gruhya- Prayoga ,9,40,C   ,G/O,
8513,2558/3,"??? ?????
kala?a p?jana?",-,pl,N.Na, 20x5,24&28,Pooja,9,40,C   ,G/O,
8514,2558/4,"???? ???? 
graha p?j? ",-,pl,N.Na,20x5,29&41,Pooja,9,40,C   ,G/O,
8515,2558/5,"?????????? ??????
bhuvan??var? ???ti?",-,pl,N.Na,20x5,41&48,Shanti,9,40,C   ,G/O,
8516,2558/6,"???????? ???????
garbh?d?na sa?sk?ra",-,pl,N.Na,20x5,48&50,G- Prayoga   ,9,40,C   ,G/O,
8517,2558/7,"????? ???????
s?ma?ta sa?sk?ra",-,pl,N.Na,20x5,50&53,G- Prayoga   ,9,40,C   ,G/O,
8518,2558/8,"???????? ???????
j?takakarma sa?sk?ra",-,pl,N.Na,20x5,53&54,G- Prayoga   ,9,40,C   ,G/O,
8519,2558/9,"???????????? ??? ???????
putrasv?k?ra tath? caulakarma",-,pl,N.Na,20x5,54&60,G- Prayoga   ,9,40,C   ,G/O,
8520,2559,"????????????? ????????? ???? ???? 
s?ryasiddh??ta kalpavall? ??k? sahita ",??????? ?????,pl,N.Na,&,171&224,Siddanta,8,44,Inc,G/O,???? ??? ??????? ????. (???&????)
8521,2560,"???? ?????????
d?v? mah?tmya?",-,pl,N.Na,22x4,1&32,Purana,8,48,Inc,D,
8522,2561,"???????? ???? 
ta?tras?ra ??k? ",-,pl,N.Na,21x5,1&78,Tantra,8,42,Inc,G,????? ????? ??????? ??????????.
8523,2562/1,"???????????? (???????????????????) 
brahmapur??a? (ve?ka?agirim?h?tmya?) ",-,pl,N.Na,22x5,10¥ÀvÀæUÀ¼ÀÄ,Purana,10,40,Inc,D,"?????????, ???????????."
8524,2562/2,"??????????????? 
n?mali?g?nu??sana? ",???????,pl,N.Na,38x6,1&69,Nigantu,9,52,Inc,D,???? ??????? ???????????.
8525,2562/3,"???? ????????
k?raka prakara?a??",-,pl,N.Na,37x6,1&10,Vyakarana,9,52,C   ,G/O,
8526,2562/4,"???? ????????
sam?sa prakara?a??",-,pl,N.Na,37x6,1&4,Vyakarana,9,52,C   ,O,
8527,2563,"??????????
garu?apur??a?",-,pl,N.Na,22x5,1&15,Purana,8,40,Inc,O,
8528,2564,"???????????
ska?dapur??a?",-,pl,N.Na,20x5,80,Purana,7,60,Inc,D,
8529,2565,"??????? ??????
a?vattha st?ta?",????????,pl,N.Na,20x5,1&7,Stotra,,,C   ,O/D,
8530,2566,"???????????
ska?dapur??a?",-,pl,N.Na,33x5,1&70,Purana,7,50,Inc,D,
8531,2567,"???????? ??????? ??????? 
??val?yana sm?rta pray?ga? ",-,pl,N.Na,42x4,1&5,Gruhya- Prayoga ,6,60,Inc,O,
8532,2568/1,"??????????? ????? 
jy?tista?bha vrata? ",?????,pl,N.Na,18x5,1&6,Vrata,9,20,C   ,G,
8533,2568/2,"??????????? ???? ???
jy?tista?bha vrata kath?",?????,pl,N.Na,18x5,6&8,VrataKate,9,20,C   ,G,??????????? ??????????
8534,2569/1,"??????? ???????
?hnik? pray?ga?",-,pl,N.Na,48x5,1&22,Gruhya- Prayoga ,9,65,G,O,"????????, ??????? ?????,???? ?????, ??????????, ????????? ???? ?????,???? ?????, ??????? ???????????? ????? (???????A??A) ???????? ????????, ?????????, ?????????, ????????"
8535,2569/10,"??????? ???????? ??? ???????? ???? 
up?karma utsarjana tath? an?dhy?ya k?la? ",-,pl,N.Na,48x5,29,Gruhya- Prayoga ,9,65,C   ,O,
8536,2569/11,"?????, ???????? ???????????? 
g?d?na, sam?vartana kany?vic?r?? ",-,pl,N.Na,48x5,29B,Gruhya- Prayoga ,9,65,C   ,O,
8537,2569/12,"????? ???????? 
viv?ha prakara?a?? ",-,pl,N.Na,48x5,30&36,Gruhya- Prayoga ,9,65,C   ,O,
8538,2569/13,"????????? 
sapi???kara?a ",-,pl,N.Na,48x5,37,Gruhya- Prayoga ,9,65,C   ,O,
8539,2569/14,"???? ???????? 
a?auca prakara?a?? ",-,pl,N.Na,48x5,38B&44,Gruhya- Prayoga ,9,65,C   ,O,
8540,2569/15,"??? ???????? 
d?na prakara?a?? ",-,pl,N.Na,48x5,45&51,Gruhya- Prayoga ,9,65,C   ,O,
8541,2569/16,"???? ????????? ????????
kuh? c??dr?ya?a prakara?a??",-,pl,N.Na,48x5,52&52B,Gruhya- Prayoga ,9,65,C   ,O,
8542,2569/17,"?????????? ???? ??????
pratipad?di dhay?? d?vat??",-,pl,N.Na,48x5,54&55,Gruhya- Prayoga ,9,65,C   ,O,
8543,2569/18,"???????
r?manavam?",-,pl,N.Na,48x5,55A,Gruhya- Prayoga ,9,65,C   ,O,
8544,2569/19,"?????? ????? 
n?si?ha jaya?t? ",-,pl,N.Na,48x5,55B,Gruhya- Prayoga ,9,65,C   ,O,
8545,2569/2,"?????? ???? ????? 
graha?? bh?jana vidhi? ",-,pl,N.Na,48x5,23,Gruhya- Prayoga ,9,65,C   ,G,
8546,2569/20,"????????
n?gapa?cami",-,pl,N.Na,48x5,56,Gruhya- Prayoga ,9,65,C   ,O,
8547,2569/21,"??????????
janm???ami",-,pl,N.Na,48x5,56B,Gruhya- Prayoga ,9,65,C   ,O,
8548,2569/22,"????????
??ipa?cam?",-,pl,N.Na,48x5,57,Gruhya- Prayoga ,9,65,C   ,O,
8549,2569/23,"???? ??????? 
ga???a caturth? ",-,pl,N.Na,48x5,56B,Gruhya- Prayoga ,9,65,C   ,O,
8550,2569/24,"???? ????? 
ana?ta vrata? ",-,pl,N.Na,48x5,58,Gruhya- Prayoga ,9,65,C   ,O,
8551,2569/25,"???????????
narakacaturda?i",-,pl,N.Na,48x5,60,Gruhya- Prayoga ,9,65,C   ,O,
8552,2569/26,"???????? 
rathasaptami ",-,pl,N.Na,48x5,60B,Gruhya- Prayoga ,9,65,C   ,O,
8553,2569/27,"????????? 
?ivar?tri ",-,pl,N.Na,48x5,61,Gruhya- Prayoga ,9,65,C   ,O,
8554,2569/28,"????????? ???????? 
jy?ti?ya prakara?a?? ",-,pl,N.Na,48x5,61B&69,Gruhya- Prayoga ,9,65,C   ,O,
8555,2569/3,"?????????? ?????
agnih?tra vidhi?",-,pl,N.Na,48x5,24A,Gruhya- Prayoga ,9,65,C   ,O,
8556,2569/4,"?????? ????? 
sany?sa vidhi? ",-,pl,N.Na,48x5,24B,Gruhya- Prayoga ,9,65,C   ,O,
8557,2569/5,"?????? ??????? 
pray?ga vic?r?? ",-,pl,N.Na,48x5,25A&26,Gruhya- Prayoga ,9,65,C   ,O,???????? ????? ????
8558,2569/6,"????????
garbh?d?na",-,pl,N.Na,48x5,27A,Gruhya- Prayoga ,9,65,C   ,O,
8559,2569/7,"?????? 
pu?savana ",-,pl,N.Na,48x5,27A,Gruhya- Prayoga ,9,65,C   ,O,
8560,2569/8,"??????? 
j?takarma ",-,pl,N.Na,48x5,26B,Gruhya- Prayoga ,9,65,C   ,O,
8561,2569/9,"?????????? 
annapr??ana ",-,pl,N.Na,48x5,28,Gruhya- Prayoga ,9,65,C   ,O,
8562,2570,"?????? ??? 
pray?ga s?ra ",-,pl,N.Na,48x5,1&10,Jautisha,9,70,C   ,O,? ???????????? ?. ?????? ??????? ?. ???????????
8563,2571,"???? ???????????? ?????
?r? siddhivin?yaka vrata?",-,pl,N.Na,,,Vrata,,,,,
8564,2572/1,"??????? ?????????? 
k?rtika m?h?tmya? ",-,pl,TU,25x6,1&73,Mahatme,9,40,Inc,G,???? ?????????? ?&?? ??????
8565,2572/2,"??? ?????????? 
m?gha m?h?tmya? ",?????,pl,TU,25x6,74&170,Mahatme,9,40,Inc,G,???? ?????????? ?&?? ??????
8566,2573,"?????? ?????? 
narasi?ha pur??a? ",-,pl,TU,35x5,1&41,Purana,10,50,C   ,O/D,?&?? ??????
8567,2574,"??????? ???? (????????????)                      
muh?rta ratna (vidy?m?dhav?ya)                      ",?????? ????,pl,TU,42x5,125¥ÀvÀæ,Jouitiisha,11,120,Inc,D,
8568,2575,"??????? ???? ???????
pu?y?ha v?cana pray?ga?",-,pl,TU,29x4,1&70,Gruhya- Prayoga ,7,40,C   ,G,"????? ???, ????????, ???????????, ?????, ????? ????????????."
8569,2576,"?????? ?????? 
?gv?da sa?hit? ",-,pl,TU,43x4,230,Veda,7,90,Inc,O/D/,?????? ???????? ?????
8570,2577,"?????? ??????? 
pray?ga p?rij?ta ",??????,pl,TU,25x6,1&58,Gruhya- Prayoga ,11,65,Inc,O/D,???? ??????? ??????????. ???? ?????? ??????????.
8571,2578,"????????? ?????? 
bhavi??ttara pur??a? ",?????,pl,TU,46x6,195,Purana,8,95,Inc,D,????? ??????? ??????????
8572,2579,"????? (????????????) 
?vara?e (d?rghasa?graha?) ",-,pl,TU,&,14&117,Vedanta,10,50,Inc,D,???????? ?????
8573,2580/1,"????????? ????? 
?aniprad??a vrata? ",-,pl,TU,26x4.5,1&17,Vrata,8,35,C   ,G,
8574,2580/2,"????? ??? ??????? 
pavam?na h?ma pray?ga? ",-,pl,TU,26x4.5,18&62,Gruhya- Prayoga ,8,35,C   ,G,
8575,2580/3,"??????? ???? 
ve?ka???a kalpa ",-,pl,TU,26x4.5,63&72,Pooja,8,35,C   ,G,
8576,2580/4,"??????? ???????? 
ve?ka???a sahasran?ma ",-,pl,TU,26x4.5,73&1&90,Stotra,8,35,C   ,G,
8577,2581/1,"????????????? 
putrak?m???hi ",-,pl,TU,27x5,1,G- Prayoga   ,8,40,C   ,G,
8578,2581/10,"??????????? ?????? 
graha??bhi??ka ???ti? ",-,pl,TU,27x5,12&14,Shanti,8,40,C   ,G,
8579,2581/100,"??? ????? 
udaka ???ti ",-,pl,TU,27x5,78&79&1,Shanti,8,40,C   ,G,
8580,2581/101,"?????? ????? 
ugraratha ???ti ",-,pl,TU,27x5,79&1&81,Shanti,8,40,C   ,G,
8581,2581/102,"????? ????? ????? ?????? 
?v?na marka?a d???a ???ti? ",-,pl,TU,27x5,81&1&85,Shanti,8,40,C   ,G,
8582,2581/103,"????????????????
av?k??jñy?d?na",-,pl,TU,27x5,85&86,Gruhya- Prayoga ,8,40,C   ,G,
8583,2581/104,"???? ?????? 
ta??ka ???ti? ",-,pl,TU,27x5,86&1&88,Shanti,8,40,C   ,G,
8584,2581/105,"??? ???????? ????? 
?ani tray?da?? vrata? ",-,pl,TU,27x5,88&90,Vrata,8,40,C   ,G,
8585,2581/106,"?????? ????? ????? 
samudra sn?na vidhi? ",-,pl,TU,27x5,90&1&94,Gruhya- Prayoga ,8,40,C   ,G,
8586,2581/107,"???? ????? 
gaur? vrata? ",-,pl,TU,27x5,94&95,Vrata,8,40,C   ,G,
8587,2581/108,"?????? ??? ?????? 
vaik?ti janana ???ti? ",-,pl,TU,27x5,96&1&97,Shanti,8,40,C   ,G,
8588,2581/109,"?? ??????? ??? ?????? 
?ka nak?atra janana ???ti? ",-,pl,TU,27x5,96&,Shanti,8,40,C   ,G,
8589,2581/11,"????? ?????? 
?tu?la ???ti? ",-,pl,TU,27x5,14&15,Shanti,8,40,C   ,G,
8590,2581/110,"??????? ?????? ?????? 
nak?atra ga????ta ???ti? ",-,pl,TU,27x5,96&1&97,Shanti,8,40,C   ,G,
8591,2581/111,"??? ?????? 
vadhu ???ti? ",-,pl,TU,27x5,107&1&101,Shanti,8,40,C   ,G,
8592,2581/112,"??? ?????? ?????? 
madhu chatr?ka ???ti? ",-,pl,TU,27x5,101&102,Shanti,8,40,C   ,G,?????? ??????? ????? ???? ????? ??????? ??? &????????? ?????? ???????: ???????? ???? ?????? 
8593,2581/12,"??? ?????? 
?tu ???ti? ",-,pl,TU,27x5,15&17,Shanti,8,40,C   ,G,
8594,2581/13,"????????? 
dar?a???ti ",-,pl,TU,27x5,17&18,Shanti,8,40,C   ,G,
8595,2581/14,"?????? ?????? 
valm?ka ???ti? ",-,pl,TU,27x5,18&19&1,Shanti,8,40,C   ,G,
8596,2581/15,"??????????? ?????? 
vidyutp?ta ???ti? ",-,pl,TU,27x5,19&1&20,Shanti,8,40,C   ,G,
8597,2581/16,"??? ?????? ?????? 
vi?a ga????ta ???ti? ",-,pl,TU,27x5,20&,Shanti,8,40,C   ,G,
8598,2581/17,"??? ?????? 
madhu ???ti? ",-,pl,TU,27x5,20&1&21,Shanti,8,40,C   ,G,
8599,2581/18,"??????? ?????? 
vi?an??? ???ti? ",-,pl,TU,27x5,21&2,Shanti,8,40,C   ,G,
8600,2581/19,"?????? ?????? 
ga????ta ???ti? ",-,pl,TU,27x5,21&1&22,Shanti,8,40,C   ,G,
8601,2581/2,"????????????? 
putraparigraha?a ",-,pl,TU,27x5,2&3,G- Prayoga   ,8,40,C   ,G,
8602,2581/20,"?????? ???? ?????? 
dak?i?a k??i ???ti? ",-,pl,TU,27x5,22&,Shanti,8,40,C   ,G,
8603,2581/21,"???? ?????? 
kadal? ???ti? ",-,pl,TU,27x5,22&1&23,Shanti,8,40,C   ,G,
8604,2581/22,"??? ????? ????? ?????? 
k?ka sa?y?ga dar?ana ???ti? ",-,pl,TU,27x5,23,Shanti,8,40,C   ,G,
8605,2581/23,"???? ?????? 
kap?ta ???ti? ",-,pl,TU,27x5,23&1,Shanti,8,40,C   ,G,
8606,2581/24,"???? ?????? 
kuh? ???ti? ",-,pl,TU,27x5,24&26,Shanti,8,40,C   ,G,
8607,2581/25,"????? ?????? 
?ithila ???ti? ",-,pl,TU,27x5,26,Shanti,8,40,C   ,G,
8608,2581/26,"??????? ??????  
nimitta ???ti?  ",-,pl,TU,27x5,26&1,Shanti,8,40,C   ,G,
8609,2581/27,"????? ??? ?????? 
sahada?ta janana ???ti? ",-,pl,TU,27x5,26&1&27,Shanti,8,40,C   ,G,
8610,2581/28,"?????? ?????? 
svapna ???ti? ",-,pl,TU,27x5,27&28,Shanti,8,40,C   ,G,
8611,2581/29,"???? ?????? 
v?yasa ???ti? ",-,pl,TU,27x5,28&1&29,Shanti,8,40,C   ,G,
8612,2581/3,"???? ????? ???????? ????? 
datta putra parigraha?a vidhi? ",-,pl,TU,27x5,3&4,Gruhya- Prayoga ,8,40,C   ,G,?????? ?????
8613,2581/30,"????????? ?????????? ?????? 
am?v?sy? pratham?rthava ???ti? ",-,pl,TU,27x5,29&1&,Shanti,8,40,C   ,G,
8614,2581/31,"??????? ?????? 
??l??? ???ti? ",-,pl,TU,27x5,30&31,Shanti,8,40,C   ,G,
8615,2581/32,"??? ??????? ?????? 
m?la nak?atra ???ti? ",-,pl,TU,27x5,31&32&1,Shanti,8,40,C   ,G,
8616,2581/33,"????????? ??????  
m?l?bhi??ka ???ti?  ",-,pl,TU,27x5,35&37,Shanti,8,40,C   ,G,
8617,2581/34,"????? ???  ?????? 
g?mukha janana  ???ti? ",-,pl,TU,27x5,37&39,Shanti,8,40,C   ,G,
8618,2581/35,"??????????? ?????? 
m?tul?ri??a ???ti? ",-,pl,TU,27x5,37&39,Shanti,8,40,C   ,G,
8619,2581/36,"???? ?????? 
yak?a ???ti? ",-,pl,TU,27x5,39&1&40,Shanti,8,40,C   ,G,
8620,2581/37,"??????? ?????? 
sarvar?ga ???ti? ",-,pl,TU,27x5,40&,Shanti,8,40,C   ,G,
8621,2581/38,"??????? ?????? 
k?ttima ???ti? ",-,pl,TU,27x5,40&1&41,Shanti,8,40,C   ,G,
8622,2581/39,"????? ?????? ??????
?atru pray?ga ???ti?",-,pl,TU,27x5,41&,Gruhya- Prayoga ,8,40,C   ,G,
8623,2581/4,"????? ???? 
dattaka vi?aya ",-,pl,TU,27x5,4&5,Gruhya- Prayoga ,8,40,C   ,G,
8624,2581/40,"????? ?????? 
jan?gara ???ti? ",-,pl,TU,27x5,41&1&42,Shanti,8,40,C   ,G,
8625,2581/41,"????????? ?????? 
abhuktam?la ???ti? ",-,pl,TU,27x5,42&43,Shanti,8,40,C   ,G,
8626,2581/42,"??????? ??? ?????? 
pa?cagraha y?ga ???ti? ",-,pl,TU,27x5,43&,Shanti,8,40,C   ,G,??????
8627,2581/43,"??? ????? ?????? 
p?ga s?ma?ta ???ti? ",-,pl,TU,27x5,44&1&45,Shanti,8,40,C   ,G,
8628,2581/44,"?????? ?????? 
adbhuta ???ti? ",-,pl,TU,27x5,45&1&,Shanti,8,40,C   ,G,
8629,2581/45,"????? ??? ?????? 
pak?i patana ???ti? ",-,pl,TU,27x5,45&1&46,Shanti,8,40,C   ,G,
8630,2581/46,"??????? ????????? 
vi?an??? ?tu???ti? ",-,pl,TU,27x5,46&1&48,Shanti,8,40,C   ,G,??????????????
8631,2581/47,"?????? ???????? ?????????? ?????? 
vaidh?ti vyat?p?ta pratham?rthava ???ti? ",-,pl,TU,27x5,48&1&49,Shanti,8,40,C   ,G,
8632,2581/48,"????????? ???????? ?????? 
am?v?sy? rajodar?ana ???ti? ",-,pl,TU,27x5,49&,Shanti,8,40,C   ,G,
8633,2581/49,"????? ??????? ??? ????? ?????? 
du??a nak?atra raj? dar?ana ???ti? ",-,pl,TU,27x5,49&1&50,Shanti,8,40,C   ,G,
8634,2581/5,"???? ????? ????? ???? 
datta putra graha?a vi?aya ",-,pl,TU,27x5,5&1&6,Gruhya- Prayoga ,8,40,C   ,G,
8635,2581/50,"????? ???????? ??? ?????? 
k???a catudar?? janana ???ti? ",-,pl,TU,27x5,50&,Shanti,8,40,C   ,G,
8636,2581/51,"???????? ??????? ?????? 
k?ttik? nak?atra ???ti? ",-,pl,TU,27x5,50&1&52,Shanti,8,40,C   ,G,
8637,2581/52,"?????? ??????? ?????? 
r?hi?i nak?atra ???ti? ",-,pl,TU,27x5,52&1&53,Shanti,8,40,C   ,G,
8638,2581/53,"?????? ??????? ?????? 
m?ga?ira nak?atra ???ti? ",-,pl,TU,27x5,53&,Shanti,8,40,C   ,G,
8639,2581/54,"??????? ??????? ?????? 
?rdr? nak?atra ???ti? ",-,pl,TU,27x5,53&1&54,Shanti,8,40,C   ,G,
8640,2581/55,"???????? ??????? ?????? 
punarvasu nak?atra ???ti? ",-,pl,TU,27x5,54&,Shanti,8,40,C   ,G,
8641,2581/56,"????? ??????? ?????? 
pu?ya nak?atra ???ti? ",-,pl,TU,27x5,54&,Shanti,8,40,C   ,G,
8642,2581/57,"??????? ?????? 
??l??? ???ti? ",-,pl,TU,27x5,54&,Shanti,8,40,C   ,G,
8643,2581/58,"??? ??????? ?????? 
magh? nak?atra ???ti? ",-,pl,TU,27x5,54&1,Shanti,8,40,C   ,G,
8644,2581/59,"?????? ??????? ?????? 
hubb? nak?atra ???ti? ",-,pl,TU,27x5,54&1,Shanti,8,40,C   ,G,
8645,2581/6,"????????????
a?vatth?panayana",-,pl,TU,27x5,6&8,Gruhya- Prayoga ,8,40,C   ,G,
8646,2581/60,"????? ??????? ?????? 
uttama nak?atra ???ti? ",-,pl,TU,27x5,54&1,Shanti,8,40,C   ,G,
8647,2581/61,"???? ??????? ?????? 
hasta nak?atra ???ti? ",-,pl,TU,27x5,54&1&55,Shanti,8,40,C   ,G,
8648,2581/62,"?????? ??????? ?????? 
citr? nak?atra ???ti? ",-,pl,TU,27x5,55,Shanti,8,40,C   ,G,
8649,2581/63,"?????? ??????? ?????? 
sv?ti nak?atra ???ti? ",-,pl,TU,27x5,55&,Shanti,8,40,C   ,G,
8650,2581/64,"????? ??????? ?????? 
vi??kha nak?atra ???ti? ",-,pl,TU,27x5,55,Shanti,8,40,C   ,G,
8651,2581/65,"????????? ?????? 
paur?am?si ???ti? ",-,pl,TU,27x5,55,Shanti,8,40,C   ,G,
8652,2581/66,"?????? ?????? 
anur?dha ???ti? ",-,pl,TU,27x5,55&1,Shanti,8,40,C   ,G,
8653,2581/67,"??? ??????? ?????? 
m?la nak?atra ???ti? ",-,pl,TU,27x5,55&1,Shanti,8,40,C   ,G,
8654,2581/68,"????????????? ?????? 
uttar?nak?atra ???ti? ",-,pl,TU,27x5,55&1,Shanti,8,40,C   ,G,
8655,2581/69,"??????? ?????? 
abhijit ???ti? ",-,pl,TU,27x5,56,Shanti,8,40,C   ,G,
8656,2581/7,"????? ??? ?????? 
pall? patana ???ti? ",-,pl,TU,27x5,8&9,Shanti,8,40,C   ,G,
8657,2581/70,"????? ?????? 
?rava?a ???ti? ",-,pl,TU,27x5,56,Shanti,8,40,C   ,G,
8658,2581/71,"?????? ??????? ?????? 
dhani??ha nak?atra ???ti? ",-,pl,TU,27x5,56,Shanti,8,40,C   ,G,
8659,2581/72,"????? ??????? ?????? 
?atabhi?a nak?atra ???ti? ",-,pl,TU,27x5,56,Shanti,8,40,C   ,G,
8660,2581/73,"?????????? ??????? ?????? 
p?rvabh?dra nak?atra ???ti? ",-,pl,TU,27x5,56&1&,Shanti,8,40,C   ,G,
8661,2581/74,"?????????? ??????? ?????? 
uttarabh?dra nak?atra ???ti? ",-,pl,TU,27x5,56&1,Shanti,8,40,C   ,G,
8662,2581/75,"????? ?????? 
r?vat? ???ti? ",-,pl,TU,27x5,56&1,Shanti,8,40,C   ,G,
8663,2581/76,"??????? ??????? ?????? 
a?vini nak?atra ???ti? ",-,pl,TU,27x5,56&1,Shanti,8,40,C   ,G,
8664,2581/77,"???? ??????? ?????? 
bhara?? nak?atra ???ti? ",-,pl,TU,27x5,57&,Shanti,8,40,C   ,G,
8665,2581/78,"?????? ?????? 
k??adahana ???ti? ",-,pl,TU,27x5,57&1&58,Shanti,8,40,C   ,G,
8666,2581/79,"??? ????? 
v?ra ???ti ",-,pl,TU,27x5,58,Shanti,8,40,C   ,G,
8667,2581/8,"????????? ?????? 
vasuda???di ???ti? ",-,pl,TU,27x5,9&1&10,Shanti,8,40,C   ,G,
8668,2581/80,"?????????? ????? 
r?g?tpanna lak?a?a ",-,pl,TU,27x5,58&1&59,Shanti,8,40,C   ,G,
8669,2581/81,"????? ?????? 
ma???ka ???ti? ",-,pl,TU,27x5,59&,Shanti,8,40,C   ,G,
8670,2581/82,"????????? ??? ?????? 
k?kavi??h? patana ???ti? ",-,pl,TU,27x5,59&1&60,Shanti,8,40,C   ,G,
8671,2581/83,"?????? ?????? 
anasthana ???ti? ",-,pl,TU,27x5,60,Shanti,8,40,C   ,G,
8672,2581/84,"????? ???????? 
putra k?m???hi ",-,pl,TU,27x5,60&1&61,Gruhya- Prayoga ,8,40,C   ,G,
8673,2581/85,"??? ????? 
h?ma vidhi? ",-,pl,TU,27x5,61&,Gruhya- Prayoga ,8,40,C   ,G,
8674,2581/86,"????? ???? ?????? 
anastha mahi?a ???ti? ",-,pl,TU,27x5,61&1&63,Shanti,8,40,C   ,G,
8675,2581/87,"????? ?????? 
ma???ka ???ti? ",-,pl,TU,27x5,63,Shanti,8,40,C   ,G,
8676,2581/88,"??????? ???? ??????? ?????? 
bh?nuv?ra janma nak?atra ???ti? ",-,pl,TU,27x5,63&1&64,Shanti,8,40,C   ,G,
8677,2581/89,"?????? ???? ??????? ?????? 
kujav?ra janma nak?atra ???ti? ",-,pl,TU,27x5,64&1&65,Shanti,8,40,C   ,G,
8678,2581/9,"????? ?????? 
graha?a ???ti? ",-,pl,TU,27x5,10&12,Shanti,8,40,C   ,G,
8679,2581/90,"?????? ???? ??????? ?????? 
ma?dav?ra janma nak?atra ???ti? ",-,pl,TU,27x5,65&66,Shanti,8,40,C   ,G,
8680,2581/91,"???????? ??????? ?????? 
pu?y?di nak?atra ???ti? ",-,pl,TU,27x5,66&67,Shanti,8,40,C   ,G,
8681,2581/92,"??? ??????? ?????? 
pa?ca grahay?ga ???ti? ",-,pl,TU,27x5,67&68,Shanti,8,40,C   ,G,
8682,2581/93,"?????? ???????? ?????? 
graha?? janan?rtava ???ti? ",-,pl,TU,27x5,68&69,Shanti,8,40,C   ,G,
8683,2581/94,"?????? ?????? 
?ditya ???ti? ",-,pl,TU,27x5,69&70,Shanti,8,40,C   ,G,
8684,2581/95,"?????? ??? ?????? 
navagraha y?ga ???ti? ",-,pl,TU,27x5,70&72,Shanti,8,40,C   ,G,
8685,2581/96,"???????????? ???? ??? ?????? 
k?ty?yan?kta graha y?ga ???ti? ",-,pl,TU,27x5,72&74,Shanti,8,40,C   ,G,
8686,2581/97,"??????? ???? ??? ?????? 
yamal?kta graha y?ga ???ti? ",-,pl,TU,27x5,74&76,Shanti,8,40,C   ,G,
8687,2581/98,"?????????? ?????? 
pa?cam?ri??a ???ti? ",-,pl,TU,27x5,76&79,Shanti,8,40,C   ,G,
8688,2581/99,"??????? ?????? 
abjag?ra ???ti? ",-,pl,TU,27x5,77&78,Shanti,8,40,C   ,G,
8689,2582,"????????? ???? 
m?k??bik? bhajane ",-,pl,N.Na,28x4,174,Gruhya- Prayoga ,6,52,C   ,,????: ???????
8690,2583,"?????? ?????? 
?gv?da sa?hit? ",-,pl,TU,28x4,1&21,Veda,6,52,C   ,,????: ???????
8691,2584/1,"???? ??? ????? 
?yuta h?ma vidhi? ",-,pl,N.Na,36x5,1&9,Gruhya- Prayoga ,9,58,C   ,,????: ???????
8692,2584/10,"??? ?????? ??????
k?ka prav??a ???ti?",-,pl,N.Na,36x5,40&42,Shanti,9,58,C   ,,????: ???????
8693,2584/11,"???????????? ??? ?????
k?lam?tyu?jaya h?ma vidhi?",-,pl,N.Na ,36x5,9&19,G- Prayoga   ,9,58,C   ,,????: ???????
8694,2584/12,"???? ??????
kadal? ???ti?",???????? ??????? ,pl,N.Na,36x5,42&43,Shanti,9,58,C   ,,????: ???????
8695,2584/13,"???????? ??????
b?haspat? ???ti?",-,pl,N.Na,36x5,43&45,Shanti,9,58,C   ,,????: ???????
8696,2584/14,"????? ????? ????? ??????
?v?na marka?a dar?ana ???ti?",-,pl,N.Na,36x5,45&46,Shanti,9,58,C   ,,????: ???????
8697,2584/15,"?????? ??????
svapna ny?ya?",-,pl,N.Na ,36x5,46&48,Nyaya,9,58,C   ,,????: ???????
8698,2584/16,"?????? ??????
svapna ???ti?",-,pl,N.Na,36x5,48,Shanti,9,58,C   ,,????: ???????
8699,2584/17,"????? ??? ??????
pall? patana ???ti?",-,pl,N.Na,36x5,54&58,Shanti,9,58,C   ,,????: ???????
8700,2584/18,"???? ?????? ??????
mahi?a prav??a ???ti?",-,pl,N.Na,36x5,58&59,Shanti,9,58,C   ,,????: ???????
8701,2584/19,"?? ??? ??????
g? janana ???ti?",-,pl,N.Na,36x5,59&60,Shanti,9,58,C   ,,????: ???????
8702,2584/2,"?????? ??????????? ?????? 
?aniv?ra janmanak?atra ???ti? ",-,pl,N.Na,36x5,17&17,Gruhya- Prayoga ,9,58,C   ,,????: ???????
8703,2584/20,"??? ??????
m?la ???ti?",-,pl,N.Na,36x5,60&65,Shanti,9,58,C   ,,????: ???????
8704,2584/21,"????????? ??? ?????? 
?kanak?atra janana ???ti? ",-,pl,N.Na,36x5,66&67,Shanti,9,58,C   ,,????: ???????
8705,2584/22,"????? ??????
graha?a ???ti?",-,pl,N.Na,36x5,67&68,Shanti,9,58,C   ,,????: ???????
8706,2584/23,"???????????
sarpasa?sk?ra",-,pl,N.Na,36x5,72&77,G- Prayoga   ,9,58,C   ,,????: ???????
8707,2584/24,"???? ??? ??????
dar?a janana ???ti?",-,pl,N.Na,36x5,78&79,Shanti,9,58,C   ,,????: ???????
8708,2584/25,"?????????? ??????
pratham?rthava ???ti?",-,pl,N.Na,36x5,79&80,Shanti,9,58,C   ,,????: ???????
8709,2584/26,"??????? ??? ??????
vi?an??i janana ???ti?",-,pl,N.Na,36x5,80&81,Shanti,9,58,C   ,,????: ???????
8710,2584/27,"???? ??? ??????
ta??ka janana ???ti?",-,pl,N.Na,36x5,81&82,Shanti,9,58,C   ,,????: ???????
8711,2584/28,"??? ??? ??????
yamala janana ???ti?",-,pl,N.Na,36x5,84&85,Shanti,9,58,C   ,,????: ???????
8712,2584/29,"?????? ???? ??????
dhani??ha pa?caka ???ti?",-,pl,N.Na,36x5,85&87,Shanti,9,58,C   ,,????: ???????
8713,2584/3,"??????? ??????
sarpapatana ???ti?",-,pl,N.Na,36x5,18&19,Gruhya- Prayoga ,9,58,C   ,,????: ???????
8714,2584/30,"?????? ??????? ??? ??????
r?hi?? nak?atra janana ???ti?",-,pl,N.Na,36x5,87&88,Shanti,9,58,C   ,,????: ???????
8715,2584/31,"???? ??????
kuh? ???ti?",??????????,pl,N.Na,36x5,88&88,Shanti,9,58,C   ,,????: ???????
8716,2584/32,"???? ??????
kuh? ???ti?",????????,pl,N.Na,36x5,89&91,Shanti,9,58,C   ,,????: ???????
8717,2584/33,"??????? ??????
pa?cagraha ???ti?",-,pl,N.Na,36x5,91&92,Shanti,9,58,C   ,,????: ???????
8718,2584/34,"?????????? ??????
saptapray?ga ???ti?",-,pl,N.Na,36x5,82&83,Gruhya- Prayoga ,9,58,C   ,,????: ???????
8719,2584/35,"?????????
mah?ny?sa?",-,pl,N.Na,36x5,84&86,Mantra,9,58,C   ,,????: ???????
8720,2584/36,"?????? ?????
ugraratha ???ti",-,pl,N.Na,36x5,1&5,Shanti,9,58,C   ,,????: ???????
8721,2584/4,"??????? ??????
grahay?ga ???ti?",??????????,pl,N.Na,36x5,21&32,Gruhya- Prayoga ,9,58,C   ,,????: ???????
8722,2584/5,"?????? ??? ?????? 
??d?lana bha?ga ???ti? ",??????????,pl,N.Na,36x5,32&34,Gruhya- Prayoga ,9,58,C   ,,????: ???????
8723,2584/6,"??? ??? ?????? 
da?ta janana ???ti? ",-,pl,N.Na,36x5,34&34,Gruhya- Prayoga ,9,58,C   ,,????: ???????
8724,2584/7,"???????????? ???????? ??????
am?v?sy?y?? raj?dar?ana ???ti?",-,pl,N.Na ,36x5,24&26,Shanti,9,58,C   ,,????: ???????
8725,2584/8,"??????????? ??????
k?kapi??hapatana ???ti?",-,pl,N.Na,36x5,38&40,Shanti,9,58,C   ,,????: ???????
8726,2584/9,"???????? ??????
k?kamaithuna ???ti?",-,pl,N.Na,36x5,40&41,Shanti,9,58,C   ,,????: ???????
8727,2585/1,"?????????? ?????
janm???ami vrata?",-,pl,N.Na ,15x4.5,1&9,Vrata Pooja,7,34,C   ,,????: ???????
8728,2585/10,"??????
mah?saura",-,pl,N.Na,15x4.5,80&98,Vrata,7,34,C   ,,????: ???????
8729,2585/11,"??????? ???
pa?cagavya h?ma",-,pl,N.Na,15x4.5,99&100,G- Prayoga   ,7,34,C   ,,????: ???????
8730,2585/12,"????????
ga?apatih?ma",-,pl,N.Na,15x4.5,100&121,G- Prayoga   ,7,34,C   ,,????: ???????
8731,2585/2,"????????? ?????
?ivar?tri vrata?",-,pl,N.Na ,15x4.5,9&14,Vrata,7,34,C   ,,????: ???????
8732,2585/3,"???????????
graha?ama?tra?",-,pl,N.Na,15x4.5,15&17,Mantra,7,34,C   ,,????: ???????
8733,2585/4,"?????? ???????? ?????
s?mav?ra am?v?sya vrata?",-,pl,N.Na,15x4.5,18&36,Vrata Pooja,7,34,C   ,,????: ???????
8734,2585/5,"????????????
?r?s?ktah?ma",-,pl,N.Na,15x4.5,38&41,G- Prayoga   ,7,34,C   ,,????: ???????
8735,2585/6,"?????????
arkaviv?ha",-,pl,N.Na,15x4.5,41&43,G- Prayoga   ,7,34,C   ,,????: ???????
8736,2585/7,"????? ???
pavam?na h?ma",-,pl,N.Na,15x4.5,44&62,G- Prayoga   ,7,34,C   ,,????: ???????
8737,2585/8,"??? ?????
udaka ???ti",-,pl,N.Na,15x4.5,62&63,Shanti,7,34,C   ,,????: ???????
8738,2585/9,"??????????
?ivasa?kalpa?",-,pl,N.Na,15x4.5,63&78,Mantra,7,34,C   ,,????: ???????
8739,2586,"???????
r?m?ya?a?",????????,pl,N.Na,15x4.5,1&95,Itihasa,7,34,C   ,D,????: ???????
8740,2587/1,"???? ?????
ana?ta vrata?",-,pl,N.Na,24x5,1&25,Vrata,7,40,C   ,,????: ???????
8741,2587/2,"????? ?????
tu?as? vrata?",-,pl,N.Na,24x5,25&28,Vrata,7,40,C   ,,????: ???????
8742,2587/3,"?????????? ????
vighn??vara p?j?",-,pl,N.Na,24x5,28&32,Pooja,7,40,C   ,,????: ???????
8743,2587/4,"?????? ?????
vin?yaka vrata?",-,pl,N.Na,24x5,32&46,Vrata,7,40,C   ,,????: ???????
8744,2587/5,"???? ???
ana?ta kath?",-,pl,N.Na,24x5,100&124,Kate,7,40,C   ,,????: ???????
8745,2588/1,"??????????? / ?????? ??????
ma?trasa?hit? / vi??u s?kta?",-,pl,N.Na,21x5,1&5,Stotra,7,34,C   ,,????: ???????
8746,2588/10,"????? ?????
pavam?na s?kta",,,N.Na,21x5,,Stotra,,,,,
8747,2588/2,"??????????
rudras?kta",-,pl,N.Na,21x5,5&8,Stotra,7,34,C   ,,????: ???????
8748,2588/3,"?????????
dh?tus?kta",-,pl,N.Na,21x5,8&10,Stotra,7,34,C   ,,????: ???????
8749,2588/4,"???????????
v?manas?ktama?",-,pl,N.Na,21x5,10&15,Stotra,7,34,C   ,,????: ???????
8750,2588/5,"??????????
s?ryavarga?",-,pl,N.Na,21x5,16&20,Stotra,7,34,C   ,,????: ???????
8751,2588/6,"????????
g?s?kta?",-,pl,N.Na,21x5,20&30,Stotra,7,34,C   ,,????: ???????
8752,2588/7,"????????????
saubh?gyas?kta",-,pl,N.Na,21x5,30&50,Stotra,7,34,C   ,,????: ???????
8753,2588/8,"??????????????
r?k??ghnas?kta",-,pl,N.Na,21x5,50&57,Stotra,7,34,C   ,,????: ???????
8754,2588/9,"????????????? ??????????
vai?yad?vas?kta pavam?nas?kta",-,pl,N.Na,21x5,57&87,Stotra,7,34,C   ,,"????: ??????? ????: ???????, ???????? ?????????? ?????????????????????????? ???????"
8755,2589,"?????????? ?????
agni???ma vidhi?",-,pl,N.Na,36x5.5,1&169,G- Prayoga   ,10,60,&,,
8756,2590,"???????????, ???????????? ?????
brahmahaty?, pr?ya?citta vidhi?",-,pl,N.Na,34x5,1&219,G- Prayoga   ,8,68,C   ,,????? ???????? ????????????????. ????: ???????
8757,2591,"?????? ???????
???ti? pray?ga?",-,pl,N.Na ,35x5,180,Gruhya- Prayoga ,8,58,Inc,D,????: ???????. 
8758,2592,"??????
m?dhav?ya",?????????? ,pl,N.Na,35x5,1&187,Jouitiisa,8,46,C   ,,
8759,2593,"??????? ???
r?m?ya?a? kath?",-,pl,N.Na,27x5,25,Kate,6,40,Inc,,????: ???????
8760,2594/1,"???? ?????
sam?sa cakra?",-,pl,N.Na,22x5,1&26,Vyakarana,7,24,C   ,,????: ???????
8761,2594/2,"?????? ????????
?gv?da s?kt?ni",-,pl,N.Na,22x5,&,Veda,7,24,C   ,,????: ???????
8762,2594/3,"???????? ??????
dhanva?tar? nigha??u",-,pl,N.Na,22x5,26&59,Nigantu,7,24,C   ,,????: ???????
8763,2594/4,"???????? ????
tu?gabhadra p?j?",-,pl,N.Na,22x5,60&71,Pooja,7,24,C   ,,????: ???????
8764,2594/5,"?????? ????????? ?????
s?mav?ra am?v?sy? vrata?",-,pl,N.Na,22x5,76&92,Vrata,7,24,C   ,,????: ???????
8765,2595,"???? ??? ?????????? ???????
?r? r?ma pa???bhi??ka pray?ga?",-,pl,N.Na,22x4,1&173,Gruhya- Prayoga ,7,36,C   ,,????: ???????
8766,2596/1,"?????????
guptad?na?",-,pl,N.Na,32x4,1&2,Gruhya- Prayoga ,8,64,C   ,,????: ???????
8767,2596/10,"??? ??????
?tu ???ti?",-,pl,N.Na,32x4,14&15,Shanti,8,64,C   ,,????: ???????
8768,2596/11,"?????? ??????
navagraha ???ti?",-,pl,N.Na,32x4,25&34,Shanti,8,64,C   ,,????: ???????
8769,2596/12,"?????? ????
navagraha p?j?",-,pl,N.Na,32x4,15&25,Pooja,8,64,C   ,,????: ???????
8770,2596/13,"?????? ????
navagraha d?na?",-,pl,N.Na,32x4,41&46,Gruhya- Prayoga ,8,64,C   ,,????: ???????
8771,2596/14,"????????? ??????
pur???kta d?n?ni",-,pl,N.Na,32x4,46&47,Gruhya- Prayoga ,8,64,C   ,,????: ???????
8772,2596/15,"???????? ????
cira?j?vi p?j?",-,pl,N.Na,32x4,47&48,Pooja,8,64,C   ,,????: ???????
8773,2596/16,"???????? ??? ??????
kr?rav?ra janana ???ti?",-,pl,N.Na,32x4,48&49,Shanti,8,64,C   ,,????: ???????
8774,2596/17,"??????? ??????
gurud??a ???ti?",-,pl,N.Na,32x4,59&60,Shanti,8,64,C   ,,????: ???????
8775,2596/18,"????? ???????? ??????
balah?na grah???? ???ti?",-,pl,N.Na,32x4,59&60,Shanti,8,64,C   ,,????: ???????
8776,2596/19,"??????????? ??????
dvigrahay?ga ???ti?",????????,pl,N.Na,32x4,60&61,Shanti,8,64,C   ,,????: ???????
8777,2596/2,"?????????? ??????
kanyatvahara?a ???ti?",-,pl,N.Na,32x4,2&3,Shanti,8,64,C   ,,????: ???????
8778,2596/20,"????????? ??? ??????
sa?kr??ti janana ???ti?",????????,pl,N.Na,32x4,61&62,Shanti,8,64,C   ,,????: ???????
8779,2596/21,"????? ??????, ?????? ?????
upar?ga ???ti?, abhi??ka vidhi?",-,pl,N.Na,32x4,62&63,Shanti,8,64,C   ,,????: ???????
8780,2596/22,"???? ??????
kuh? ???ti?",????????? ?????????,pl,N.Na,32x4,67&71,Shanti,8,64,C   ,,????: ???????
8781,2596/23,"???? ??????
kuh? ???ti?",??????ð???,pl,N.Na,32x4,71&72,Shanti,8,64,C   ,,????: ???????
8782,2596/24,"??????? ??? ??????
nak?atra janana ???ti?",-,pl,N.Na,32x4,73&90,Shanti,8,64,C   ,,????: ???????
8783,2596/25,"???????? ??????
pall?patana ???ti?",-,pl,N.Na,32x4,90&97,Shanti,8,64,C   ,,????: ???????
8784,2596/26,"???????? ??????
k?kamaithuna ???ti?",-,pl,N.Na,32x4,97&100,Shanti,8,64,C   ,,????: ???????
8785,2596/27,"???????? ??????
k?kamaithuna ???ti?",????????,pl,N.Na,32x4,100&101,Shanti,8,64,C   ,,????: ???????
8786,2596/28,"???? ?????? ??????
v?yasa prav??a ???ti?",-,pl,N.Na,32x4,101&102,Shanti,8,64,C   ,,????: ???????
8787,2596/29,"????????? ??????
a?gaspa?dana ???ti?",-,pl,N.Na,32x4,104&107,Shanti,8,64,C   ,,????: ???????
8788,2596/3,"?????????? ????
sa?t?nag?p?la d?na?",-,pl,N.Na,32x4,3,Gruhya- Prayoga ,8,64,C   ,,????: ???????
8789,2596/30,"?????? ???????? ??????
mah?r?ga prat?k?ra ???ti?",-,pl,N.Na,32x4,107,Shanti,8,64,C   ,,????: ???????
8790,2596/31,"?????? ??? ??????
adhir?ga hara?a ???ti?",-,pl,N.Na,32x4,108,Shanti,8,64,C   ,,????: ???????
8791,2596/32,"?????????????? ??????
agnim??dyagara?a ???ti?",-,pl,N.Na,32x4,108,Shanti,8,64,C   ,,????: ???????
8792,2596/33,"??????? ???????? ??????
madhukarta pip?lik? ???ti?",-,pl,N.Na,32x4,109&111,Shanti,8,64,C   ,,????: ???????
8793,2596/34,"?????????? ??????
tripu?kara ???ti?",??????????????,pl,N.Na,32x4,112&114,Shanti,8,64,C   ,,????: ???????
8794,2596/35,"???? ??????
kadal? ???ti?",-,pl,N.Na,32x4,114&116,Shanti,8,64,C   ,,????: ???????
8795,2596/36,"????????? ??????
n?n?vik?ra ???ti?",-,pl,N.Na,32x4,118,Shanti,8,64,C   ,,????: ???????
8796,2596/37,"??? ???? ??? ??????
da?ta sahita janana ???ti?",-,pl,N.Na,32x4,118,Shanti,8,64,C   ,,????: ???????
8797,2596/38,"??????? ????? ??????
pratim? vik?ra ???ti?",-,pl,N.Na,32x4,119&122,Shanti,8,64,C   ,,????: ???????
8798,2596/39,"????????? ??????
sarv??vara ???ti?",-,pl,N.Na,32x4,122&127,Shanti,8,64,C   ,,????: ???????
8799,2596/4,"????? ????
r?vat? p?j?",-,pl,N.Na,32x4,5&7,Pooja,8,64,C   ,,????: ???????
8800,2596/40,"??????? ??????
??tajvara ???ti?",-,pl,N.Na,32x4,127,Shanti,8,64,C   ,,????: ???????
8801,2596/41,"????????? ??? ??????
m?l??l??a janana ???ti?",-,pl,N.Na,32x4,127&140,Shanti,8,64,C   ,,????: ???????
8802,2596/42,"????????? ??? ??????
m?l??l??a janana ???ti?",??????????,pl,N.Na,32x4,127&141,Shanti,8,64,C   ,,????: ???????
8803,2596/43,"???????? ??????
sin?v?l? ???ti?",-,pl,N.Na,32x4,140&141,Shanti,8,64,C   ,,????: ???????
8804,2596/44,"???????? ??????
sarv?m?ta ???ti?",-,pl,N.Na,32x4,141&145,Shanti,8,64,C   ,,????: ???????
8805,2596/45,"?????? ??????
valm?ka ???ti?",-,pl,N.Na,32x4,146,Shanti,8,64,C   ,,????: ???????
8806,2596/46,"??????? ??????
a?an?p?ta ???ti?",-,pl,N.Na,32x4,146&150,Shanti,8,64,C   ,,????: ???????
8807,2596/47,"?? ??? ??? ??????
g? mukha janana ???ti?",-,pl,N.Na,32x4,151&154,Shanti,8,64,C   ,,????: ???????
8808,2596/48,"?????????? ??????
pa?cam?ri??a ???ti?",?????????ö??,pl,N.Na,32x4,154,Shanti,8,64,C   ,,????: ???????
8809,2596/49,"????????, ???????? ??? ??????
sa?kr?t?, vyat?p?ta janana ???ti?",-,pl,N.Na,32x4,155&157,Shanti,8,64,C   ,,????: ???????
8810,2596/5,"???????? ????
ca?drik? p?j?",-,pl,N.Na,32x4,7&8,Pooja,8,64,C   ,,????: ???????
8811,2596/50,"?????? ???? ??? ??????
pariv??a k?l? janana ???ti?",-,pl,N.Na,32x4,158&159,Shanti,8,64,C   ,,????: ???????
8812,2596/51,"????? ??? ??????
yugma janana ???ti?",-,pl,N.Na,32x4,159&160,Shanti,8,64,C   ,,????: ???????
8813,2596/52,"????? ???????? ??? ??????
k???a caturda?? janana ???ti?",????????,pl,N.Na,32x4,163&164,Shanti,8,64,C   ,,????: ???????
8814,2596/53,"??????? ??????
dar?ajanana ???ti?",????????,pl,N.Na,32x4,164&165,Shanti,8,64,C   ,,????: ???????
8815,2596/54,"???? ??????? ??? ?????? 
m?l? nak?atra janana ???ti? ",??????????,pl,N.Na,32x4,165&171,Shanti,8,64,C   ,,????: ???????
8816,2596/55,"??????? ??? ??????
??l??? janana ???ti?",?????????????,pl,N.Na,32x4,171&177,Shanti,8,64,C   ,,????: ???????
8817,2596/56,"????????, ???? ??? ??????
sin?v?l?, kuh? janana ???ti?",????? ??????,pl,N.Na,32x4,178&180,Shanti,8,64,C   ,,????: ???????
8818,2596/57,"????????, ???? ??? ??????
sin?v?l?, kuh? janana ???ti?",????????,pl,N.Na,32x4,180&181,Shanti,8,64,C   ,,????: ???????
8819,2596/58,"?????? ??????
ga????ta ???ti?",-,pl,N.Na,32x4,182&183,Shanti,8,64,C   ,,????: ???????
8820,2596/59,"????? ??????? ??? ??????
du??ha nak?atra janana ???ti?",-,pl,N.Na,32x4,184&185,Shanti,8,64,C   ,,????: ???????
8821,2596/6,"?????? ????? ??????
?bhic?ra k?tya ???ti?",-,pl,N.Na,32x4,8&9,Shanti,8,64,C   ,,????: ???????
8822,2596/60,"?????????? ??? ??? ??????
pratham?rthava d??a janana ???ti?",-,pl,N.Na,32x4,186&207,Shanti,8,64,C   ,,????: ???????
8823,2596/61,"?????? ??????
svapna ???ti?",-,pl,N.Na,32x4,207&211,Shanti,8,64,C   ,,????: ???????
8824,2596/62,"????????? ??????
kap?tapi?gala ???ti?",-,pl,N.Na,32x4,211,Shanti,8,64,C   ,,????: ???????
8825,2596/63,"????? ?????? ??????
?a?bhuka prav??a ???ti?",-,pl,N.Na,32x4,211&212,Shanti,8,64,C   ,,????: ???????
8826,2596/64,"?????????????
svapn?dhy?ya?",-,pl,N.Na,32x4,214&224,Jouitisa,8,64,C   ,,????: ???????
8827,2596/65,"????? ??????
ma???ka ???ti?",-,pl,N.Na,32x4,224&226,Shanti,8,64,C   ,,????: ???????
8828,2596/66,"????????
madhu???ti",-,pl,N.Na,32x4,227,Shanti,8,64,C   ,,????: ???????
8829,2596/67,"?????????????
a?vatth?panayana?",-,pl,N.Na,32x4,228&238,G- Prayoga   ,8,64,C   ,,????: ???????
8830,2596/7,"??? ??????
?tu ???ti?",-,pl,N.Na,32x4,9,Shanti,8,64,C   ,,????: ???????
8831,2596/8,"?????????? ??????
ku??ar?gahara ???ti?",-,pl,N.Na,32x4,10&13,Shanti,8,64,C   ,,????: ???????
8832,2596/9,"????? ????
mahi?i d?na?",-,pl,N.Na,32x4,13,Gruhya- Prayoga ,8,64,C   ,,????: ???????
8833,2597/1,"????????? (?????????)
?i?up?lavadha (t?t?yasarga)",???????,pl,N.Na,30x5,1&27,Kavya,9,45,C   ,,????? ???????? ????
8834,2597/2,"?????
??sana?",-,pl,N.Na,30x5,1&2,General,9,45,C   ,,
8835,2598,"?????????????? (????????????? ????????)
ta?trasudh?nidhi? (prav?s?pasth?na prakara?a??)",-,pl,N.Na,,1&98,tantra,10,60,C   ,,????: ???????
8836,2599,"?????? ??????? ??? ??????? (??????)
brahma m?m??s? s?ra sa?graha? (m?m??sa)",?????????? ??????,pl,TU,34x5,37,Mimamsa,11,15,Inc,D,???? ??????? ??????????
8837,2600/1,"?????? ??? ???????
?gv?da apara pray?ga?",-,pl,N.Na,24x6,1&35,Gruhya- Prayoga ,7,30,C   ,,????: ???????
8838,2600/2,"?????????? ?????
v???tsarga vidhi?",-,pl,N.Na,25x6,1&8,G- Prayoga   ,7,31,C   ,,????: ???????
8839,2601,"???????? ?????????? ?????? (??????? ??????) 
??val?yana ?rautas?tra bh??ya? (pray?ga? d?pik?) ",?????????,pl,TU,18x5,1&145,Gruhya- Prayoga ,9,30,C   ,G,
8840,2602,"???????? ????? (??????????)
??val?yana s?tra (?rautas?tra)",????????,pl,TU,19x4,1&142,G- Prayoga   ,8,25,Inc,D,?????????/ ??????????
8841,2603/1,"???? ???? ??????? 
???a?a karma pray?ga? ",-,pl,TU,19x5,1&66,Gruhya- Prayoga ,8,30,Inc,G,?????? ????????????? ??????? ??????? ? ???? ???????? ??????
8842,2603/2,"????? ??? ????? 
pall? patana lak?a?a ",-,pl,TU,19x5,109&113,Shanti,8,30,C   ,G,
8843,2603/3,"??????? ??? 
sarvapatana ?la? ",-,pl,TU,19x5,113&117,Shanti,8,30,C   ,G,
8844,2603/4,"???????????? 
svapn?dhy?ya ",-,pl,TU,19x5,117&118,Gruhya- Prayoga ,8,30,C   ,G,
8845,2603/5,"??????????? ????? 
sa?dhy?va?dan? vidhi? ",-,pl,TU,19x5,118,Gruhya- Prayoga ,8,30,Inc,G,
8846,2603/6,"???????? ????? 
??ipa?cam? vrata? ",-,pl,TU,19x5,119&120,Vrata,8,30,C   ,G,
8847,2604,"???????? ????? 
siddh??ta ??khara? ",???????,pl,TU,27x5,1&141,Jouitisha,9,40,C   ,G,
8848,2605,"??? ??????? 
apara pray?ga? ",?????????,pl,TU,26x5,1&140,Gruhya- Prayoga ,12,45,C   ,G,
8849,2606,"?????? 
bh?gavata? ",?????,pl,TU,60x5,1&271,Purana,8,125,Inc,D,????? ??????? ??????????.????????????A? ??? ?????? ???
8850,2607,"???????? ?????????? ?????? (??????? ??????)
??val?yana ?rautas?tra bh??ya? (pray?ga? d?pik?)",?????????,pl,TU,48x6,1&97,Gruhya- Prayoga ,15,90,Inc,G,
8851,2608,"???????? ???????? (??? ????????)
?a??vi??a br?hma?a (v?da br?hma?a)",-,pl,TU,39x6,1&108,Bramana,8,75,Inc,G,????????? ??????? ???????
8852,2609/1,"???????? ??????? 
?dhy?tma r?m?ya?a? ",-,pl,TU,39x5,1&150,Itihasa,10,60,C   ,G,?????? ??? & ??.???????? ???? ?????? ????? ??????? ????? ?????????? ?? ?????? ??? ????????? ?????????????.
8853,2609/2,"??????? ????? 
r?manavam? vrata? ",-,pl,TU,39x5,1&5,Vrata,10,60,C   ,G,????????????A?
8854,2609/3,"??? ?????????? 
r?ma pa???bhi??ka ",-,pl,TU,,6&9,Vrata,10,60,C   ,G,??A??? ?????????? ????????? ??? ???? ??????? ??? ?????????? ????????.
8855,2610,"???????? 
mah?bh?rata? ",?????,pl,TU,39x5,1&76,Itihasa,9,70,Inc,O,?A?? ???? ???????? ? ???? ????????? ???A?????????? TU ????? ?????? ???.
8856,2611/1,"??? ??????? 
pa?u pray?ga? ",-,pl,TU,25x5,1&20,Gruhya- Prayoga ,11,40,C   ,G,
8857,2611/2,"????? ??????? 
saumika pray?ga? ",-,pl,TU,21x125,,Gruhya- Prayoga ,11,40,C   ,O/D,????????
8858,2611/3,"???????????? ????? 
pr?ya?citta vidhi? ",-,pl ,TU,25x5,6,Gruhya- Prayoga ,11,40,Inc,D,
8859,2612,"???????????? ???????? ??????? 
durg?h?tsava b?lautsava pray?ga? ",-,pl,TU,20x5,1&110,Gruhya- Prayoga ,10,30,C   ,G,
8860,2613/1,"????? ???????
?rauta pray?ga?",-,pl,TU,26x5.5,1&115,Gruhya- Prayoga ,14,50,C   ,G,????? ??? ??????? ??????
8861,2613/2,"?????? ??????? 
v?jap?ya pray?ga? ",-,pl,TU,26x5.5,1&24,Gruhya- Prayoga ,14,50,C   ,G,
8862,2614,"????? ??????? 
utsava pray?ga? ",-,pl,TU,19x5.5,1&83,Gruhya- Prayoga ,9,25,C   ,G,????????????????
8863,2615,"??????????????? 
n?mali?g?nu??sana? ",???????,pl,TU,34x5,1&212,Nigantu,10,60,C   ,G,
8864,2616,"??????? ??? ??????? 
a??ay?ga s?ra sa?graha? ",-,pl,TU,,1&176,Vaidya,10,65,Inc,G,
8865,2617/1,"????? ?????? ??????? 
rudra paddhati paribh??? ",-,pl,TU,22x4.5,1&78,Gruhya- Prayoga ,7,25,??,G/O/,?????? ???????? ???????? ????????
8866,2617/2 ,"???????????????? ????? 
mah?rudr?nu??h?na vidhi? ",-,pl,TU,22x4.5,60,Gruhya- Prayoga ,7,25,Inc,G,
8867,2618,"???????????? ?????????? ??? 
?la?jy?ti?ya lak??dhipati ?la? ",-,pl,TU,19x4,1&99,Jouitisha,10,40,C   ,O/D,
8868,2619,"?????? ?????? ???? ?????? 
?gv?da sa?hit? ??kala sa?hit? ",-,pl,TU,34x5,1&222,Veda,10,50,Inc,O/D,????? ?????????? ??????? ?????? ?????
8869,2620,"??????? 
r?m?ya?a? ",????????,pl,TU,49x5,1&84,Itihasa,10,100,Inc,O/D,????? ???? ????? ?????????? ????? 
8870,2621,"?????? ??????
?gv?da sa?hit?",-,pl,TU,28x6,1&168,Veda,11,65,Inc,O/D,"?,?,?,,? ?????? ?????"
8871,2622,"?????? ?????? 
?gv?da sa?hit? ",-,pl,TU,41x6,1&197,Veda,11,175,Inc,G/O,"?,?,?,?,??????"
8872,2623/1,"????? ??? ????? 
sn?na pavana vidhi? ",-,pl,TU,21x6,1&3,Gruhya- Prayoga ,11,25,C   ,G,
8873,2623/2,"??????? 
pu?y?ha ",-,pl,TU,21x6,3&6,Gruhya- Prayoga ,11,25,C   ,G,
8874,2623/3,"??? ?????? 
udaka ???ti? ",-,pl,TU,21x6,6&12,Shanti,11,25,C   ,G,
8875,2623/4,"????? ??? ??????? 
agni mukha pray?ga? ",-,pl,TU,25x6,12&13,Gruhya- Prayoga ,11,25,C   ,G,
8876,2623/5,"???????? ??????? 
anv?d?na pray?ga? ",-,pl,TU,25x6,14&140,Gruhya- Prayoga ,11,25,C   ,G,
8877,2624,"??? ??????? 
s?ma pray?ga? ",?A??,pl,TU,21x5,1&174,Gruhya- Prayoga ,12,40,C   ,G,????????
8878,2625,"????????????? 
kir?t?rjun?ya ",?????,pl,TU,32x4,1&220,Kavya,9,80,C   ,O/D,
8879,2626,"???????? ????????
taittar?ya br?hma?a",??? ????????,pl,TU,33x4,23,Bramana,10,80,Inc,O/D/W,???? ??????? ??????????.
8880,2627,"??????????? 
ska?dapur??a? ",-,pl,TU,21x4,1&154,Purana,8,35,C   ,G,
8881,2628,"???? ?????????? 
d?v? m?h?tmya? ",?????,pl,TU,15.5x5,1&72,Mahatme,11,30,C   ,G,???????? ??????????
8882,2629,"??????? ??????????????? 
para?ur?ma k??tr?tpatti ",-,pl,TU,21x5,1&197,General,11,30,Inc,G,
8883,2630,"???????????? 
?la?jy?ti?ya ",-,pl,TU,25x5.5,1&99,Jouitisha,12,45,Inc,G,"???: ???????, ???????? ????? ??????? ???????? ?????????."
8884,2631,"??????? ?????????? 
k?rtika m?h?tmya? ",?????,pl,TU,22x5,1&113,Mahatme,11,35,C   ,G,
8885,2632/1,"?????? ??????
?gv?da sa?hit?",-,pl,TU,33x5,1&141,Veda,9,55,Inc,O,"????? ??????, ????? ??????? ????."
8886,2632/2,"???????? ??????? 
agnimukha pray?ga? ",????????,pl,TU,33x5,31&51,Gruhya- Prayoga ,9,55,,,? ?????????? TU ????? ???? ???.
8887,2633,"???????????? ??????? 
dar?ap?r?am?sa pray?ga? ",-,pl,TU,26x6.5,1&39,Gruhya- Prayoga ,10,30,Inc,G,
8888,2634,"??? ?????? (?????) 
mah? pur??a? (ska?da) ",-,pl,TU,,1&87,Purana,10,110,Inc,O,???A? ?????????? ?&?? ?????????? ???. ?????? TU ????????? ????????.
8889,2635,"?????? ?????? 
?gv?da sa?hit? ",-,pl,TU,38x6,1&169,Veda,11,90,Inc,G,"?,?,?,? ??????"
8890,2636/1,"??????? ???? ????? 
pu?y?ha v?cana vidhi? ",-,pl,TU,19.5x6,1&42,Gruhya- Prayoga ,11,30,Inc,G,
8891,2636/2,"????????? ??????? 
sth?l?p?ka pray?ga? ",-,pl,TU,19.5x6,3&27,Gruhya- Prayoga ,11,30,Inc,G,
8892,2637,"?????????? (??????)
sarv?gamas?ra (?aiv?gama)",-,pl,TU,28x5,1&118,Agama,11,60,Inc,O/D,???? ??????? ???????????.
8893,2638/1 ,"??? ???? ?????? 
pa?ca graha ???ti? ",-,pl,TU,21x4,1&3,Shanti,8,25,C   ,G,
8894,2638/10,"?????????? ???? ??????
dak?i??mukha kadal? ???ti?",-,pl,TU,21x4,12&13,Shanti,8,25,C   ,G,
8895,2638/11,"???? ?????? 
kap?ta ???ti? ",-,pl,TU,21x4,13&14,Shanti,8,25,C   ,G,
8896,2638/12,"?????? ??? ?????? 
?ithili janana ???ti? ",-,pl,TU,21x4,14&1&15,Shanti,8,25,C   ,G,
8897,2638/13,"????????? ?????? 
du?svapna ???ti? ",-,pl,TU,21x4,16&17,Shanti,8,25,C   ,G,
8898,2638/14,"???? ??? ?????? 
sada?ta janana ???ti? ",-,pl,TU,21x4,15&16,Shanti,8,25,C   ,G,
8899,2638/15,"????????? ??? ????? ??? 
k?kasvar?a k?ka vi??a ?la? ",-,pl,TU,21x4,17&1&18,Shanti,8,25,C   ,G,
8900,2638/16,"???? ?????? 
v?yasa ???ti? ",-,pl,TU,21x4,18&1&19,Shanti,8,25,C   ,25,
8901,2638/17,"???????? ?????? ?????? 
vyatip?ta vaidh?ti ???ti? ",-,pl,TU,21x4,20&,Shanti,8,25,C   ,G,
8902,2638/18,"??????? ??????? ?????? 
??l??? nak?atra ???ti? ",-,pl,TU,21x4,21&22,Shanti,8,25,C   ,G,
8903,2638/19,"??? ??? ?????? 
m?la janana ???ti? ",-,pl,TU,21x4,30&33,Shanti,8,25,C   ,G,
8904,2638/2,"??? ?????? 
k?pa ???ti? ",-,pl,TU,21x4,3&5,Shanti,8,25,C   ,G,
8905,2638/20,"?????????? ?????? 
m?lanak?atra ???ti? ",-,pl,TU,21x4,30&33,Shanti,8,25,C   ,G,
8906,2638/21,"?? ??? ??? ?????? 
g? mukha janana ???ti? ",-,pl,TU,21x4,33&1&37,Shanti,8,25,C   ,G,
8907,2638/22,"??? ??????? ?????? 
m?la nak?atra ???ti? ",-,pl,TU,21x4,27&1&,Shanti,8,25,C   ,G,
8908,2638/23,"?? ??? ??? ?????? 
g? mukha janana ???ti? ",-,pl,TU,21x4,27&1&28,Shanti,8,25,C   ,G,
8909,2638/24,"????? ??????? ??? ?????? 
j???ha nak?atra janana ???ti? ",-,pl,TU,21x4,38&1&42,Shanti,8,25,C   ,G,
8910,2638/25,"?????? ??????? ??? ?????? 
r?hi?i nak?atra janana ???ti? ",-,pl,TU,21x4,42&44&1,Shanti,8,25,C   ,G,
8911,2638/26,"???? ?????? 
yak?a ???ti? ",-,pl,TU,21x4,44&1&45,Shanti,8,25,C   ,G,
8912,2638/27,"??????? ?????? 
sarvar?ga ???ti? ",-,pl,TU,21x4,46&1&47,Shanti,8,25,C   ,G,
8913,2638/28,"?????? ?????? 
abhic?ra ???ti? ",-,pl,TU,21x4,47&,Shanti,8,25,C   ,G,
8914,2638/29,"??????? ?????? 
k?ttima ???ti? ",-,pl,TU,21x4,47&1&,Shanti,8,25,C   ,G,
8915,2638/3,"????????? ??? ?????? 
am?v?sy? janana ???ti? ",-,pl,TU,21x4,5&1&6,Shanti,8,25,C   ,G,
8916,2638/30,"????? ?????? 
?atru ???ti? ",-,pl,TU,21x4,47&1&48,Shanti,8,25,C   ,G,
8917,2638/31,"????? 
janag?ra ",-,pl,TU,21x4,47&1&48,Shanti,8,25,C   ,G,
8918,2638/32,"?????? ????? ??? ?????? 
abhukta putra d??a ???ti? ",-,pl,TU,21x4,48&1&49,Shanti,8,25,C   ,G,
8919,2638/33,"???? ?????? 
kuh? ???ti? ",-,pl,TU,21x4,49&1&52,Shanti,8,25,C   ,G,
8920,2638/34,"??????? ?????? 
mahi?ad?na ???ti? ",-,pl,TU,21x4,52&56,Shanti,8,25,C   ,G,
8921,2638/35,"???????? ??? 
apam?tyu h?ma ",-,pl,TU,21x4,56&57,Shanti,8,25,C   ,G,
8922,2638/36,"?????? ??? 
?yu?ya h?ma ",-,pl,TU,21x4,57&1&58,Shanti,8,25,C   ,G,
8923,2638/37,"?? ??????? ?????? 
?ka nak?atra ???ti? ",-,pl,TU,21x4,58&,Shanti,8,25,C   ,G,
8924,2638/38,"?????? ?????? 
ga????ta ???ti? ",-,pl,TU,21x4,58&1&59,Shanti,8,25,C   ,G,
8925,2638/39,"???????? ?????? 
r??itraya ???ti? ",-,pl,TU,21x4,59&1&60,Shanti,8,25,C   ,G,
8926,2638/4,"??????????????? ?????? 
v?lm?k?tpatti ???ti? ",-,pl,TU,21x4,6&1&8,Shanti,8,25,C   ,G,
8927,2638/40,"????? ?????? 
ma???ka ???ti? ",-,pl,TU,21x4,60&61,Shanti,8,25,C   ,G,
8928,2638/41,"??? ??????? ???????? 
m?la nak?atra caturda?? ",-,pl,TU,21x4,61&68,Shanti,8,25,C   ,G,
8929,2638/42,"????? ??? ?????? 
pall? sara?a ???ti? ",-,pl,TU,21x4,68&69,Shanti,8,25,C   ,G,
8930,2638/43,"????? ???????? ?????? 
agni m??ik?di ???ti? ",-,pl,TU,21x4,69&1&70,Shanti,8,25,C   ,G,
8931,2638/44,"???????? ?????? 
y?n?r?ha?a ???ti? ",-,pl,TU,21x4,70,Shanti,8,25,C   ,G,
8932,2638/45,"??? ?????? 
?tu ???ti? ",-,pl,TU,21x4,70&1&75,Shanti,8,25,C   ,G,
8933,2638/46,"?????????? ?????? 
pa?cam?ri??ha ???ti? ",-,pl,TU,21x4,76&78,Shanti,8,25,C   ,G,
8934,2638/47,"????? ?????? 
ana?uha ???ti? ",-,pl,TU,21x4,78&1&82,Shanti,8,25,C   ,G,
8935,2638/48,"??? ??? ????? 
tila h?ma vidhi? ",-,pl,TU,21x4,82&83,Shanti,8,25,C   ,G,
8936,2638/49,"??? ?????? 
p?ga ???ti? ",-,pl,TU,21x4,83&1&84,Shanti,8,25,C   ,G,
8937,2638/5,"??????????? ?????? 
vidyutp?ta ???ti? ",-,pl,TU,21x4,8&9,Shanti,9,25,C   ,G,
8938,2638/50,"???? ?????? ????? 
a?va ???ti? vidhi? ",-,pl,TU,21x4,84&85,Shanti,8,25,C   ,G,
8939,2638/51,"????? ??????? ?????? 
pak?i prap?tana ???ti? ",-,pl,TU,21x4,85&1&87,Shanti,8,25,C   ,G,
8940,2638/52,"??????? ???? ??????? ??????
bh?nuv?ra janma nak?atra ???ti?",-,pl,TU,21x4,87&88,Shanti,8,25,C   ,G,
8941,2638/53,"?????? ???? ??????? ?????? 
bhaumav?ra janma nak?atra ???ti? ",-,pl,TU,21x4,88&89,Shanti,8,25,C   ,G,
8942,2638/54,"?????? ???? ??????? ?????? 
ma?dav?ra janma nak?atra ???ti? ",-,pl,TU,21x4,89&90,Shanti,8,25,C   ,G,
8943,2638/55,"????????? ??? ?????? 
sa?kr??ti janana ???ti? ",-,pl,TU,21x4,90&91,Shanti,8,25,C   ,G,
8944,2638/56,"????? ???????? ????????? 
k???a caturda?? janana???ti? ",-,pl,TU,21x4,91&1&93,Shanti,8,25,C   ,G,
8945,2638/57,"????????? 
guha???ti? ",-,pl,TU,21x4,93&102,Shanti,8,25,C   ,G,
8946,2638/58,"?????? ??????? ?????? 
graha?? pras?ti ???ti? ",-,pl,TU,21x4,102&120,Shanti,8,25,C   ,G,
8947,2638/59,"????? ????? ????? 
agni k?rya vidhi? ",-,pl,TU,21x4,121&249,Gruhya- Prayoga ,8,25,C   ,G,
8948,2638/6,"????????? ??????
vi?aga????ta ???ti?",-,pl,TU,21x4,9&,Shanti,8,25,C   ,G,
8949,2638/7,"????????? 
madhu???ti? ",-,pl,TU,21x4,9&10,Shanti,8,25,C   ,G,
8950,2638/8,"??????? ?????? 
vi?an??i ???ti? ",-,pl,TU,21x4,10&11,Shanti,8,25,C   ,G,
8951,2638/9,"??????? ?????? ?????? 
nak?atra ga????ta ???ti? ",-,pl,TU,21x4,11&12,Shanti,8,25,C   ,G,
8952,2639,"???? ???????? ???? 
arca ratn?va?i ??k? ","(???) ????? ????, ?????? ????",pl,TU,21x4,1&87,Tantramantragama,7,25,C   ,G,
8953,2640,"???? ?????????? 
d?v? m?h?tmya? ",?????,pl,TU,14x6,1&83,Mahatme,12,25,C   ,G,
8954,2641,"???????? ?????? 
anu??h?na paddhati ",-,pl,TU,38x5,1&102,Tantramantragama,9,60,C   ,G,
8955,2642,"??? ???? ????? 
pa?ca p?j? vidhi? ",-,pl,TU,26x5,1&43,Tantramantragama,9,35,C   ,G,
8956,2643/1,"???? ??????? 
r?ghava p???an?ya ",?????? ?????,pl,TU,25x4,1&93,Kavya,8,50,C   ,G,
8957,2643/2,"??????? ??????? 
p??in?ya vy?kara?a ",??????,pl,TU,25x4,94&170,Vyakarana,8,50,Inc,G,
8958,2644,"???? ???????????? ????? 
?r? siddhivin?yaka vrata? ",-,pl,TU,,,Vrata,,,,,
8959,2645,"??????????????? 
n?mali?g?nu??sana? ",?????A?,pl,TU,26x5,35,Nigantu,8,40,Inc,O/D,
8960,2646,"???????????? ???????????? ?????? (??????)
prakriy??te pr?ti??khy? bh??ya? (v?d??ga)",-,pl,TU,37x5,180,Gruhya- Sutra,10,90,Inc,O/D,
8961,2647,"????? ?????? 
?ry? saptati ",?????????,pl,TU,18x5,1&58,Jouitisha,16,35,C   ,G/O,
8962,2648,"??????? ????????? 
satyatapo vy?khy?na ",-,pl,TU,25x6,3&17,Veda Mantra Sangraha,11,40,Inc,G,
8963,2649,"?????????????? 
k???ayajusa?hit? ",-,pl,TU,25x6,137&207,Veda,9,45,Inc,G,
8964,2650,"????????? 
?ukraj?taka ",???????????,pl,TU,21x4,34,Jouitisha,9,45,Inc,G,
8965,2651,"????????? ???????
jy?ti?ya sa?graha?",-,pl,N.Na,19x5.5,10&32,Jouitisha,11,40,Inc,,"????: ???????, ??? ????? ????? ????? ?????????? ????: ???????"
8966,2652/1,"?????????? ??????? 
a?ty???hi paddhati? ",-,pl,N.Na,21x4,1&42,Gruhya- Prayoga ,8,42,C   ,,????: ???????
8967,2652/2,"??????????? ????? 
sarpasa?sk?ra vidhi? ",-,pl,N.Na,21x4,1&5,Gruhya- Prayoga ,8,42,C   ,,????: ???????
8968,2653/1,"??????? ??? ?????? 
nak?atra janana ???ti? ",-,pl,N.Na,18x5,1&13,Gruhya- Prayoga ,9,27,C   ,,????: ???????
8969,2653/2,"???????? ?????? 
b?haspati ???ti? ",-,pl,N.Na,18x5,13&17,Gruhya- Prayoga ,9,27,C   ,,????: ???????
8970,2653/3,"??????? ??????
pa?cakamara?a ???ti?",-,pl,N.Na,18x5,18&22,Gruhya- Prayoga ,9,27,C   ,,????: ???????
8971,2653/4,"??????????????? ??? ??????
jy???h?nak?atra janana ???ti?",-,pl,N.Na,18x5,23&33,Gruhya- Prayoga ,9,27,C   ,&,????: ???????
8972,2653/5,"????????? ????????? 
m?rka???ya p?j?vidhi? ",-,pl,N.Na,18x5,34&36,Gruhya- Prayoga ,9,27,C   ,&,????: ???????
8973,2653/6,"?????? ?????? 
ugraratha ???ti? ",-,pl,N.Na,18x5,36&70,Gruhya- Prayoga ,9,27,Inc,&,"????: ???????, ???? ??????? ??????????."
8974,2654/1,"?????? ???????
n?makara?a pray?ga?",-,pl,N.Na,21x5,2&4,Gruhya- Prayoga ,8,26,C   ,&,????: ???????
8975,2654/10,"??????? ???????
madhuparka pray?ga?",-,pl,N.Na,21x5,41&42,Gruhya- Prayoga ,8,26,C   ,,????: ???????
8976,2654/11,"????? ??? ????? 
viv?ha h?ma vidhi? ",-,pl,N.Na,21x5,42&50,Gruhya- Prayoga ,8,26,C   ,,????: ???????
8977,2654/12,"????? ????? 
aup?sana vidhi? ",-,pl,N.Na,21x5,51&57,Gruhya- Prayoga ,8,26,C   ,,????: ???????
8978,2654/13,"???????
pu?savana?",-,pl,N.Na,21x5,57&58,Gruhya- Prayoga ,8,26,C   ,,????: ???????
8979,2654/2,"????? ????? 
??d?la vidhi? ",-,pl,N.Na,21x5,4&5,Gruhya- Prayoga ,8,26,C   ,,????: ???????
8980,2654/3,"??????????
ni?krama?a?",-,pl,N.Na,21x5,5,Gruhya- Prayoga ,8,26,C   ,,????: ???????
8981,2654/4,"??????? ????? 
caulakarma vidhi? ",-,pl,N.Na,21x5,6&11,Gruhya- Prayoga ,8,26,C   ,,????: ???????
8982,2654/5,"????? ???????
upanayana pray?ga?",-,pl,N.Na,21x5,12&21,Gruhya- Prayoga ,8,26,C   ,,????: ???????
8983,2654/6,"??????? 
up?karma ",-,pl,N.Na,21x5,22&28,Gruhya- Prayoga ,8,26,C   ,,????: ???????
8984,2654/7,"???????? ????? 
utsarjana vidhi? ",-,pl,N.Na,21x5,29&32,Gruhya- Prayoga ,8,26,C   ,,????: ???????
8985,2654/8,"???????? 
sam?vartana ",-,pl,N.Na,21x5,33&38,Gruhya- Prayoga ,8,26,C   ,,????: ???????
8986,2654/9,"????????? 
kany?vara?a? ",-,pl,N.Na,21x5,38&40,Gruhya- Prayoga ,8,26,C   ,,????: ???????
8987,2655,"???????? ??????? 
?dhy?tma r?m?ya?a? ",????????,pl,N.Na,37x5.5,1&154,Kavya,9,44,C   ,,"????: ???????, ????? ????? ????? (???), ???? ?????? ???????? ?????? ???? ???????? ???????? ?????????,???????A?????"
8988,2656,"?????? 
m?dhav?ya ",?????????? ?????,pl,N.Na,5x22.5,1&220,Jouitisha,10,30,C   ,,????: ???????
8989,2657,"???????? ??????? 
p?rv?para pray?ga? ",-,pl,N.Na,28x5,2&122,Kavya,9,54,C   ,,????: ???????
8990,2658,"??????? ?????????
r?m?ya?a? su?darak???a",????????,pl,N.Na,24x5,1&84,Kavya,9,54,Inc,,????: ???????
8991,2659,"????????????? 
lalit?sahasran?ma ",-,pl,N.Na,26x5,1&15,Stotra,7,40,C   ,,"????: ???????, ???? ?????? ??????????."
8992,2660,"?????? ????? 
jaimini bh?rata? ",?????? ??????,pl,N.Na,52x6,1&72,Kavya,11,96,Inc,W,????: ???????
8993,2661,"???????
pray?ga?",-,pl,N.Na,30x5,138&281,Gruhya- Prayoga ,9,60,Inc,,"????: ???????, ???? ??????? ??????????."
8994,2662,"??????? ??????? 
upani?at sa?graha? ",-,pl,N.Na,28x4,1&30,Upanisat,9,60,Inc,,"????: ???????, ???? ??????? ??????????."
8995,2663/ 10,"????? 
upanayana ",-,pl,N.Na,10x3,20&26,Gruhya- Prayoga ,6,34,C   ,,????: ???????
8996,2663/ 11,"??????? 
up?karma ",-,pl,N.Na,10x3,26&29,Gruhya- Prayoga ,6,34,C   ,,????: ???????
8997,2663/ 12,"????????? 
utsarjana? ",-,pl,N.Na,10x3,30&32,Gruhya- Prayoga ,6,34,C   ,,????: ???????
8998,2663/ 13,"?????????
sam?vartana?",-,pl,N.Na,10x3,33&41,Gruhya- Prayoga ,6,34,C   ,,????: ???????
8999,2663/ 14,"????????? 
kany?vara?a? ",-,pl,N.Na,10x3,41&49,Gruhya- Prayoga ,6,34,C   ,,????: ???????
9000,2663/ 15,"?????????? 
g?haprav??a? ",-,pl,N.Na,10x3,50&55,Gruhya- Prayoga ,6,34,C   ,,????: ???????
9001,2663/ 16,"?????? 
tilah?ma ",-,pl,N.Na,10x3,57&60,Gruhya- Prayoga ,6,34,Inc,,????: ???????
9002,2663/1,"??????? ??????? (???????????) 
sa?sk?ra pray?ga? (a?kur?rpa?a?) ",-,pl,N.Na,10x3,9&10,Gruhya- Prayoga ,6,34,C   ,,????: ???????
9003,2663/2,"?????????
garbh?d?na?",-,pl,N.Na,10x3,10&11,Gruhya- Prayoga ,6,34,C   ,,????: ???????
9004,2663/3,"???????
pu?savana?",-,pl,N.Na,10x3,11&12,Gruhya- Prayoga ,6,34,C   ,,????: ???????
9005,2663/4,"????????????
s?ma?t?nnayana?",-,pl,N.Na,10x3,12&14,Gruhya- Prayoga ,6,34,C   ,,????: ???????
9006,2663/5,"????????
j?takakarma",-,pl,N.Na,10x3,14&15,Gruhya- Prayoga ,6,34,C   ,,????: ???????
9007,2663/6,"??????? 
n?makara?a? ",-,pl,N.Na,10x3,15&16,Gruhya- Prayoga ,6,34,C   ,,????: ???????
9008,2663/7,"??????????
ni?krama?a?",-,pl,N.Na,10x3,16,Gruhya- Prayoga ,6,34,C   ,,????: ???????
9009,2663/8,"??????????? 
annapr??ana? ",-,pl,N.Na,10x3,16,Gruhya- Prayoga ,6,34,C   ,,????: ???????
9010,2663/9,"??????? ????? 
caulakarma vidhi? ",-,pl,N.Na,10x3,17&19,Gruhya- Prayoga ,6,34,C   ,,????: ???????
9011,2664,"????????
a??am??aka?",-,pl,N.Na,25x5,1&50,Gruhya- Prayoga ,10,46,Inc,&,????: ???????
9012,2665/ 10,"???????? ?????? 
sin?v?l? ???ti? ",????????,pl,N.Na,34x5,12&13,Gruhya- Prayoga ,6,84,C   ,,????: ???????
9013,2665/ 11,"????? ??? ?????? 
pall? patana ???ti? ",??????ð???,pl,N.Na,34x5,14&17,Gruhya- Prayoga ,6,84,C   ,,????: ???????
9014,2665/ 14,"??????? ??? ?????? 
vi?an??i janana ???ti? ",?????????????,pl,N.Na,34x5,19&21,Gruhya- Prayoga ,6,84,C   ,,????: ???????
9015,2665/ 15,"????? ?????????? ??? ?????? 
du??a nak?atr?di janana ???ti? ",-,pl,N.Na,34x5,21&124,Gruhya- Prayoga ,6,84,C   ,,????: ???????
9016,2665/1,"?????? ???????
???ti? pray?ga?",??????????,pl,N.Na,34x5,1&1,Gruhya- Prayoga ,6,84,C   ,,????: ???????
9017,2665/12,"?? ??? ?????? 
g? janana ???ti? ",??????????,pl,N.Na,34x5,18&19,Gruhya- Prayoga ,6,84,C   ,,????: ???????
9018,2665/13,"????????? ??? ??????
sa?kr??ti janana ???ti?",-,pl,N.Na,34x5,19&19,Gruhya- Prayoga ,6,84,C   ,,????: ???????
9019,2665/2,"????????? 
?at?bhi??ka? ",??????????,pl,N.Na,34x5,2&2,Gruhya- Prayoga ,6,84,C   ,,????: ???????
9020,2665/3,"???? ?????? ??????
v?yasa prav??a ???ti?",??????????,pl,N.Na,34x5,2&3,Gruhya- Prayoga ,6,84,C   ,,????: ???????
9021,2665/4,"??? ???? ?????? 
k?ka t??ana ???ti? ",????????,pl,N.Na,34x5,3&3,Gruhya- Prayoga ,6,84,C   ,,????: ???????
9022,2665/5,"??????????? ??? ?????? 
m?l?nak?atra janana ???ti? ",??????????,pl,N.Na,34x5,4&4,Gruhya- Prayoga ,6,84,C   ,,
9023,2665/6,"?????? ??????
ga????ta ???ti?",-,pl,N.Na,34x5,5&5,Gruhya- Prayoga ,6,84,C   ,&,????: ???????
9024,2665/7,"?????????? ??????
pratham?rthava ???ti?",-,pl,N.Na,34x5,6&9,Gruhya- Prayoga ,6,84,C   ,,????: ???????
9025,2665/8,"??? ??????
?tu ???ti?",????????,pl,N.Na,34x5,9,Gruhya- Prayoga ,6,84,C   ,,????: ???????
9026,2665/9,"????? ???????? ??????
k???a caturda?? ???ti?",-,pl,N.Na,34x5,11,Gruhya- Prayoga ,6,84,C   ,,????: ???????
9027,2666,"???????
pray?ga?",?????? ????,pl,N.Na,34x5,1&100,Gruhya- Prayoga ,9,50,C   ,,????: ???????
9028,2667/ 10,"?????????? 
g?p?lavrata? ",-,pl,N.Na,20x5,146&153,Gruhya- Prayoga ,7,30,C   ,,????: ???????
9029,2667/ 11,"??????? ????? 
mah?navam? vrata? ",-,pl,N.Na,20x5,154&173,Gruhya- Prayoga ,7,30,C   ,,????: ???????
9030,2667/ 12,"????? ???? 
bh?rat? p?j? ",-,pl,N.Na,20x5,174&151,Gruhya- Prayoga ,7,30,C   ,,????: ???????
9031,2667/1,"???????? ????? 
??ipa?cam? vrata? ",-,pl,N.Na,34x5,1&14,Gruhya- Prayoga ,7,30,C   ,,????: ???????
9032,2667/2,"????? ???? 
yamun? p?j? ",-,pl,N.Na,20x5,15&20,Gruhya- Prayoga ,7,30,C   ,,????: ???????
9033,2667/3,"???? ????? 
ana?ta vrata? ",-,pl,N.Na,20x5,21&23,Gruhya- Prayoga ,7,30,C   ,,????: ???????
9034,2667/4,"?????? ??????? ????? 
?r?va?a dv?da?? vrata? ",-,pl,N.Na,20x5,24&37,Gruhya- Prayoga ,7,30,C   ,,????: ???????
9035,2667/5,"??? ????? 
?am? vrata? ",-,pl,N.Na,20x5,38&56,Gruhya- Prayoga ,7,30,C   ,,????: ???????
9036,2667/6,"?????? ????? 
vin?yaka vrata? ",-,pl,N.Na,20x5,57&64,Gruhya- Prayoga ,7,30,,,????: ???????
9037,2667/7,"????????? ?????
varalak?m? vrata?",-,pl,N.Na,20x5,65&70,Gruhya- Prayoga ,7,30,C   ,,????: ???????
9038,2667/8,"?????????? ????? 
um?mah??vara vrata? ",-,pl,N.Na,20x5,71&80,Gruhya- Prayoga ,7,30,C   ,,????: ???????
9039,2667/9,"??????????? ?????
sa?k?mamav?sya vrata?",-,pl,N.Na,20x5,81&145,Vrata,7,30,C   ,,????: ???????
9040,2668,"???? ???? ??????? 
ga???a p?j? paddhati? ",??????? ?????????,pl,N.Na,13x5,1&56,Pooja,10,26,C   ,,????: ???????
9041,2669,"??????? ??????
muh?rta darpa?a?",?????????? ?????,pl,N.Na,26x5.5,1&175,Joutisha,8,44,C   ,O,
9042,2670,"????? ???????? 
bhuja?ga st?tra? ",-,pl,N.Na,,,Stotra,,,,,
9043,2671,"??????
amarak??a",-,pl,N.Na,40x3,,Nigantu,7,70,C   ,,
9044,2672/1,"?????????
?i?up?lavadha",-,pl,N.Na,32x5,1&,Kavya,10,60,C   ,G,
9045,2672/2,"??????????
??sana?prati",-,pl,N.Na,20x5,1&36,General,7,38,Inc,,????: ???????
9046,2673,"??????? ????????? 
r?m?ya?a? su?darak???a ",-,pl,N.Na,38x5,1&60,Kavya,9,76,C   ,O,
9047,2674/1,"??????? ???????, ?????? ????? 
vrata?gala sa?graha?, vin?yaka vrata? ",-,pl,N.Na,15x5,1&11,Pooja,9,22,C   ,O,
9048,2674/2,"????? ???? 
yamun? p?j? ",-,pl,N.Na,40x3,12&20,????,9,22,C   ,O,
9049,2674/3,"???? ????? 
ana?ta vrata? ",-,pl,N.Na,40x3,21&47,Pooja,9,22,C   ,O,
9050,2674/4,"?????? ???????? 
vaiku??ha caturda?? ",-,pl,N.Na,40x3,48&54,Pooja,9,22,C   ,O,
9051,2674/5,"????? ????? 
g?p?la vrata? ",-,pl,N.Na,40x3,55&65,Pooja,9,22,C   ,O,
9052,2674/6,"?????? ???????? ????? 
s?mav?ra am?v?sya vrata? ",-,pl,N.Na,40x3,67&68,Pooja,9,22,C   ,O,
9053,2674/7,"????????? ????? 
avaru??hit? vrata? ",-,pl,N.Na,40x3,69&90,Pooja,9,22,C   ,O,
9054,2674/8,"????? ????? 
k?d?ra vrata? ",-,pl,N.Na,40x3,90&162,Pooja,9,22,C   ,O,
9055,2674/9,"??????????? ????? 
jy?tista?bha vrata? ",-,pl,N.Na,40x3,163&182,Pooja,9,22,C   ,O,
9056,2675,"????????? ??????
brahm???a pur??a?",-,pl,N.Na,21x4.30,6&292,Pooja,11,69,Inc,O,
9057,2676,"?????? ???? 
pray?ga ratna ",-,pl,N.Na,29x4,1&119,Gruhya- Prayoga ,6,50,C   ,,
9058,2677,"??????????????????? 
durg?sahasran?m?va?i? ",-,pl,N.Na,22x5,1&12,Pooja,9,34,C   ,,
9059,2678/1,"????????? (???????? & ??????) 
grahas?dhana? (grahaga?a?ta & v?stu) ",-,pl,N.Na,17x5,6,Joutisha,8,36,C   ,G,
9060,2678/2,"?????????? ?????? 
bh?p?lavallabha v?stu ",-,pl,N.Na,17x5,1&24,Joutisha,8,36,C   ,G,
9061,2679,"???????? ??????????? 
??val?yana g?hyas?tra? ",-,pl,N.Na,25x5,1&19,Gruhya- Sutra,9,50,C   ,G,
9062,2680,"??????? ???????
sa?sk?ra pray?ga?",??????????,pl,N.Na,29x5,1&154,Gruhya- Prayoga ,9,54,C   ,O,
9063,2681,"??????????? ??????????? 
ca?p?r?m?ya?a? ay?dy?k???a ",-,pl,N.Na,28x4,1&26,Kavya,7,54,,,"???? ??| ?? ‘?’????,?????????"
9064,2682/ 10,"?????? ??????? ?????
pa?camukha hanum?n ma?tra",-,pl,N.Na,20x5,39&,Mantra,8,28,,,
9065,2682/ 11,"???????? ????? ?????
m?ttik? sn?na vidhi?",-,pl,N.Na,20x5,46&55,G- Prayoga   ,8,28,,,
9066,2682/ 13,"?????????? ????????
i?dr?k?i st?tra?",-,pl,N.Na,20x5,62&66,Stotra,8,28,,,
9067,2682/ 14,"?????????? ????????
m?rk????ya st?tra?",-,pl,N.Na,20x5,67&70,Stotra,8,28,,,
9068,2682/1,"?????????????
itih?s?pani?at",-,pl,N.Na,20x5,9&13,Upanisat,8,28,,,???? ??| ?? ????? ???? ?? ??????
9069,2682/12,"??????
tilah?ma",-,pl,N.Na,20x5,54&61,Pooja,8,28,,,
9070,2682/2,"?????????????
itih?s?pani?at",-,pl,N.Na,20x5,1&8,Upanisat,8,28,,,
9071,2682/3,"???????????
s?m?tpatti",-,pl,N.Na,20x5,9&13,G- Prayoga   ,8,28,,,
9072,2682/4,"??????? ????
g?yatr? h?daya",-,pl,N.Na,20x5,14&20,Mantra,8,28,,,
9073,2682/5,"??????? ????
g?yatr? kavaca?",-,pl,N.Na,20x5,21&22,Mantra,8,28,,,
9074,2682/6,"????????
cara?avy?ha",-,pl,N.Na,20x5,23&27,Mantra,8,28,,,
9075,2682/7,"?????????? ?????
pr???gni h?tra",-,pl,N.Na,20x5,28&31,G- Prayoga   ,8,28,,,
9076,2682/8,"???????? ?????
k?l?gni h?tra",-,pl,N.Na,20x5,32&38,G- Prayoga   ,8,28,,,
9077,2682/9,"??????????
ga?j?pani?at",-,pl,N.Na,20x5,38&39,Upanisat,8,28,,,
9078,2683,"?????? 
da???la? ",-,pl,N.Na,19x5.5,1&100,Joutisha,14,36,C   ,G,
9079,2684,"?????? 
amarak??a ",-,pl,N.Na,10x5,1&217,Kosha,7,26,C   ,G,
9080,2685,"?????????
?i?up?lavadha",-,pl,N.Na,20x4.5,1&70,Kavya,8,34,C   ,G,
9081,2686/1,"?????? ???? ????? ( ????????? ? ??????????)
pa?upati p?j? ma?tra ( p?j?ma?gala? 4 st?traga?u)",-,pl,N.Na,10x5,1&10,Stotra,6,,,O,
9082,2686/2,"?????????
?r?s?kta",-,pl,N.Na,10x5,1&6,Mantra,6,20,C   ,O,
9083,2686/3,"????? ?????
puru?a s?kta",-,pl,N.Na,10x5,2&21,Mantra,6,20,C   ,O,
9084,2686/4,"?????????
?iv???aka?",-,&,N.Na,10x5,22&34,Mantra,6,20,C   ,O,
9085,2686/5,"???? (?????)
bhajane (ga?apati)",-,pl,N.Na,10x5,35&40,Ganeral,6,20,C   ,O,
9086,2686/6,"?????????? ?????
um?mah??vara vrata?",-,pl,N.Na,10x5,4,Vrata,6,20,C   ,O,
9087,2686/7,"??? ??????
ubhaya k?mu??",-,pl,N.Na,10x5,3,Agama,6,20,C   ,O,
9088,2686/8,"????? ????
yamun? p?j?",-,pl,N.Na,10x5,20,Pooja,6,20,C   ,O,
9089,2687/1,"???????????? ????
siddhivin?yaka p?j?",-,pl,N.Na,21x4.5,1&15,Pooja,7,38,C   ,G,
9090,2687/2,"?????? ????????
narasi?ha sahasran?ma",-,pl,N.Na,21x5,1&45,Stotra,7,38,C   ,G,
9091,2688/1,"??????? ??????? 
muh?rta sa?graha? ",-,pl,N.Na,16x5,1&42,Joutisha,9,28,C   ,G,
9092,2688/2,"????? ??????
s?rya graha?a?",-,pl,N.Na,16x5,43&44,Joutisa,9,28,C   ,G,
9093,2689,"??????
amarak??a",?????A?,pl,N.Na,35x5,37,Nigantu,10,58,Inc,??,
9094,2690,"???????????? 
vidy?m?dhav?ya ",?????? ???? ?????,pl,N.Na,21x4,1&178,Jouitisha,8,56,C   ,O,
9095,2691,"?????????? 
guruda???la? ",-,pl,TU,19x5,32,Jouitisha,11,35,Inc,D,?????? ???????
9096,2692,"?????? ?????? ????? 
vin?yaka caturtha vidhi? ",-,pl,TU,16x4,1&26,Vrata,8,20,Inc,D,???A? ??????????
9097,2693,"???????? 
laghuvy?sa ",-,pl,TU,18x4,1&23,Mantra,8,30,Inc,O/D,???? ??????? ??????????
9098,2694,"???????? ??????
siddh??ta kaumudi",-,pl,TU,26x4,1&25,Vyakarana,9,50,Inc,G,
9099,2695,"?????? 
raghuva??a ",???????,pl,TU,22x5,1&16,Kavya,10,35,Inc,O,????? ??????? ??????????. ?&?? ????
9100,2696,"??? ?????? 
?k sa?hit? ",-,pl,N.Na,20x5,1&36,Veda,7,38,Inc,,????: ???????
9101,2697,"??????? ???????
sa?sk?ra pray?ga?",-,pl,N.Na,17x5,2&148,Gruhya- Prayoga ,10,34,C   ,,????: ???????
9102,2698,"????????? ?????????? 
b?hajj?taka vy?khy?na? ",???? ????? (??????? ????),pl,N.Na,21x4.5,1&33,Gruhya- Prayoga ,10,48,Inc,,????: ???????
9103,2699/1,"??????? ????? 
pu?y?ha vidhi? ",???????? ??????????? (????????? ?????????),pl,N.Na,,1&6,Gruhya- Prayoga ,7,,,,????: ???????
9104,2699/10,"??????? ????? 
caulakarma vidhi? ",???????? ??????????? (????????? ?????????),pl,N.Na,30x5,6&7,Gruhya- Prayoga ,9,56,C   ,,????: ???????
9105,2699/11,"????? ???????
upanayana pray?ga?",???????? ??????????? (????????? ?????????),pl,N.Na,30x5,6&7,Gruhya- Prayoga ,9,56,C   ,,????: ???????
9106,2699/12,"?????????? ????? 
anyapravacana vidhi? ",???????? ??????????? (????????? ?????????),pl,N.Na,30x5,6&7,Gruhya- Prayoga ,9,56,C   ,,????: ???????
9107,2699/13,"??????? ????? 
mah?vrata vidhi? ",???????? ??????????? (????????? ?????????),pl,N.Na,30x5,6&7,Gruhya- Prayoga ,9,56,C   ,,????: ???????
9108,2699/14,"??????? ???? ????? 
upani?at vrata vidhi? ",???????? ??????????? (????????? ?????????),pl,N.Na,30x5,6&7,Gruhya- Prayoga ,9,56,C   ,,????: ???????
9109,2699/15,"??????? ???? ????? 
g?d?nika vrata vidhi? ",???????? ??????????? (????????? ?????????),pl,N.Na,30x5,6&7,Gruhya- Prayoga ,9,56,C   ,,????: ???????
9110,2699/16,"???????? ????? 
sam?vartana vidhi? ",???????? ??????????? (????????? ?????????),pl,N.Na,30x5,6&7,Gruhya- Prayoga ,9,56,C   ,,????: ???????
9111,2699/17,"????? ???????
viv?ha pray?ga?",???????? ??????????? (????????? ?????????),pl,N.Na,30x5,6&7,Gruhya- Prayoga ,9,56,C   ,,????: ???????
9112,2699/18,"??????? ?????? 
suma?gal? s?kta? ",???????? ??????????? (????????? ?????????),pl,N.Na,30x5,6&7, G- Prayoga   ,9,56,C   ,,????: ???????
9113,2699/19,"??????????? 
grahaprav??a? ",???????? ??????????? (????????? ?????????),pl,N.Na,30x5,6&7,Gruhya- Prayoga ,9,56,C   ,,????: ???????
9114,2699/2,"??????? ????? 
sam?r?dhana vidhi? ",???????? ??????????? (????????? ?????????),pl,N.Na,30x5,6&7,Gruhya- Prayoga ,9,56,C   ,,????: ???????
9115,2699/20,"?????? ????? 
t??b?la vidhi? ",???????? ??????????? (????????? ?????????),pl,N.Na,30x5,6&7,Gruhya- Prayoga ,9,56,C   ,,????: ???????
9116,2699/21,"????????? ????? 
puna?sa?dh?na vidhi? ",???????? ??????????? (????????? ?????????),pl,N.Na,30x5,6&7,Gruhya- Prayoga ,9,56,C   ,,????: ???????
9117,2699/22,"??? ????? 
kala?a vidhi? ",???????? ??????????? (????????? ?????????),pl,N.Na,30x5,6&7,Gruhya- Prayoga ,9,56,C   ,,????: ???????
9118,2699/23,"??? ?????????? 
kala?a prati??h?e ",???????? ??????????? (????????? ?????????),pl,N.Na,30x5,6&7,Gruhya- Prayoga ,9,56,C   ,,????: ???????
9119,2699/24,"?????? ???? ????? 
navagraha p?j? vidhi? ",???????? ??????????? (????????? ?????????),pl,N.Na,30x5,6&7,Gruhya- Prayoga ,9,56,C   ,,????: ???????
9120,2699/25,"?????????? ???? ????? 
vighn??vara p?j? vidhi? ",???????? ??????????? (????????? ?????????),pl,N.Na,30x5,6&7,Gruhya- Prayoga ,9,56,C   ,,????: ???????
9121,2699/26,"??????????
ma?gal???aka?",???????? ??????????? (????????? ?????????),pl,N.Na,30x5,6&7,Gruhya- Prayoga ,9,56,C   ,,????: ???????
9122,2699/27,"????? ????? 
upanayana vidhi? ",???????? ??????????? (????????? ?????????),pl,N.Na,30x5,6&7,Gruhya- Prayoga ,9,56,C   ,,????: ???????
9123,2699/28,"?????? 
k?rik? ",???????? ??????????? (????????? ?????????),pl,N.Na,30x5,6&7,Gruhya- Prayoga ,9,56,C   ,,????: ???????
9124,2699/29,"??????? ????? 
mah?navam? vrata? ",???????? ??????????? (????????? ?????????),pl,N.Na,30x5,142,Gruhya- Prayoga ,9,56,C   ,,????: ???????
9125,2699/3,"????????? ????? 
navagrahah?ma vidhi? ",???????? ??????????? (????????? ?????????),pl,N.Na,30x5,6&7,Gruhya- Prayoga ,9,56,C   ,,????: ???????
9126,2699/4,"???????? ????? 
garbh?d?na vidhi? ",???????? ??????????? (????????? ?????????),pl,N.Na,30x5,6&7,Gruhya- Prayoga ,9,56,C   ,,????: ???????
9127,2699/5,"?????? ????? 
pu?savana vidhi? ",???????? ??????????? (????????? ?????????),pl,N.Na,30x5,6&7,Gruhya- Prayoga ,9,56,C   ,,????: ???????
9128,2699/6,"????????????
s?ma?t?nnayana?",???????? ??????????? (????????? ?????????),pl,N.Na,30x5,6&7,Gruhya- Prayoga ,9,56,C   ,,????: ???????
9129,2699/7,"???????? 
j?takakarma ",???????? ??????????? (????????? ?????????),pl,N.Na,30x5,6&7,Gruhya- Prayoga ,9,56,C   ,,????: ???????
9130,2699/8,"??????? 
n?makara?a? ",???????? ??????????? (????????? ?????????),pl,N.Na,30x5,6&7,Gruhya- Prayoga ,9,56,C   ,,????: ???????
9131,2699/9,"??????????? 
annapr??ana? ",???????? ??????????? (????????? ?????????),pl,N.Na,30x5,6&7,Gruhya- Prayoga ,9,56,C   ,,????: ???????
9132,2700,"???????? ????? 
lagn?nayana vidhi? ",-,pl,N.Na,25x5.5,1&17,Jautisha,13,58,C   ,,
9133,2701," ????????? ????? ??????? 
 paur??ha?ikh? ma?tra sa?graha? ",-,pl,TU,33x4,1&125,Gruhya- Prayoga ,9,60,Inc,G/O,
9134,2702,"????????????????????
sarvapra?n?nupr?k?a",??????? ?????,pl,TU,20x5,1&70,Gruhya- Prayoga ,8,25,C   ,G,
9135,2703,"???? ?????????? 
d?v? m?h?tmya? ",?????,pl,TU,14x5,1&98,Mahatme,11,25,C   ,G,?????A??? ??????????
9136,2704/1,"????????? ??? ????? 
r?k??ghna h?ma vidhi? ",-,pl,TU,16x4,1&51,Gruhya- Prayoga ,7,25,Inc,G,?????? ???????
9137,2704/2,"?????? ??? ???? ????? 
v?stu h?ma p?j? vidhi? ",-,pl,TU,16x4,3&46,Gruhya- Prayoga ,7,25,C   ,G,
9138,2704/3,"?????????? ??? ????? 
brahmac?ri mara?a vidhi? ",-,pl,TU,26x4,47&49,G- Prayoga   ,7,25,Inc,G,
9139,2704/4,"?????? ????? ????? 
samudra sn?na vidhi? ",-,pl,TU,26x4,30&31,Gruhya- Prayoga ,7,25,C   ,G,
9140,2704/5,"?????? ?????? ???????? ???? ????? 
siddhi vin?yaka kalp?kta p?j? vidhi? ",-,pl,TU,26x4,1&8,Gruhya- Prayoga ,6,25,C   ,G,
9141,2705,"?????? ??????? 
v?jap?ya pray?ga? ",-,pl,TU,20x5,1&50,Gruhya- Prayoga ,9,25,Inc,G,
9142,2706,"??????? ??? (???????) 
sa?vatsara ?la? (v?r?ika) ",-,pl,TU,38x4,70,Jouitisha,7,55,Inc,D,?????? ???????
9143,2707,"???? ?????? ???? 
???a?a upac?ra? p?j? ",-,pl,TU,26x5,35,Pooja,10,45,Inc,O/D,???? ??????? ??????????.
9144,2708/1,"?????? ???????
pa?uba?dha pray?ga?",-,pl,TU,24x4,1&42,Gruhya- Prayoga ,8,30,C   ,G,
9145,2708/2,"?????????? ????
svar?agaur? p?j?",-,pl,TU,24x4,1&9,Pooja,8,30,C   ,G,
9146,2709,"?????? ???? 
pray?ga m?l? ",-,pl,TU,25x4,1&59,Gruhya- Prayoga ,6,25,Inc,G,
9147,2710,"????? ???????? 
ma?tra g?rv??i ",-,pl,TU,39x6,56,Mantra,14,75,Inc,??,
9148,2711,"?????????? 
pray?gam?l? ",??A??????,pl,TU,39x5,1&130,Gruhya- Prayoga ,9,55,C   ,G,
9149,2712,"???????????? (??????? ?????) 
vidy?m?dhav?ya (muh?rta dar?ana) ",??????????,pl,TU,21x6,1&31,Jouitisha,10,25,Inc,G,
9150,2713,"????????? 
laghuk?rik? ",-,pl,TU,21x4,1&100,Gruhya- Prayoga ,10,45,Inc,D,????? ??????? ???????????.
9151,2714/1,"?????????? 
ma?gal???aka? ",-,pl,TU,18x4,1&2,Stotra,14,50,Inc,G,
9152,2714/10,"???????? ????? 
???rv?da ma?tra ",-,pl,TU,18x4,18,Vedamantra Sangraha,14,50,C   ,G,
9153,2714/11,"??????? ?????? 
muh?rta d?pik? ",-,pl,TU,18x4,19&43,Jouitisha,14,50,C   ,G,
9154,2714/12,"???? ???? ???? 
j?taka gha?an? vi?aya ",-,pl,TU,28x4,46&52,Jouitisha,14,50,C   ,G,
9155,2714/13,"?????? ??? 
?rdhva m?la ",-,pl,TU,18x4,53&54,Tantra Mantra,14,50,C   ,G,
9156,2714/2,"??? ???? ????????
dadhi v?mana st?tra?",-,pl,TU,18x4,2&4,Stotra,14,50,Inc,G,
9157,2714/3,"????????? ????????
pr?ta?k?la st?tra?",-,pl,TU,18x4,4.5,Stotra,14,50,C   ,G,
9158,2714/4,"????? 
j?napada ",-,pl,TU,18x4,6,Gruhya- Prayoga ,14,50,C   ,G,
9159,2714/5,"???????? ????? 
vai?vad?va vidhi? ",-,pl,TU,18x4,7,Gruhya- Prayoga ,14,50,C   ,G,
9160,2714/6," ???? ????? 
 p?j? vidhi? ",-,pl,TU,18x4,8&14,Pooja,14,50,C   ,G,
9161,2714/7,"??????????????? ????????
n?r?ya????h?ttara st?tra?",-,pl,TU,18x4,14&15,Stotra,14,50,C   ,G,???? ?????????
9162,2714/8,"???????????? 
m?tvya??aka? ",-,pl,TU,18x4,16,Stotra,14,50,C   ,G,
9163,2714/9,"??????? ????? 
n?gap?j? vidhi? ",-,pl,TU,18x4,17,G- Prayoga   ,14,50,C   ,G,
9164,2715,"????? ??? ????? 
pavam?na h?ma vidhi? ",-,pl,TU,19x5,1&67,G- Prayoga   ,10,35,C   ,O/D,
9165,2716,"???????????????? 
?ivasahasran?m?va?i? ",-,pl,TU,26x5,21&135,Stotra,9,30,Inc,O/D,
9166,2717,"???? ??????????? ????? 
lak?a bilv?rcane vidhi? ",-,pl,TU,27x4,1&37,Pooja,8,40,Inc,D,
9167,2718,"???????? ??????? ??????? 
??val?yana ?r?ddha pray?ga? ",????????,pl,TU,18x5,1&24,Gruhya- Prayoga ,8,25,Inc,G,
9168,2719,"???????? ???????
?dhy?tma r?m?ya?a?",-,pl,TU,27x5,130&208,Itihasa,11,50,C   ,O/D,??????? ??????? ??????????.
9169,2720,"???????? ???????? 
siddh??ta ratn?va?i ",-,pl,TU,21x5,7&127,Tantra Mantra,13,30,Inc,D,
9170,2721,"?????? ?????? 
?gv?da sa?hit? ",-,pl,TU,33x5,95,Veda,10,&,Inc,O,?.?? ? ??? ??????? ??????????.& ????? ??????
9171,2722,"??????? ???????? (??? ????????)
?a??va??a br?hma?a (v?da br?hma?a)",-,pl,TU,26x5,1&135,Bramana,9,50,Inc,O,???&?????? ??????? ??????????. ???? ???? ????? ??????? ???????
9172,2723,"?????? ????? (???? ?????) 
?gv?da sa?hita (??kala sa?hita) ",?????,pl,TU,39x5,1&199,Veda,10,55,Inc,D,? ?????? ???? ? ??????
9173,2724,"???????? ??????
siddh??ta kaumudi",??????? ???????,pl,TU,26x5,3&55,Vyakarana,10,35,Inc,D,
9174,2725,"?????? ??????, ???? ?????? 
?gv?da sa?hit?, ??kala sa?hit? ",-,pl,TU,828x4,1&241,Veda,9,65,Inc,D,? ?????? ???? ? ?? ??????
9175,2726,"????? ????? 
da?a?la? vivara?a ",-,pl,TU,27x4,1&99,Jouitisha,7,55,Inc,D,???? ??????? ??????? ?????
9176,2727,"??????? 
r?m?ya?a? ",????????,pl,TU,,1&107,Itihasa,9,,Inc,G,"??A?? ???? ?????. ??????, ?????????, ???????? ???? ??????? ?????? ?????????."
9177,2728,"???????
r?m?ya?a?",????????,pl,TU,28x5,1&144,Itihasa,10,50,Inc,G,???????A? ?????
9178,2729,"???? ??????????
s?tu m?h?tmya?",?????,pl,TU,38x4.5,1&119,Mahatme,9,80,C   ,O/D/W,????? ??????????
9179,2730,"????? ?????? ??????? 
rudra paddhati paribh??? ",-,pl,TU,33x5,1&93,G- Prayoga   ,10,60,Inc,O/D/W,
9180,2731,"????? ???????? ?????
k???a yajurv?da sa?hita",-,pl,TU,34x5,137,Veda,9,70,Inc,O/D/W,???? ??????? ??????????
9181,2732,"??????? ??????? 
n?n?rtha ratn?kara ",-,pl,TU,,1&75,Nigantu,8,50,Inc,O,"????? ??????? ??????????, ???? & TU ??? ??????? ?????????, ????: ?????"
9182,2733/1,"??????? ??????? 
?r?ddha pray?ga? ",-,pl,TU,16x5,1&123,Gruhya- Prayoga ,13,20,Inc,O/D,
9183,2733/2,"??????? ??????
muh?rta d?pik?",-,pl,TU,16x5,129&212,Jouitisha,13,20,Inc,D,??????
9184,2734/1,"??? ????????????? 
?iva sahasran?m?va?i? ",-,pl,TU,22x4,1&20,Stotra,7,45,C   ,D,
9185,2734/2,"??????? ????????? 
muh?rta ?la?d?pik? ",-,pl,TU,22x4,21&80,Jouitisha,7,45,Inc,D,
9186,2735/1,"?????? ???? ?????
durg? p?j? vidhi?",-,pl,TU,24x5,1&36,Pooja,8,25,Inc,O,
9187,2735/2,"???? ????? (?????)
ga???a vrata? (vrata?)",-,pl,TU,24x5,40&49,Vrata,8,25,C   ,G,????? ??????????
9188,2735/3,"???????? ????? 
??ipa?cam? vrata? ",-,pl,TU,24x5,50&55&1,Vrata,8,25,Inc,G,
9189,2735/4,"???????? ???? ???
??ipa?cam? vrata kath?",-,pl,TU,24x5,55&1&61,VrataKate,8,25,C   ,G,
9190,2735/5,"???????? ??????? ??????? 
??ipa?cam? udy?pana pray?ga? ",-,pl,TU,24x5,61&1&71,Gruhya- Prayoga ,8,25,C   ,G,
9191,2735/6,"?????? ???? ????? 
harit??a gaur? vrata? ",-,pl,TU,24x5,71&1&74&1,Vrata,8,25,C   ,G,
9192,2735/7,"?????? ???? ??? 
harit??a vrata kath? ",-,pl,TU,24x5,74&1&82,VrataKate,8,25,C   ,G,??A? ??????????
9193,2736,"??????
raghuva??a",-,pl,TU,38x5,1&33,Kavya,13,60,Inc,O,?&? ??????? ?????
9194,2737,"???????? ??????
taittar?ya ara?yaka",-,pl,TU,37x6,1&62,Veda,10,70,Inc,G,????? ???? ???????? ???
9195,2738,"????????? 
k?lanir?aya ",??????????,pl,TU,24x4,1&206,Jouitisha,10,50,C   ,G,
9196,2739,"?????? ?????? 
?gv?da sa?hit? ",-,pl,TU,33x4,1&94,Veda,8,60,Inc,O/D,???? ??????
9197,2740,"??? ??????? 
apara pray?ga? ",-,pl,TU,25x5,1&100,Gruhya- Prayoga ,11,45,C   ,G,
9198,2741,"???? ?????????? 
d?v? m?h?tmya? ",?????,pl,TU,16x4,1&83,Mahatme,10,25,C   ,G,
9199,2742,"???? ????????? 
?r? ga?g???aka? ",-,pl,TU,,,Veda,,,,,
9200,2742/2,"???????????? ????? 
pr?ya?citta s?tra ",-,pl,TU,25x5,1&1&2,Veda Mantragama,10,55,C   ,G,
9201,2742/3,"?????????? ????? 
mah?lak?m? s?kta ",-,pl,TU,25x5,2&7,Stotra,10,25,C   ,G,
9202,2742/4,"???? ????? 
?r? s?kta ",-,pl,TU,25x5,2&1&3,Stotra,&,&,C   ,G,
9203,2742/5,"??????? ???? 
ve?ka???a p?j? ",-,pl,TU,25x5,4&8,Pooja,10,25,C   ,G,
9204,2742/6,"??? ????
kala?a p?j?",-,pl,TU,25x5,9&10,Pooja,10,25,C   ,G,
9205,2742/7,"??????? ???? 
sarasvat? p?j? ",-,pl,TU,25x5,11&15,Pooja,10,25,C   ,G,
9206,2742/8,"???????????? 
j?l?l?pani?at ",-,pl,TU,25x5,17&19,Veda - Upanisat,10,25,Inc,G/O,
9207,2743,"?????? ??????? 
pray?ga p?rij?ta ",-,pl,TU,15x4,80,Gruhya- Prayoga ,8,,Inc,G,"???? ??????? ??????????, ????? ???? ????????? ???????????."
9208,2744,"?????? ???? 
nir?aya ba?dhu ",-,pl,TU,,1&230,Gruhya- Prayoga ,13,,Inc,O/D,
9209,2745/1,"????? ??? 
ga?apati h?ma ",-,pl,TU,15x5,1&19,Pooja,10,,C   ,G,
9210,2745/2,"??????? ???? 
sudar?ana kalpa ",-,pl,TU,15x5,20&23,Pooja,10,20,C   ,G,
9211,2745/3,"?????? ?????????? 
vi??u sa?pr?k?a?a ",-,pl,TU,15x5,24&31,Pooja,10,20,C   ,G,
9212,2745/4,"?????????? 
durg?tatva ",-,pl,TU,15x5,33&56,Pooja,10,20,C   ,G,
9213,2745/5,"????? ??? ????? 
agni janana vidhi? ",-,pl,TU,15x5,1&76,Gruhya - Gruhya- Gruhya- Prayoga ,10,20,Inc,G,
9214,2746,"???? ?? ?????? 
ugra ratha ???ti? ",-,pl,TU,18x5,1&33,Shanti,8,30,C   ,G,
9215,2747,"?????? ????????
adhikara?a ratnam?l?",??????????????????,pl,TU,34x5,1&90,Vedanta,12,50,C   ,G,
9216,2748,"?????? 
hariva??a ",?????,pl,TU,33x3.5,266,Prurana,6,65,Inc,D,???? ??????? ??????????. ??????????? ?????????? ??? ???? 
9217,2749,"??????????? ??????
brahmas?tra bh??ya?",??????????,pl,TU,34x5,1&49,Vedanta,11,65,Inc,O,
9218,2750,"?????? ????? ???? ???? ?????
samudra sn?na pit? karma vidhi?",-,pl,N.Na,,1&36,G- Prayoga   ,9,,Inc,D,
9219,2751,"??? ?????? 
?k sa?hit? ",-,pl,N.Na,27x4,1&125,Veda,8,88,Inc,,????: ???????
9220,2752/1,"????????? ????? 
varalak?m? vrata? ",???????????????,pl,N.Na,26x5,2&14,Vrata,8,44,C   ,,????: ???????
9221,2752/2,"?????? ??????? ????? 
?r?va?a dv?da?? vrata? ",???????????????,pl,N.Na,26x5,14&28,Vrata,8,44,C   ,,????: ???????
9222,2752/3,"?????? ????? ????? 
jy?ti sta?bha vrata? ",-,pl,N.Na,26x5,28&88,Vrata,8,44,C   ,,????: ???????
9223,2752/4,"???? ???? ??????
graha p?j? vidh?na?",-,pl,N.Na,26x5,1&10,Pooja,8,44,Inc,,????: ???????
9224,2753/1,"????? ???? ????????
p?rva ???a?a sa?sk?ra?",-,pl,N.Na,28x5,1&107,G- Prayoga   ,8,62,C   ,,????: ???????
9225,2753/2,"??????? ???????
g?yatr? r?m?ya?a?",-,pl,N.Na,28x5,110&112,Kavya,8,62,Inc,,????: ???????
9226,2754/1,"??? ??????
?k sa?hit?",-,pl,N.Na,34x4,1&90,???,8,64,Inc,,"???????????,"
9227,2754/2,"?????? ????????
n?r?ya?a st?tra?",-,pl,N.Na,34x4,1&4,Stotra,8,64,C   ,,
9228,2755/1," ???? ??????? 
 p?j? pray?ga? ",-,pl,N.Na,28x6,1&3,Gruhya- Prayoga ,8,52,C   ,,????: ???????
9229,2755/10,"???????? ??????? ??? ??????
jy???h? nak?atra janana ???ti?",-,pl,N.Na,28x6,136&138,Shanti,8,52,C   ,,????: ???????
9230,2755/11,"?????????? ???? ??? ??????
pait?mah?kta kuh? janana ???ti?",-,pl,N.Na,28x6,138&153,Shanti,8,52,C   ,,????: ???????
9231,2755/12,"??????? ??? ??????
??l??? janana ???ti?",-,pl,N.Na,28x6,154&155,Shanti,8,52,C   ,,????: ???????
9232,2755/13,"????? & ????? & ???? ??????
?v?na & marka?a & turaga ???ti?",-,pl,N.Na,28x6,155&160,Shanti,8,52,C   ,,????: ???????
9233,2755/14,"???? ??????
ra?bh? viv?ha?",-,pl,N.Na,28x6,160&162,G- Prayoga   ,8,52,C   ,,????: ???????
9234,2755/15,"???? ??????
kadal? ???ti?",-,pl,N.Na,28x6,162&163,Shanti,8,52,C   ,,????: ???????
9235,2755/16,"????????????
s?ma?t?nnayana?",-,pl,N.Na,28x6,163,G- Prayoga   ,8,52,C   ,,????: ???????
9236,2755/17,"?????????
?rkaviv?ha",-,pl,N.Na,28x6,164&170,G- Prayoga   ,8,52,C   ,,????: ???????
9237,2755/18,"??? ??????
janana ???ti?",-,pl,N.Na,28x6,171&173,Shanti,8,52,C   ,,????: ???????
9238,2755/19,"??????????? ??? ?????? 
m?l?nak?atra janana ???ti? ",??????????,pl,N.Na,28x6,174&180,Shanti,8,52,C   ,,????: ???????
9239,2755/2,"???? ?????
ana?ta vrata?",-,pl,N.Na,28x6,3&11,Vrata,8,52,C   ,,????: ???????
9240,2755/20,"??????? ??? ??????
??l??? janana ???ti?",-,pl,N.Na,28x6,181&183,Shanti,8,52,C   ,,????: ???????
9241,2755/21,"????????? ?????
d?rv?h?ma vidhi?",-,pl,N.Na,28x6,183&184,G- Prayoga   ,8,52,C   ,,????: ???????
9242,2755/3,"????? ????
vy?sa p?j?",-,pl,N.Na,28x6,12&29,Pooja,8,52,C   ,,????: ???????
9243,2755/4,"???????? ?????
??ipa?cam? vrata?",-,pl,N.Na,28x6,30&39,Vrata,8,52,C   ,,????: ???????
9244,2755/5,"???? ????????
?r? r?majaya?t?",-,pl,N.Na,28x6,40&62,Pooja,8,52,C   ,,????: ???????
9245,2755/6,"????????? ?????
?ivar?tri vrata?",-,pl,N.Na,28x6,63&80,Vrata,8,52,C   ,,????: ???????
9246,2755/7,"?????? ?????
n?si?ha jaya?t?",-,pl,N.Na,28x6,81&104,Pooja,8,52,C   ,,????: ???????
9247,2755/8,"???????????
?anitray?da??",-,pl,N.Na,28x6,104&123,Pooja,8,52,C   ,,????: ???????
9248,2755/9,"?? ??? ??? ?????
g? mukha havana vidhi?",-,pl,N.Na,28x6,124&135,G- Prayoga   ,8,52,C   ,,????: ???????
9249,2756/1,"??????????????? ?????
pr???gnih?tra vidhi?",-,pl,N.Na,18x5,58&132,G- Prayoga   ,7,24,Inc,,
9250,2756/2,"????? ?????????
viv?ha sa?sk?r??",-,pl,N.Na,18x5,59&141,G- Prayoga   ,7,24,C   ,,
9251,2756/3,"????????? ???????? ????????
d?vyapar?dha k?am?pa?? st?tra?",-,pl,N.Na,18x5,141,Stotra,7,25,C   ,,
9252,2757/1,"?????? ??? ?????
durg? havana vidhi?",????????,pl,N.Na,42x4,2&90,G- Prayoga   ,7,74,C   ,,
9253,2757/2,"????? ??? ?????? 
du??ha janana ???ti? ",-,pl,N.Na,42x4,2&8,Shanti,7,74,C   ,,
9254,2758/1,"?????????? ?????
svar?agaur? vrata?",-,pl,N.Na,24x6,1&12,Vrata,5,18,C   ,,
9255,2758/2,"???? ?????
ana?ta vrata?",-,pl,N.Na,24x6,1&8,Vrata,5,18,C   ,,
9256,2759,"????? ????????
aitar?ya br?hma?a",-,pl,N.Na,26x5,29&155,Bramana,8,48,Inc,,????: ???????
9257,2760,"?????????? ?????
vikram?rka carita?",-,pl,N.Na,19x5,1&122,Kavya,11,30,C   ,,????: ???????
9258,2761/1,"???????????? ?????
siddhivin?yaka vrata?",-,pl,N.Na,22x5,1&12,Vrata,9,28,C   ,,????: ???????
9259,2761/2,"???? ?????
ana?ta vrata?",-,pl,N.Na,28x6,14&35,Vrata,6,,C   ,,????: ???????
9260,2762," ???????????????
 st?tra?sa?graha?",-,pl,N.Na,16x6,&,Stotra,12,28,Inc,,????: ???????
9261,2763,"?????? ???????
???ti? pray?ga?",-,pl,N.Na,25x4,1&198,Gruhya- Prayoga ,7,,C   ,D, ????: ???????
9262,2764,"?????? ???? 
pray?ga m?l? ",-,pl,N.Na,57x5,1&22,Gruhya- Prayoga ,11,84,C   ,D,????: ???????
9263,2765,"???? ??????? 
p?j? pray?ga? ",-,pl,N.Na,26x5,1&25,Pooja,8,40,C   ,,????: ???????
9264,2766,"?????? ?????? / ???? ???????
pram??a paddhati / p?j? paddhati?",-,pl,N.Na,26x5.5,1&85,Pooja,6,45,C   ,,"????: ???????, ??????? ???????????????."
9265,2767,"???? ??????? 
p?j? pray?ga? ",-,pl,N.Na,17x5,1&106,Pooja,5,17,C   ,,????: ???????
9266,2768," ???? ???????
 p?j? sa?graha?",-,pl,N.Na,16x5,80,Pooja,7,24,Inc,,????: ???????
9267,2769,"???????? ????? 
vai?v?nara ma?tra ",-,pl,?????,24x5,17,Mantra,11,40,Inc,D,"????? ??? ?????, ???? ??????? ??????????."
9268,2770/ 10,"?????????
annas?kta",-,pl,TU,29x5,27&1&,Stotra,9,50,Inc,G,
9269,2770/ 11,"????????
laghus?kta",-,pl,TU,29x5,29&,Stotra,9,50,Inc,G,
9270,2770/1,"??????? ?????
pa?c?m?ta s?kta",-,pl,TU,29x5,1&6,Stotra,9,50,C   ,G,
9271,2770/2,"?????? ?????
vi??u s?kta",-,pl,TU,29x5,6&1&12,Stotra,9,50,C   ,G,
9272,2770/3,"????????? ????? 
r?k??ghna s?kta ",-,pl,TU,29x5,12&1&16,Stotra,9,50,C   ,G,
9273,2770/4,"?????????
?r?s?kta",-,pl,TU,25x4,1&198,Stotra,7,45,C   ,??,????: ???????
9274,2770/5,"???????????
v?stus?kta",-,pl,TU,57x5,1&22,Stotra,11,84,C   ,??,????: ???????
9275,2770/6,"?????????
garbhas?kta",-,pl,TU,26x5,1&25,Stotra,8,40,C   ,,????: ???????
9276,2770/7,"????????? 
pit?s?kta ",-,pl,TU,29x5,25&1&27,Stotra,9,50,C   ,G,
9277,2770/8,"??????????
rudras?kta",-,pl,TU,29x5,26&1&,Stotra,9,50,C   ,G,
9278,2770/9,"???????????
svargas?kta",-,pl,TU,29x5,26&1&,Stotra,9,50,C   ,G,
9279,2771/1,"??????? ???????? 
pu?paratha utpatti ",-,pl,TU,25x4,1&27,General,6,40,Inc,D,
9280,2771/2,"???? ???????????? ?????
dhvaja prati??h?pan? vidhi?",-,pl,TU,25x4,60,G- Prayoga   ,6,40,Inc,D,
9281,2772,"???????????? ?????
ma?tr?ddh?ra?a ma?tra",-,pl,TU,34x5,70,Mantra,10,85,Inc,D,???? ??????? ??????????.
9282,2773,"?????????????? ????????
vi??usahasran?ma st?tra?",-,pl,TU,20x5,17,Stotra,8,30,Inc,D,?????? ???????
9283,2774,"????????????????
maitr?yin?pani?at",-,pl,N.Na,23x5,1&8,Upnisat,10,28,C   ,,????: ???????
9284,2775,"????????????
muh?rtadarpa?a",-,pl,N.Na,32x5,59&148,Jouitisha,8,60,Inc,O,??????? ??????????.
9285,2776,"????? ???? ?????
ga?apati p?j? vidhi?",-,pl,N.Na,12x4,1&38,G- Prayoga   ,8,25,Inc,G,???? ?????? ????
9286,2777,"????? ?????
pavam?na prathama",-,pl,N.Na,20x5,14,Mantra,6,30,Inc,G/O,
9287,2778,"?????? 
pa?c??ga ",-,pl,N.Na,24x5,12,Jouitisha,11,65,Inc,D,"?? ???? – ???? ????, ???? ???????"
9288,2779,"??? ???? ????? ???????
a?ga p?j? vidhi? ity?di",-,pl,N.Na,36x5,11,G- Prayoga   ,8,110,Inc,O/D,?????? ?????
9289,2780,"???????? ???? ?????
??val?yana dharma s?tra",????????,pl,N.Na,28x5,2&41,Smruti,7,50,Inc,G,
9290,2781,"??? ???????
pa?ca mah?yajña",,pl,N.Na,21x5,,Gruhya- Prayoga ,,,,,
9291,2782/1,"??????? ???????
pu??al?ka mah?tme",-,pl,N.Na,25x5,1&7,Purana,11,44,C   ,,??????????????
9292,2782/2,"??????? ????????
ve?ka???a sahasran?ma",-,pl,N.Na,25x5,7&11,Stotra,11,,C   ,,
9293,2782/3,"?????????
ana?tavrata?",-,pl,N.Na,25x5,11&15,Vrata,11,44,Inc,,
9294,2783,"?????? (???????????)
?gv?da (t?t?y???aka?)",-,pl,N.Na,46x5.5,144&288,Veda,10,78,Inc,O,??????? ??????? ??????????.
9295,2784,"????????????? ???????? 
prat?parudr?ya ya??la?k?ra ",?????????,pl,N.Na,,23&93,Alankara,12,60,Inc,G/O,?&?? ????? ??????? ??????????.
9296,2785,"???????? ???????? 
m?ghasa?d??a vy?khy? ",-,pl,N.Na,38x5.5,94&141,Kavya,12,30,Inc,G,
9297,2786,"??????? (????)
v?sadatta (gadya)",???A??,pl,N.Na,37x5,2&24,Kate,11,10,Inc,G,???? ??????? ??????????.
9298,2787,"???????????????????????? 
vi?v?dar?adharma??stras?ra ",-,pl,N.Na,38x5,1&15,Smriti,12,75,Inc,G,???? ??????? ??????????.
9299,2788,"??????????? 
dharma??stra ",-,pl,N.Na,40x5,2&31,Smriti,10,75,Inc,G,???? ??????? ??????????.
9300,2789,"???????????
k?vya??dar?a",?A??,pl,N.Na,,104&129,Alankara,12,70,Inc,G,???? ??????? ??????????. ???&????? ??????????.
9301,2790,"?????? ???
dv?da?a bh?va",-,pl,N.Na,21x4,60,Jouitisha,8,35,Inc,D,??????? ??????????. (??.????)
9302,2791,"??????? ???? 
sudar?ana kalpa ",-,pl,N.Na,18x5,60,Tanta Mantragama,13,30,,,???
9303,2792,"???? ???? (????)
bh?rata ca?p? (ca?p?)",??A????? ,pl,N.Na,25x4,51,Kavya,9,75,Inc,D,???
9304,2793,"?????????? 
h?ra??stra ",?????????,pl,N.Na,29x5,95,Jouitisha,9,70,Inc,D,???
9305,2794,"???????? 
mah?bh?rata? ",?????,pl,N.Na,,1&101,Itihasa,9,140,Inc,O/D/W,??????? ????? ??????? ??????????.
9306,2795,"????? ??????? ???????? ???? 
aitar?ya upani?at bh?????k? sahita ",- ,pl,N.Na,34x5,1&188,Upnisat,9,60,Inc,O,?????? ????
9307,2796,"??????? ??????? 
sa?sk?ta vy?kara?a ",-,pl,N.Na,19x5.5,1&80,Vyakarana,4,28,Inc,G,???
9308,2797,"????? ???????? 
d?vat? s?ktaga?u ",-,pl,N.Na,35x6,1&112,Stotra,6,54,C   ,G,???
9309,2798,"???????? ???????? 
t?tparya ca?drike ",,pl,N.Na,32x5,4&200,Smriti,11,58,Inc,O,???
9310,2799,"????????? ??????? (?????????)
jy?ti?ya sa?graha? (jy?ti?ya)",-,pl,N.Na,18x55,50,Jouitisha,8,32,Inc,??,???
9311,2800/1,"???????? ???????? (????????)
ve?ka?agari mah?tmya (st?tra?)",-,pl,N.Na,25x6,1&111,Stotra,8,42,C   ,G,”
9312,2800/2,"???? ???? ( ????)
ana?ta p?j? ( p?j?)",-,pl,N.Na,25x6,1&3,Pooja,8,42,C   ,G,???
9313,2801/1,"???????? ???? ???????? ????????
ma?ima?jar? ?r? madvijaya? ??k?sahita",-,pl,N.Na,35x5,1&42,,4,64,Inc,G,??? 
9314,2801/2,"??????? ??????? (????????)
?r?ra?ga k?vya?? (st?tra?)",-,pl,N.Na,25x6,1&40,Stotra,4,64,C   ,G,?????? ????
9315,2802,"???? ???????? ???????? ?????? 
?r? mah?bh?rata? t?tparya nir?aya ",-,pl,N.Na,28x4.5,25&148,Kavya,10,56,Inc,D,???
9316,2803,"?????? ???? 
navagraha p?j? ",-,pl,N.Na,20x4,1&78,Pooja,4,64,Inc,D,???
9317,2804,"??????? 
r?m?ya?a? ",-,pl,N.Na,34x5,210,Kavya,9,62,Inc,D,?????? ????
9318,2805,"??????????? ??????
brahmas?tra bh??ya?",???????????,pl,N.Na,34x5.5,1&27,Vedanta,9,68,Inc,D,???
9319,2806,"??????????? ????????? 
?r?madvijaya vy?khy?na ",?????? ???? ???,pl,N.Na,37x5.5,1&27,Kavya,10,70,Inc,O,?????? ????
9320,2807,"?????? ??????? 
sa?graha r?m?ya?a? ",?????? ?????????????,pl,N.Na,26x5,1&174,Itihasa,9,45,C   ,G,?????? ????
9321,2808,"???????? 
m?lama?tra ",-,Pl,TU,22X5,37¥ÀvÀæ,Gruhya- Prayoga ,7,30,Inc,O,"??????? ?????? ????????,????????? ???, ?????? ???????????,???????? ???, ????????? ?????????,??????? ?????. ???? ???? ??????????. (??.????)"
9322,2809/1,"???????? 
k?lajñ?na ",?????????? ,Pl,TU,21X5,1&130,Jouitisha,9,50,Inc,O/D,???? ??????? ??????????.
9323,2809/2,"???????? ???????? 
sarv?rtha ci?t?ma?i ",-,pl,TU,21X5,20¥ÀvÀæUÀ¼ÀÄ,Jouitisha,9,50,Inc,O/D,?????? ??????? (??.????)
9324,2810/1,"?????????? ?? ??????
nak?atr?di ?la ???ti?",-,pl,TU,21X5,2&56,Shanti,8,25,Inc,O,
9325,2810/10,"????? ???????? ??? ??????
k???a caturda?? janana ???ti?",-,pl,TU,21X5,19&20,Shanti,8,25,Inc,O,
9326,2810/11,"?????? ??????? ??? ??????
r?hi?i nak?atra janana ???ti?",-,pl,TU,21X5,20&21,Shanti,8,25,Inc,O,
9327,2810/12,"??????? ?????? 
??l??? ???ti? ",-,pl,TU,21X5,21&23,Shanti,8,25,Inc,O,
9328,2810/13,"????? ??????? ??? ??????
j???ha nak?atra janana ???ti?",-,pl,TU,21X5,23&1&26,Shanti,8,25,Inc,O,
9329,2810/14,"??? ??????? ??? ??????
m?la nak?atra janana ???ti?",-,pl,TU,21X5,26&30,Shanti,8,25,Inc,O,
9330,2810/15,"??????? ????? ??????
nak?atra d?vat? ???ti?",-,pl,TU,21X5,30&32,Shanti,8,25,Inc,O,
9331,2810/16,"?????? ?????
abhi??ka vidhi?",-,pl,TU,21X5,32&33,Pooja,8,25,Inc,O,
9332,2810/17,"??????? ??? ??????
nak?atra ga??a ???ti?",-,pl,TU,21X5,33&1&34,Shanti,8,25,Inc,O,
9333,2810/18,"???????? ??????
sa?kr?ti ???ti?",-,pl,TU,21X5,34&36,Shanti,8,25,Inc,O,
9334,2810/19,"?????? ??????
ga????ta ???ti?",-,pl,TU,21X5,36&37,Shanti,8,25,Inc,O,
9335,2810/2,"??? ?????? ???????
?tu ???ti? pray?ga?",-,pl,TU,21X5,6&1&9,Gruhya- Prayoga ,8,25,Inc,O,
9336,2810/20,"??????? ?????? ??????
nak?atra ga????ta ???ti?",-,pl,TU,21X5,37&1&39,Shanti,8,25,Inc,O,
9337,2810/21,"?????????? ??????
pa?cam?ri??ha ???ti?",-,pl,TU,21X5,39&43,Shanti,8,25,Inc,O,
9338,2810/22,"?????????????? ????? ????? ??????
jy?ti?y?r?ava g?mukha prasava ???ti?",-,pl,TU,21X5,43&45,Shanti,8,25,Inc,O,
9339,2810/23,"????? ??? ??????
da?tavaha janana ???ti?",-,pl,TU,21X5,45&46,Shanti,8,25,Inc,O,
9340,2810/24,"????? ??? ??????
vaik?ta janana ???ti?",-,pl,TU,21X5,46&,Shanti,8,25,Inc,O,
9341,2810/25,"???????? ??? ??????
am?v?sya janana ???ti?",-,pl,TU,21X5,46&47,Shanti,8,25,Inc,O,
9342,2810/26,"????????? ???????
dattaputra sv?k?ra",-,pl,TU,21X5,48&50,G- Prayoga   ,8,25,Inc,O,
9343,2810/27,"???? ??????
kuh? ???ti?",-,pl,TU,21X5,50&52,Shanti,8,25,Inc,O,
9344,2810/28,"????? ??????
upar?ga ???ti?",-,pl,TU,21X5,52&54,Shanti,8,25,Inc,O,
9345,2810/29,"??????? ???? ??????? ??????
bh?nuv?ra janma nak?atra ???ti?",-,pl,TU,21X5,54&59,Shanti,8,25,Inc,O,
9346,2810/3,"??? ????? ??????
?tu dar?ana ???ti?",-,pl,TU,21X5,9&10,Shanti,8,25,Inc,O,
9347,2810/30,"?????? ???? ??????? ??????
bhaumav?ra janma nak?atra ???ti?",-,pl,TU,21X5,59&,Shanti,8,25,Inc,O,
9348,2810/31,"?????? ???? ??????? ??????
ma?dav?ra janma nak?atra ???ti?",-,pl,TU,21X5,59&1&60,Shanti,8,25,Inc,O,
9349,2810/32,"??????? ??? ??????
pa?cagraha y?ga ???ti?",-,pl,TU,21X5,60&1&61,Shanti,8,25,Inc,O,
9350,2810/33,"??????? ??????
grahay?ga ???ti?",-,pl,TU,21X5,61&1&65,Shanti,8,25,Inc,O,
9351,2810/34,"??? ?????? ??????
?a? g?hay?ga ???ti?",-,pl,TU,21X5,65&66,Shanti,8,25,Inc,O,
9352,2810/35,"????? ??? ??????
pall? sara?a ???ti?",-,pl,TU,21X5,66&,Shanti,8,25,Inc,O,
9353,2810/36,"????? ??????
ma???ka ???ti?",-,pl,TU,21X5,73&74,Shanti,8,25,Inc,O,
9354,2810/37,"?????? ??????
valm?ka ???ti?",-,pl,TU,21X5,74&75,Shanti,8,25,Inc,O,
9355,2810/38,"??? ??????
madhu ???ti?",-,pl,TU,21X5,75&76,Shanti,8,25,Inc,O,
9356,2810/39,"???? ??????
a?va ???ti?",-,pl,TU,21X5,76&1&77,Shanti,8,25,Inc,O,
9357,2810/4,"???? ??????? ????? ?????? ??????
bhara?? nak?atra d?vat? udy?na ???ti?",-,pl,TU,21X5,10&13,Shanti,8,25,Inc,O,
9358,2810/40,"??????????
kadal????ti?",-,pl,TU,21X5,77&,Shanti,8,25,Inc,O,
9359,2810/41,"??? ????? ????? ??????
k?ka sa?y?ga dar?ana ???ti?",-,pl,TU,21X5,77&,Shanti,8,25,Inc,O,
9360,2810/42,"???? ??????
yak?a ???ti?",-,pl,TU,21X5,77&1&78,Shanti,8,25,Inc,O,
9361,2810/43,"??????? ??????
nimitta ???ti?",-,pl,TU,21X5,78&80,Shanti,8,25,Inc,O,
9362,2810/44,"????????? ??????
du?svapna ???ti?",-,pl,TU,21X5,80&1,Shanti,8,25,Inc,O,
9363,2810/45,"??????? ??? ????? (????? ???? ??????)
?l?huti h?ma vidhi? (p?rva karma k?rik?)",-,pl,TU,21X5,82&,Gruhya- Prayoga ,8,25,Inc,O,
9364,2810/46,"???????????? ?????
a?vatth?panayana vidhi?",-,pl,TU,21X5,1&18,G- Prayoga   ,8,25,Inc,O,
9365,2810/47,"??? ??? 
y?ga ?la? ",-,pl,TU,21X5,7&19,Jouitisa,8,25,Inc,O,
9366,2810/5,"????? ???????? ??????
vaidh?ta vyatip?ta ???ti?",-,pl,TU,21X5,13&14,Shanti,8,25,Inc,O,
9367,2810/6,"??????????? ?????????? ???? ??????
am?v?sy?di vyatirikta tithi ???ti?",-,pl,TU,21X5,14&,Shanti,8,25,Inc,O,
9368,2810/7,"??????? ????? ??????
vi?an??i dar?ana ???ti?",-,pl,TU,21X5,15&16,Shanti,8,25,Inc,O,
9369,2810/8,"??? ??????
?tu ???ti?",-,pl,TU,21X5,16&18,Shanti,8,25,Inc,O,
9370,2810/9,"??????????? ??? ?????? 
am?v?sy?di janana ???ti? ",-,pl,TU,21X5,18&19,Shanti,8,25,Inc,O,
9371,2811,"???????? ?????
??ipa?cam? vrata?",,pl,N.Na,25X4,40,Vrata,9,50,Inc,,(??.????)
9372,2812,"????? ???????
p?rva pray?ga?",,pl,TU,26X5.5,13,Gruhya- Prayoga ,13,60,C   ,,(??.????)
9373,2813,"?????? ??? ????
dv?da?a n?ma p?j?",,pl,N.Na,17X5,15,Pooja,10,25,Inc,,
9374,2814,"??????? 
r?m?ya?a? ",,pl,N.Na,28X5,1&99,Kavya,9,50,Inc,,
9375,2815," ???? ?????? ???????
 p?j? pray?ga sa?graha?",,pl,N.Na,26.5X5,1&25,Gruhya- Prayoga ,8,34,C   ,,
9376,2816,"?????? ??????
hariva??a pur??a?",,pl,N.Na,22X4.5,24,Purana,9,35,Inc,,
9377,2817,"???? ??????? ?????
???a?a sa?sk?ra vidhi?",,pl,N.Na,25X5,2&68,G- Prayoga   ,7,35,Inc,,
9378,2818,"??????????????? 
n?mali?g?nu??sana? ",,pl,N.Na,37X6,1&68,Nigantu,9,50,Inc,,
9379,2819,"?????? ??????
?gv?da sa?hit?",,pl,TU,26X5,1&84,Veda,10,41,Inc,,
9380,2820,"??????????????
pra?n???stra",,pl,TU,25X3,1&24,Jouitisa,7,&,&,,
9381,2821,"??????? ?????
muh?rta dar?ana",,pl,TU,20X5,60&151,Jouitisa,12,40,Inc,,
9382,2822,"??? ???????? (???)
?aiva sahasran?ma (?aiva)",,pl,TU,41X4,34,Stotra,7,&,Inc,,
9383,2823,"?????? ???????
sa?graha r?m?ya?a?",,pl,TU,24X5,64&196,Itihasa,9,40,Inc,,
9384,2824,"????????? 
gu??dhy?ya ",,pl,TU,20X4.5,65&147,Advaita,9,30,Inc,,
9385,2825,"???????????????
n?mali?g?nu??sana?",???????,pl,TU,,&,Nigantu,8,,,,
9386,2826,"?????? 
bh?gavata? ",?????,pl,TU,50X5,125,Purana,10,90,Inc,D,??. ???????? ??.??? ???????.
9387,2827,"??????? ?????????? 
vimukta m?h?tmya? ",?????,pl,TU,40X6,8&77,Mahatme,8,60,Inc,D,"??? ?????????????, ???? ??????????, ???? ??????? ??????????."
9388,2828,"??????? ???? ????? 
prasanna p?j? ma?tra ",-,pl,TU,39X5,15,Pooja,12,70,Inc,O/D,
9389,2829,"????????? ??????? 
sth?l?p?ka pray?ga? ",-,pl,TU,37X5,24,Gruhya- Prayoga ,6,50,Inc,O/D,
9390,2830,"??????????? ????? 
m?tasa?j?vini vrata? ",-,pl,N.Na,36X5,24,Vrata,8,70,Inc,O/D/W, ???? ???????? ???. ??????? ??????????.
9391,2831,"????????????? ????? ????? (????????)
tribh??yaratna prati ??khya (v?dasa?hita)",-,pl,N.Na,37X4,15&46,Veda,6,90,Inc,O/D/W,
9392,,,,,,,,,,,,,
9393,,,,,,,,,,,,,
9394,,,,,,,,,,,,,
9395,,,,,,,,,,,,,
9396,,,,,,,,,,,,,
9397,,,,,,,,,,,,,
9398,,,,,,,,,,,,,
9399,,,,,,,,,,,,,
9400,,,,,,,,,,,,,
9401,,,,,,,,,,,,,
9402,,,,,,,,,,,,,
9403,,,,,,,,,,,,,
9404,,,,,,,,,,,,,
9405,,,,,,,,,,,,,
9406,,,,,,,,,,,,,
9407,,,,,,,,,,,,,
9408,,,,,,,,,,,,,
9409,,,,,,,,,,,,,
9410,,,,,,,,,,,,,
9411,,,,,,,,,,,,,
9412,,,,,,,,,,,,,
9413,,,,,,,,,,,,,
9414,,,,,,,,,,,,,
9415,,,,,,,,,,,,,
9416,,,,,,,,,,,,,
9417,,,,,,,,,,,,,
9418,,,,,,,,,,,,,
9419,,,,,,,,,,,,,
9420,,,,,,,,,,,,,
9421,,,,,,,,,,,,,
9422,,,,,,,,,,,,,
9423,,,,,,,,,,,,,
9424,,,,,,,,,,,,,
9425,,,,,,,,,,,,,
9426,,,,,,,,,,,,,
9427,,,,,,,,,,,,,
9428,,,,,,,,,,,,,
9429,,,,,,,,,,,,,
9430,,,,,,,,,,,,,
9431,,,,,,,,,,,,,
9432,,,,,,,,,,,,,
9433,,,,,,,,,,,,,
9434,,,,,,,,,,,,,
9435,,,,,,,,,,,,,
9436,,,,,,,,,,,,,
9437,,,,,,,,,,,,,
9438,,,,,,,,,,,,,
9439,,,,,,,,,,,,,
9440,,,,,,,,,,,,,
9441,,,,,,,,,,,,,
9442,,,,,,,,,,,,,
9443,,,,,,,,,,,,,
9444,,,,,,,,,,,,,
9445,,,,,,,,,,,,,
9446,,,,,,,,,,,,,
9447,,,,,,,,,,,,,
9448,,,,,,,,,,,,,
9449,,,,,,,,,,,,,
9450,,,,,,,,,,,,,
9451,,,,,,,,,,,,,
9452,,,,,,,,,,,,,
9453,,,,,,,,,,,,,
9454,,,,,,,,,,,,,
9455,,,,,,,,,,,,,
9456,,,,,,,,,,,,,
9457,,,,,,,,,,,,,
9458,,,,,,,,,,,,,
9459,,,,,,,,,,,,,
9460,,,,,,,,,,,,,
9461,,,,,,,,,,,,,
9462,,,,,,,,,,,,,
9463,,,,,,,,,,,,,
9464,,,,,,,,,,,,,
9465,,,,,,,,,,,,,
9466,,,,,,,,,,,,,
9467,,,,,,,,,,,,,
9468,,,,,,,,,,,,,
9469,,,,,,,,,,,,,
9470,,,,,,,,,,,,,
9471,,,,,,,,,,,,,
9472,,,,,,,,,,,,,
9473,,,,,,,,,,,,,
9474,,,,,,,,,,,,,
9475,,,,,,,,,,,,,
9476,,,,,,,,,,,,,
9477,,,,,,,,,,,,,
9478,,,,,,,,,,,,,
9479,,,,,,,,,,,,,
9480,,,,,,,,,,,,,
9481,,,,,,,,,,,,,
9482,,,,,,,,,,,,,
9483,,,,,,,,,,,,,
9484,,,,,,,,,,,,,
9485,,,,,,,,,,,,,
9486,,,,,,,,,,,,,
9487,,,,,,,,,,,,,
9488,,,,,,,,,,,,,
9489,,,,,,,,,,,,,
9490,,,,,,,,,,,,,
9491,,,,,,,,,,,,,
9492,,,,,,,,,,,,,
9493,,,,,,,,,,,,,
9494,,,,,,,,,,,,,
9495,,,,,,,,,,,,,
9496,,,,,,,,,,,,,
9497,,,,,,,,,,,,,
9498,,,,,,,,,,,,,
9499,,,,,,,,,,,,,
9500,,,,,,,,,,,,,
9501,,,,,,,,,,,,,
9502,,,,,,,,,,,,,
9503,,,,,,,,,,,,,
9504,,,,,,,,,,,,,
9505,,,,,,,,,,,,,
9506,,,,,,,,,,,,,
9507,,,,,,,,,,,,,
9508,,,,,,,,,,,,,
9509,,,,,,,,,,,,,
9510,,,,,,,,,,,,,
9511,,,,,,,,,,,,,
9512,,,,,,,,,,,,,
9513,,,,,,,,,,,,,
9514,,,,,,,,,,,,,
9515,,,,,,,,,,,,,
9516,,,,,,,,,,,,,
9517,,,,,,,,,,,,,
9518,,,,,,,,,,,,,
9519,,,,,,,,,,,,,
9520,,,,,,,,,,,,,
9521,,,,,,,,,,,,,
9522,,,,,,,,,,,,,
9523,,,,,,,,,,,,,
9524,,,,,,,,,,,,,
9525,,,,,,,,,,,,,
9526,,,,,,,,,,,,,
9527,,,,,,,,,,,,,
9528,,,,,,,,,,,,,
9529,,,,,,,,,,,,,
9530,,,,,,,,,,,,,
9531,,,,,,,,,,,,,
9532,,,,,,,,,,,,,
9533,,,,,,,,,,,,,
9534,,,,,,,,,,,,,
9535,,,,,,,,,,,,,
9536,,,,,,,,,,,,,
9537,,,,,,,,,,,,,
9538,,,,,,,,,,,,,
9539,,,,,,,,,,,,,
9540,,,,,,,,,,,,,
9541,,,,,,,,,,,,,
9542,,,,,,,,,,,,,
9543,,,,,,,,,,,,,
9544,,,,,,,,,,,,,
9545,,,,,,,,,,,,,
9546,,,,,,,,,,,,,
9547,,,,,,,,,,,,,
9548,,,,,,,,,,,,,
9549,,,,,,,,,,,,,
9550,,,,,,,,,,,,,
9551,,,,,,,,,,,,,
9552,,,,,,,,,,,,,
9553,,,,,,,,,,,,,
9554,,,,,,,,,,,,,
9555,,,,,,,,,,,,,
9556,,,,,,,,,,,,,
9557,,,,,,,,,,,,,
9558,,,,,,,,,,,,,
9559,,,,,,,,,,,,,
9560,,,,,,,,,,,,,
9561,,,,,,,,,,,,,
9562,,,,,,,,,,,,,
9563,,,,,,,,,,,,,
9564,,,,,,,,,,,,,
9565,,,,,,,,,,,,,
9566,,,,,,,,,,,,,
9567,,,,,,,,,,,,,
9568,,,,,,,,,,,,,
9569,,,,,,,,,,,,,
9570,,,,,,,,,,,,,
9571,,,,,,,,,,,,,
9572,,,,,,,,,,,,,
9573,,,,,,,,,,,,,
9574,,,,,,,,,,,,,
9575,,,,,,,,,,,,,
9576,,,,,,,,,,,,,
9577,,,,,,,,,,,,,
9578,,,,,,,,,,,,,
9579,,,,,,,,,,,,,
9580,,,,,,,,,,,,,
9581,,,,,,,,,,,,,
9582,,,,,,,,,,,,,
9583,,,,,,,,,,,,,
9584,,,,,,,,,,,,,
9585,,,,,,,,,,,,,
9586,,,,,,,,,,,,,
9587,,,,,,,,,,,,,
9588,,,,,,,,,,,,,
9589,,,,,,,,,,,,,
9590,,,,,,,,,,,,,
9591,,,,,,,,,,,,,
9592,,,,,,,,,,,,,
9593,,,,,,,,,,,,,
9594,,,,,,,,,,,,,
9595,,,,,,,,,,,,,
9596,,,,,,,,,,,,,
9597,,,,,,,,,,,,,
9598,,,,,,,,,,,,,
9599,,,,,,,,,,,,,
9600,,,,,,,,,,,,,
9601,,,,,,,,,,,,,
9602,,,,,,,,,,,,,
9603,,,,,,,,,,,,,
9604,,,,,,,,,,,,,
9605,,,,,,,,,,,,,
9606,,,,,,,,,,,,,
9607,,,,,,,,,,,,,
9608,,,,,,,,,,,,,
9609,,,,,,,,,,,,,
9610,,,,,,,,,,,,,
9611,,,,,,,,,,,,,
9612,,,,,,,,,,,,,
9613,,,,,,,,,,,,,
9614,,,,,,,,,,,,,
9615,,,,,,,,,,,,,
9616,,,,,,,,,,,,,
9617,,,,,,,,,,,,,
9618,,,,,,,,,,,,,
9619,,,,,,,,,,,,,
9620,,,,,,,,,,,,,
9621,,,,,,,,,,,,,
9622,,,,,,,,,,,,,
9623,,,,,,,,,,,,,
9624,,,,,,,,,,,,,
9625,,,,,,,,,,,,,
9626,,,,,,,,,,,,,
9627,,,,,,,,,,,,,
9628,,,,,,,,,,,,,
9629,,,,,,,,,,,,,
9630,,,,,,,,,,,,,
9631,,,,,,,,,,,,,
9632,,,,,,,,,,,,,
9633,,,,,,,,,,,,,
9634,,,,,,,,,,,,,
9635,,,,,,,,,,,,,
9636,,,,,,,,,,,,,
9637,,,,,,,,,,,,,
9638,,,,,,,,,,,,,
9639,,,,,,,,,,,,,
9640,,,,,,,,,,,,,
9641,,,,,,,,,,,,,
9642,,,,,,,,,,,,,
9643,,,,,,,,,,,,,
9644,,,,,,,,,,,,,
9645,,,,,,,,,,,,,
9646,,,,,,,,,,,,,
9647,,,,,,,,,,,,,
9648,,,,,,,,,,,,,
9649,,,,,,,,,,,,,
9650,,,,,,,,,,,,,
9651,,,,,,,,,,,,,
9652,,,,,,,,,,,,,
9653,,,,,,,,,,,,,
9654,,,,,,,,,,,,,
9655,,,,,,,,,,,,,
9656,,,,,,,,,,,,,
9657,,,,,,,,,,,,,
9658,,,,,,,,,,,,,
9659,,,,,,,,,,,,,
9660,,,,,,,,,,,,,
9661,,,,,,,,,,,,,
9662,,,,,,,,,,,,,
9663,,,,,,,,,,,,,
9664,,,,,,,,,,,,,
9665,,,,,,,,,,,,,
9666,,,,,,,,,,,,,
9667,,,,,,,,,,,,,
9668,,,,,,,,,,,,,
9669,,,,,,,,,,,,,
9670,,,,,,,,,,,,,
9671,,,,,,,,,,,,,
9672,,,,,,,,,,,,,
9673,,,,,,,,,,,,,
9674,,,,,,,,,,,,,
9675,,,,,,,,,,,,,
9676,,,,,,,,,,,,,
9677,,,,,,,,,,,,,
9678,,,,,,,,,,,,,
9679,,,,,,,,,,,,,
9680,,,,,,,,,,,,,
9681,,,,,,,,,,,,,
9682,,,,,,,,,,,,,
9683,,,,,,,,,,,,,
9684,,,,,,,,,,,,,
9685,,,,,,,,,,,,,
9686,,,,,,,,,,,,,
9687,,,,,,,,,,,,,
9688,,,,,,,,,,,,,
9689,,,,,,,,,,,,,
9690,,,,,,,,,,,,,
9691,,,,,,,,,,,,,
9692,,,,,,,,,,,,,
9693,,,,,,,,,,,,,
9694,,,,,,,,,,,,,
9695,,,,,,,,,,,,,
9696,,,,,,,,,,,,,
9697,,,,,,,,,,,,,
9698,,,,,,,,,,,,,
9699,,,,,,,,,,,,,
9700,,,,,,,,,,,,,
9701,,,,,,,,,,,,,
9702,,,,,,,,,,,,,
9703,,,,,,,,,,,,,
9704,,,,,,,,,,,,,
9705,,,,,,,,,,,,,
9706,,,,,,,,,,,,,
9707,,,,,,,,,,,,,
9708,,,,,,,,,,,,,
9709,,,,,,,,,,,,,
9710,,,,,,,,,,,,,
9711,,,,,,,,,,,,,
9712,,,,,,,,,,,,,
9713,,,,,,,,,,,,,
9714,,,,,,,,,,,,,
9715,,,,,,,,,,,,,
9716,,,,,,,,,,,,,
9717,,,,,,,,,,,,,
9718,,,,,,,,,,,,,
9719,,,,,,,,,,,,,
9720,,,,,,,,,,,,,
9721,,,,,,,,,,,,,
9722,,,,,,,,,,,,,
9723,,,,,,,,,,,,,
9724,,,,,,,,,,,,,
9725,,,,,,,,,,,,,
9726,,,,,,,,,,,,,
9727,,,,,,,,,,,,,
9728,,,,,,,,,,,,,
9729,,,,,,,,,,,,,
9730,,,,,,,,,,,,,
9731,,,,,,,,,,,,,
9732,,,,,,,,,,,,,
9733,,,,,,,,,,,,,
9734,,,,,,,,,,,,,
9735,,,,,,,,,,,,,
9736,,,,,,,,,,,,,
9737,,,,,,,,,,,,,
9738,,,,,,,,,,,,,
9739,,,,,,,,,,,,,
9740,,,,,,,,,,,,,
9741,,,,,,,,,,,,,
9742,,,,,,,,,,,,,
9743,,,,,,,,,,,,,
9744,,,,,,,,,,,,,
9745,,,,,,,,,,,,,
9746,,,,,,,,,,,,,
9747,,,,,,,,,,,,,
9748,,,,,,,,,,,,,
9749,,,,,,,,,,,,,
9750,,,,,,,,,,,,,
9751,,,,,,,,,,,,,
9752,,,,,,,,,,,,,
9753,,,,,,,,,,,,,
9754,,,,,,,,,,,,,
9755,,,,,,,,,,,,,
9756,,,,,,,,,,,,,
9757,,,,,,,,,,,,,
9758,,,,,,,,,,,,,
9759,,,,,,,,,,,,,
9760,,,,,,,,,,,,,
9761,,,,,,,,,,,,,
9762,,,,,,,,,,,,,
9763,,,,,,,,,,,,,
9764,,,,,,,,,,,,,
9765,,,,,,,,,,,,,
9766,,,,,,,,,,,,,
9767,,,,,,,,,,,,,
9768,,,,,,,,,,,,,
9769,,,,,,,,,,,,,
9770,,,,,,,,,,,,,
9771,,,,,,,,,,,,,
9772,,,,,,,,,,,,,
9773,,,,,,,,,,,,,
9774,,,,,,,,,,,,,
9775,,,,,,,,,,,,,
9776,,,,,,,,,,,,,
9777,,,,,,,,,,,,,
9778,,,,,,,,,,,,,
9779,,,,,,,,,,,,,
9780,,,,,,,,,,,,,
9781,,,,,,,,,,,,,
9782,,,,,,,,,,,,,
9783,,,,,,,,,,,,,
9784,,,,,,,,,,,,,
9785,,,,,,,,,,,,,
9786,,,,,,,,,,,,,
9787,,,,,,,,,,,,,
9788,,,,,,,,,,,,,
9789,,,,,,,,,,,,,
9790,,,,,,,,,,,,,
9791,,,,,,,,,,,,,
9792,,,,,,,,,,,,,
9793,,,,,,,,,,,,,
9794,,,,,,,,,,,,,
9795,,,,,,,,,,,,,
9796,,,,,,,,,,,,,
9797,,,,,,,,,,,,,
9798,,,,,,,,,,,,,
9799,,,,,,,,,,,,,
9800,,,,,,,,,,,,,
9801,,,,,,,,,,,,,
9802,,,,,,,,,,,,,
9803,,,,,,,,,,,,,
9804,,,,,,,,,,,,,
9805,,,,,,,,,,,,,
9806,,,,,,,,,,,,,
9807,,,,,,,,,,,,,
9808,,,,,,,,,,,,,
9809,,,,,,,,,,,,,
9810,,,,,,,,,,,,,
9811,,,,,,,,,,,,,
9812,,,,,,,,,,,,,
9813,,,,,,,,,,,,,
9814,,,,,,,,,,,,,
9815,,,,,,,,,,,,,
9816,,,,,,,,,,,,,
9817,,,,,,,,,,,,,
9818,,,,,,,,,,,,,
9819,,,,,,,,,,,,,
9820,,,,,,,,,,,,,
9821,,,,,,,,,,,,,
9822,,,,,,,,,,,,,
9823,,,,,,,,,,,,,
9824,,,,,,,,,,,,,
9825,,,,,,,,,,,,,
9826,,,,,,,,,,,,,
9827,,,,,,,,,,,,,
9828,,,,,,,,,,,,,
9829,,,,,,,,,,,,,
9830,,,,,,,,,,,,,
9831,,,,,,,,,,,,,
9832,,,,,,,,,,,,,
9833,,,,,,,,,,,,,
9834,,,,,,,,,,,,,
9835,,,,,,,,,,,,,
9836,,,,,,,,,,,,,
9837,,,,,,,,,,,,,
9838,,,,,,,,,,,,,
9839,,,,,,,,,,,,,
9840,,,,,,,,,,,,,
9841,,,,,,,,,,,,,
9842,,,,,,,,,,,,,
9843,,,,,,,,,,,,,
9844,,,,,,,,,,,,,
9845,,,,,,,,,,,,,
9846,,,,,,,,,,,,,
9847,,,,,,,,,,,,,
9848,,,,,,,,,,,,,
9849,,,,,,,,,,,,,
9850,,,,,,,,,,,,,
9851,,,,,,,,,,,,,
9852,,,,,,,,,,,,,
9853,,,,,,,,,,,,,
9854,,,,,,,,,,,,,
9855,,,,,,,,,,,,,
9856,,,,,,,,,,,,,
9857,,,,,,,,,,,,,
9858,,,,,,,,,,,,,
9859,,,,,,,,,,,,,
9860,,,,,,,,,,,,,
9861,,,,,,,,,,,,,
9862,,,,,,,,,,,,,
9863,,,,,,,,,,,,,
9864,,,,,,,,,,,,,
9865,,,,,,,,,,,,,
9866,,,,,,,,,,,,,
9867,,,,,,,,,,,,,
9868,,,,,,,,,,,,,
9869,,,,,,,,,,,,,
9870,,,,,,,,,,,,,
9871,,,,,,,,,,,,,
9872,,,,,,,,,,,,,
9873,,,,,,,,,,,,,
9874,,,,,,,,,,,,,
9875,,,,,,,,,,,,,
9876,,,,,,,,,,,,,
9877,,,,,,,,,,,,,
9878,,,,,,,,,,,,,
9879,,,,,,,,,,,,,
9880,,,,,,,,,,,,,
9881,,,,,,,,,,,,,
9882,,,,,,,,,,,,,
9883,,,,,,,,,,,,,
9884,,,,,,,,,,,,,
9885,,,,,,,,,,,,,
9886,,,,,,,,,,,,,
9887,,,,,,,,,,,,,
9888,,,,,,,,,,,,,
9889,,,,,,,,,,,,,
9890,,,,,,,,,,,,,
9891,,,,,,,,,,,,,
9892,,,,,,,,,,,,,
9893,,,,,,,,,,,,,
9894,,,,,,,,,,,,,
9895,,,,,,,,,,,,,
9896,,,,,,,,,,,,,
9897,,,,,,,,,,,,,
9898,,,,,,,,,,,,,
9899,,,,,,,,,,,,,
9900,,,,,,,,,,,,,
9901,,,,,,,,,,,,,
9902,,,,,,,,,,,,,
9903,,,,,,,,,,,,,
9904,,,,,,,,,,,,,
9905,,,,,,,,,,,,,
9906,,,,,,,,,,,,,
9907,,,,,,,,,,,,,
9908,,,,,,,,,,,,,
9909,,,,,,,,,,,,,
9910,,,,,,,,,,,,,
9911,,,,,,,,,,,,,
9912,,,,,,,,,,,,,
9913,,,,,,,,,,,,,
9914,,,,,,,,,,,,,
9915,,,,,,,,,,,,,
9916,,,,,,,,,,,,,
9917,,,,,,,,,,,,,
9918,,,,,,,,,,,,,
9919,,,,,,,,,,,,,
9920,,,,,,,,,,,,,
9921,,,,,,,,,,,,,
9922,,,,,,,,,,,,,
9923,,,,,,,,,,,,,
9924,,,,,,,,,,,,,
9925,,,,,,,,,,,,,
9926,,,,,,,,,,,,,
9927,,,,,,,,,,,,,
9928,,,,,,,,,,,,,
9929,,,,,,,,,,,,,
9930,,,,,,,,,,,,,
9931,,,,,,,,,,,,,
9932,,,,,,,,,,,,,
9933,,,,,,,,,,,,,
9934,,,,,,,,,,,,,
9935,,,,,,,,,,,,,
9936,,,,,,,,,,,,,
9937,,,,,,,,,,,,,
9938,,,,,,,,,,,,,
9939,,,,,,,,,,,,,
9940,,,,,,,,,,,,,
9941,,,,,,,,,,,,,
9942,,,,,,,,,,,,,
9943,,,,,,,,,,,,,
9944,,,,,,,,,,,,,
9945,,,,,,,,,,,,,
9946,,,,,,,,,,,,,
9947,,,,,,,,,,,,,
9948,,,,,,,,,,,,,
9949,,,,,,,,,,,,,
9950,,,,,,,,,,,,,
9951,,,,,,,,,,,,,
9952,,,,,,,,,,,,,
9953,,,,,,,,,,,,,
9954,,,,,,,,,,,,,
9955,,,,,,,,,,,,,
9956,,,,,,,,,,,,,
9957,,,,,,,,,,,,,
9958,,,,,,,,,,,,,
9959,,,,,,,,,,,,,
9960,,,,,,,,,,,,,
9961,,,,,,,,,,,,,
9962,,,,,,,,,,,,,
9963,,,,,,,,,,,,,
9964,,,,,,,,,,,,,
9965,,,,,,,,,,,,,
9966,,,,,,,,,,,,,
9967,,,,,,,,,,,,,
9968,,,,,,,,,,,,,
9969,,,,,,,,,,,,,
9970,,,,,,,,,,,,,
9971,,,,,,,,,,,,,
9972,,,,,,,,,,,,,
9973,,,,,,,,,,,,,
9974,,,,,,,,,,,,,
9975,,,,,,,,,,,,,
9976,,,,,,,,,,,,,
9977,,,,,,,,,,,,,
9978,,,,,,,,,,,,,
9979,,,,,,,,,,,,,
9980,,,,,,,,,,,,,
9981,,,,,,,,,,,,,
9982,,,,,,,,,,,,,
9983,,,,,,,,,,,,,
9984,,,,,,,,,,,,,
9985,,,,,,,,,,,,,
9986,,,,,,,,,,,,,
9987,,,,,,,,,,,,,
9988,,,,,,,,,,,,,
9989,,,,,,,,,,,,,
9990,,,,,,,,,,,,,
9991,,,,,,,,,,,,,
9992,,,,,,,,,,,,,
9993,,,,,,,,,,,,,
9994,,,,,,,,,,,,,
9995,,,,,,,,,,,,,
9996,,,,,,,,,,,,,
9997,,,,,,,,,,,,,
9998,,,,,,,,,,,,,
9999,,,,,,,,,,,,,
10000,,,,,,,,,,,,,
